identity_id,role_id,scope,edge_type
ID_01471,CR00549,tenant_scope,temporary_role
ID_01162,CR00127,resource_scope,assigned_role
ID_01082,CR01359,resource_scope,temporary_role
ID_01169,CR00901,resource_scope,federated_access
ID_00476,CR00780,zone_scope,temporary_role
ID_00351,CR01933,zone_scope,inherited_role
ID_00404,CR01363,resource_scope,temporary_role
ID_01042,CR00212,tenant_scope,federated_access
ID_00303,CR01606,resource_scope,temporary_role
ID_00632,CR00805,tenant_scope,elevated_session
ID_01653,CR00530,resource_scope,elevated_session
ID_00486,CR00674,zone_scope,assigned_role
ID_01463,CR01061,resource_scope,temporary_role
ID_00469,CR00488,resource_scope,elevated_session
ID_00282,CR00688,resource_scope,assigned_role
ID_00170,CR00073,zone_scope,inherited_role
ID_01342,CR00621,resource_scope,elevated_session
ID_01189,CR01248,resource_scope,elevated_session
ID_00369,CR00041,resource_scope,elevated_session
ID_01431,CR00078,zone_scope,elevated_session
ID_00710,CR00371,resource_scope,federated_access
ID_01195,CR00542,resource_scope,federated_access
ID_01223,CR00353,resource_scope,temporary_role
ID_01245,CR01006,tenant_scope,assigned_role
ID_01866,CR00183,resource_scope,elevated_session
ID_00105,CR01481,global_scope,assigned_role
ID_00902,CR01554,resource_scope,temporary_role
ID_01887,CR01323,resource_scope,assigned_role
ID_01717,CR00472,resource_scope,temporary_role
ID_00201,CR01448,zone_scope,elevated_session
ID_00429,CR00223,resource_scope,inherited_role
ID_00181,CR01244,zone_scope,federated_access
ID_01562,CR01622,resource_scope,inherited_role
ID_01307,CR01842,zone_scope,assigned_role
ID_01297,CR00549,tenant_scope,assigned_role
ID_01841,CR00775,resource_scope,federated_access
ID_00723,CR00330,resource_scope,inherited_role
ID_00436,CR01743,zone_scope,temporary_role
ID_00225,CR01167,resource_scope,temporary_role
ID_00062,CR01109,tenant_scope,temporary_role
ID_00371,CR00278,resource_scope,temporary_role
ID_00607,CR01802,resource_scope,assigned_role
ID_00255,CR00898,tenant_scope,temporary_role
ID_01879,CR00477,resource_scope,inherited_role
ID_01818,CR00869,resource_scope,elevated_session
ID_00271,CR01116,resource_scope,federated_access
ID_01016,CR01142,resource_scope,assigned_role
ID_00071,CR01175,global_scope,inherited_role
ID_00661,CR00277,resource_scope,inherited_role
ID_00841,CR01814,tenant_scope,federated_access
ID_01863,CR01146,resource_scope,assigned_role
ID_00399,CR00396,resource_scope,inherited_role
ID_00619,CR01689,resource_scope,temporary_role
ID_01156,CR00212,zone_scope,temporary_role
ID_01159,CR00983,zone_scope,federated_access
ID_00936,CR00927,tenant_scope,temporary_role
ID_01895,CR01342,zone_scope,elevated_session
ID_00841,CR00698,resource_scope,temporary_role
ID_00326,CR01761,zone_scope,assigned_role
ID_01985,CR01859,zone_scope,temporary_role
ID_00537,CR01535,resource_scope,temporary_role
ID_00727,CR01424,resource_scope,assigned_role
ID_00925,CR00805,resource_scope,temporary_role
ID_01836,CR01969,resource_scope,elevated_session
ID_00195,CR00518,zone_scope,inherited_role
ID_01877,CR01650,tenant_scope,assigned_role
ID_00534,CR01218,tenant_scope,federated_access
ID_01680,CR01024,global_scope,temporary_role
ID_00830,CR01061,tenant_scope,inherited_role
ID_00853,CR00194,tenant_scope,inherited_role
ID_01554,CR01735,zone_scope,elevated_session
ID_01748,CR00545,tenant_scope,elevated_session
ID_01413,CR01025,resource_scope,assigned_role
ID_00194,CR01446,resource_scope,assigned_role
ID_01756,CR01999,resource_scope,inherited_role
ID_00089,CR01523,resource_scope,federated_access
ID_00532,CR01249,resource_scope,temporary_role
ID_00294,CR01783,zone_scope,inherited_role
ID_00063,CR00822,zone_scope,inherited_role
ID_01868,CR01481,resource_scope,federated_access
ID_00711,CR01361,resource_scope,assigned_role
ID_00355,CR01224,resource_scope,temporary_role
ID_01738,CR01714,resource_scope,federated_access
ID_01102,CR01418,resource_scope,federated_access
ID_01449,CR01948,tenant_scope,federated_access
ID_01205,CR00213,global_scope,assigned_role
ID_01773,CR00352,tenant_scope,inherited_role
ID_00976,CR01563,zone_scope,assigned_role
ID_00639,CR01382,resource_scope,elevated_session
ID_00030,CR01725,resource_scope,elevated_session
ID_01676,CR01608,zone_scope,federated_access
ID_00018,CR01252,resource_scope,temporary_role
ID_00292,CR00295,zone_scope,temporary_role
ID_00247,CR01905,resource_scope,elevated_session
ID_00679,CR01440,zone_scope,federated_access
ID_01336,CR00939,resource_scope,elevated_session
ID_01611,CR00301,resource_scope,elevated_session
ID_00755,CR01476,tenant_scope,temporary_role
ID_01623,CR01802,global_scope,inherited_role
ID_01779,CR00682,resource_scope,inherited_role
ID_01391,CR01035,zone_scope,federated_access
ID_01910,CR00848,resource_scope,inherited_role
ID_01224,CR01002,global_scope,temporary_role
ID_00798,CR01268,resource_scope,elevated_session
ID_00528,CR01688,resource_scope,elevated_session
ID_01954,CR00818,zone_scope,assigned_role
ID_00722,CR00611,global_scope,elevated_session
ID_01448,CR01278,resource_scope,federated_access
ID_00740,CR01614,zone_scope,temporary_role
ID_00538,CR01459,zone_scope,temporary_role
ID_00598,CR00665,zone_scope,temporary_role
ID_00740,CR01372,zone_scope,temporary_role
ID_00761,CR00386,resource_scope,inherited_role
ID_00964,CR01044,resource_scope,federated_access
ID_01030,CR01906,zone_scope,elevated_session
ID_00308,CR00775,resource_scope,federated_access
ID_01913,CR00760,resource_scope,inherited_role
ID_01097,CR00815,resource_scope,elevated_session
ID_00163,CR01713,resource_scope,inherited_role
ID_01836,CR00717,zone_scope,elevated_session
ID_00775,CR00855,resource_scope,federated_access
ID_00989,CR00558,tenant_scope,inherited_role
ID_00972,CR00352,tenant_scope,inherited_role
ID_01681,CR01731,tenant_scope,temporary_role
ID_01454,CR00638,resource_scope,federated_access
ID_01575,CR01460,tenant_scope,federated_access
ID_00303,CR01415,resource_scope,assigned_role
ID_00135,CR00222,resource_scope,inherited_role
ID_01367,CR01704,tenant_scope,federated_access
ID_00864,CR00541,resource_scope,inherited_role
ID_01324,CR01449,resource_scope,federated_access
ID_01065,CR00927,global_scope,elevated_session
ID_01795,CR01746,zone_scope,federated_access
ID_01417,CR01951,tenant_scope,inherited_role
ID_00333,CR00305,tenant_scope,federated_access
ID_00359,CR00509,resource_scope,elevated_session
ID_01429,CR00084,global_scope,federated_access
ID_00041,CR00103,resource_scope,inherited_role
ID_00738,CR01476,resource_scope,assigned_role
ID_00388,CR01097,tenant_scope,elevated_session
ID_00585,CR00096,zone_scope,inherited_role
ID_00804,CR00640,resource_scope,temporary_role
ID_01025,CR01954,tenant_scope,inherited_role
ID_01758,CR00848,resource_scope,temporary_role
ID_01291,CR01981,tenant_scope,inherited_role
ID_00659,CR00910,resource_scope,temporary_role
ID_00326,CR00610,resource_scope,elevated_session
ID_00754,CR00510,resource_scope,assigned_role
ID_00516,CR00870,resource_scope,inherited_role
ID_00150,CR00515,resource_scope,federated_access
ID_01439,CR01941,resource_scope,temporary_role
ID_00116,CR01294,global_scope,federated_access
ID_01534,CR00236,resource_scope,assigned_role
ID_01376,CR00402,resource_scope,federated_access
ID_00911,CR01539,zone_scope,inherited_role
ID_01514,CR00433,tenant_scope,federated_access
ID_00260,CR00343,tenant_scope,inherited_role
ID_01533,CR01307,resource_scope,federated_access
ID_00734,CR00824,resource_scope,elevated_session
ID_01997,CR00879,resource_scope,inherited_role
ID_00313,CR01378,tenant_scope,federated_access
ID_00530,CR00487,resource_scope,inherited_role
ID_00912,CR01952,resource_scope,elevated_session
ID_01388,CR00014,tenant_scope,elevated_session
ID_01005,CR01516,zone_scope,federated_access
ID_01089,CR00725,tenant_scope,assigned_role
ID_00965,CR01163,resource_scope,temporary_role
ID_01033,CR00640,resource_scope,elevated_session
ID_01840,CR01953,global_scope,elevated_session
ID_00534,CR01007,global_scope,inherited_role
ID_01225,CR01770,global_scope,assigned_role
ID_01112,CR01430,resource_scope,temporary_role
ID_01849,CR01933,resource_scope,assigned_role
ID_00345,CR01232,resource_scope,federated_access
ID_00647,CR01631,resource_scope,elevated_session
ID_00886,CR01337,zone_scope,inherited_role
ID_01253,CR00538,zone_scope,federated_access
ID_00038,CR01923,resource_scope,assigned_role
ID_01773,CR00671,tenant_scope,inherited_role
ID_01504,CR01207,resource_scope,federated_access
ID_01190,CR01667,resource_scope,assigned_role
ID_00077,CR01872,resource_scope,assigned_role
ID_01437,CR00493,resource_scope,elevated_session
ID_01877,CR01404,tenant_scope,assigned_role
ID_00506,CR01557,resource_scope,elevated_session
ID_01049,CR00408,zone_scope,temporary_role
ID_01031,CR00361,resource_scope,federated_access
ID_00670,CR00583,tenant_scope,temporary_role
ID_01533,CR01134,resource_scope,assigned_role
ID_00120,CR01684,tenant_scope,inherited_role
ID_00331,CR01403,tenant_scope,federated_access
ID_00434,CR00777,resource_scope,elevated_session
ID_00195,CR00071,resource_scope,federated_access
ID_00233,CR00688,global_scope,inherited_role
ID_00439,CR00086,zone_scope,assigned_role
ID_01815,CR00261,tenant_scope,temporary_role
ID_00978,CR01777,zone_scope,inherited_role
ID_00141,CR00913,zone_scope,federated_access
ID_01604,CR01091,resource_scope,temporary_role
ID_01225,CR01414,tenant_scope,elevated_session
ID_00151,CR01125,resource_scope,federated_access
ID_00375,CR01542,tenant_scope,assigned_role
ID_00599,CR01206,zone_scope,inherited_role
ID_01311,CR00695,global_scope,assigned_role
ID_00710,CR00546,global_scope,elevated_session
ID_00199,CR00828,tenant_scope,federated_access
ID_00503,CR00854,resource_scope,federated_access
ID_00029,CR01368,tenant_scope,assigned_role
ID_01306,CR00606,resource_scope,elevated_session
ID_01283,CR00864,resource_scope,federated_access
ID_01545,CR00030,resource_scope,assigned_role
ID_01239,CR00658,tenant_scope,federated_access
ID_01123,CR01511,tenant_scope,temporary_role
ID_00501,CR00365,tenant_scope,inherited_role
ID_01066,CR01491,zone_scope,inherited_role
ID_01302,CR01474,resource_scope,temporary_role
ID_01655,CR01606,tenant_scope,federated_access
ID_01763,CR00020,tenant_scope,elevated_session
ID_01084,CR00429,resource_scope,assigned_role
ID_01750,CR01240,zone_scope,temporary_role
ID_00976,CR00339,tenant_scope,assigned_role
ID_00311,CR00137,tenant_scope,inherited_role
ID_01565,CR01275,tenant_scope,assigned_role
ID_00498,CR01390,global_scope,elevated_session
ID_00884,CR01611,resource_scope,inherited_role
ID_01473,CR00582,resource_scope,temporary_role
ID_00994,CR01250,resource_scope,temporary_role
ID_01643,CR00246,resource_scope,assigned_role
ID_01441,CR01913,tenant_scope,assigned_role
ID_01837,CR01356,resource_scope,temporary_role
ID_01057,CR00227,zone_scope,temporary_role
ID_00520,CR01916,resource_scope,elevated_session
ID_01123,CR00100,global_scope,assigned_role
ID_00699,CR01456,zone_scope,temporary_role
ID_00258,CR00061,resource_scope,federated_access
ID_01740,CR01550,resource_scope,federated_access
ID_00211,CR00649,resource_scope,federated_access
ID_00126,CR01932,zone_scope,federated_access
ID_01438,CR00149,global_scope,assigned_role
ID_00965,CR01175,tenant_scope,federated_access
ID_01227,CR01569,resource_scope,temporary_role
ID_00913,CR00484,resource_scope,federated_access
ID_01056,CR01644,resource_scope,inherited_role
ID_01985,CR00951,zone_scope,inherited_role
ID_00875,CR00128,resource_scope,inherited_role
ID_00996,CR01445,zone_scope,elevated_session
ID_01242,CR00064,resource_scope,federated_access
ID_00586,CR00404,zone_scope,inherited_role
ID_01923,CR00696,zone_scope,federated_access
ID_01142,CR01813,resource_scope,temporary_role
ID_01726,CR01907,tenant_scope,assigned_role
ID_01987,CR01589,tenant_scope,federated_access
ID_00165,CR01172,resource_scope,elevated_session
ID_00612,CR00050,resource_scope,federated_access
ID_00093,CR00978,resource_scope,elevated_session
ID_01771,CR01582,resource_scope,assigned_role
ID_01766,CR00395,tenant_scope,assigned_role
ID_01815,CR01742,tenant_scope,assigned_role
ID_00316,CR00725,zone_scope,elevated_session
ID_01451,CR00364,zone_scope,inherited_role
ID_01313,CR01394,resource_scope,elevated_session
ID_00852,CR00943,zone_scope,elevated_session
ID_01374,CR01694,tenant_scope,inherited_role
ID_00120,CR01477,resource_scope,temporary_role
ID_01297,CR00269,tenant_scope,inherited_role
ID_01217,CR01432,resource_scope,assigned_role
ID_01819,CR01514,global_scope,assigned_role
ID_01869,CR00420,tenant_scope,temporary_role
ID_01435,CR01109,resource_scope,federated_access
ID_00396,CR00034,resource_scope,federated_access
ID_01871,CR01707,resource_scope,temporary_role
ID_00579,CR00474,resource_scope,temporary_role
ID_01262,CR01086,resource_scope,temporary_role
ID_01767,CR01219,resource_scope,temporary_role
ID_00225,CR00539,zone_scope,elevated_session
ID_00329,CR00353,resource_scope,inherited_role
ID_00881,CR01894,resource_scope,inherited_role
ID_01966,CR00880,zone_scope,assigned_role
ID_01242,CR00648,zone_scope,elevated_session
ID_01100,CR00922,resource_scope,inherited_role
ID_01748,CR01673,resource_scope,elevated_session
ID_00708,CR01135,resource_scope,federated_access
ID_00794,CR00705,tenant_scope,elevated_session
ID_00531,CR01072,resource_scope,temporary_role
ID_01628,CR01518,resource_scope,inherited_role
ID_01385,CR01547,resource_scope,elevated_session
ID_00106,CR01217,resource_scope,elevated_session
ID_00293,CR00101,zone_scope,federated_access
ID_00621,CR00385,zone_scope,inherited_role
ID_00046,CR01893,zone_scope,federated_access
ID_00217,CR00959,resource_scope,inherited_role
ID_01891,CR01862,resource_scope,elevated_session
ID_00853,CR00404,tenant_scope,inherited_role
ID_01101,CR00145,resource_scope,temporary_role
ID_01763,CR00152,tenant_scope,inherited_role
ID_01738,CR01262,resource_scope,federated_access
ID_01681,CR00509,zone_scope,federated_access
ID_00792,CR00322,resource_scope,elevated_session
ID_01985,CR01314,zone_scope,temporary_role
ID_00715,CR01908,resource_scope,federated_access
ID_00756,CR01996,tenant_scope,assigned_role
ID_00825,CR00340,resource_scope,elevated_session
ID_00431,CR01619,resource_scope,assigned_role
ID_00950,CR01612,resource_scope,elevated_session
ID_00718,CR01707,zone_scope,federated_access
ID_01663,CR01417,resource_scope,assigned_role
ID_00827,CR00078,resource_scope,federated_access
ID_00620,CR01192,resource_scope,federated_access
ID_01394,CR01289,zone_scope,assigned_role
ID_01407,CR01594,resource_scope,assigned_role
ID_01648,CR00806,resource_scope,federated_access
ID_01410,CR01709,global_scope,elevated_session
ID_00901,CR00346,resource_scope,temporary_role
ID_01533,CR00707,resource_scope,assigned_role
ID_01898,CR00062,resource_scope,temporary_role
ID_01423,CR01343,resource_scope,federated_access
ID_01956,CR00003,zone_scope,assigned_role
ID_00223,CR00930,zone_scope,inherited_role
ID_00240,CR00789,zone_scope,inherited_role
ID_01345,CR01700,resource_scope,inherited_role
ID_00113,CR01476,zone_scope,elevated_session
ID_00422,CR00274,resource_scope,elevated_session
ID_00034,CR00054,resource_scope,federated_access
ID_01313,CR00258,resource_scope,elevated_session
ID_00431,CR00398,resource_scope,federated_access
ID_01485,CR01093,resource_scope,elevated_session
ID_00543,CR01906,resource_scope,inherited_role
ID_01465,CR00522,resource_scope,assigned_role
ID_00310,CR01417,zone_scope,temporary_role
ID_00587,CR00969,resource_scope,temporary_role
ID_00976,CR01314,resource_scope,assigned_role
ID_01086,CR01287,zone_scope,assigned_role
ID_01304,CR00605,zone_scope,elevated_session
ID_00437,CR01146,zone_scope,assigned_role
ID_00529,CR01939,resource_scope,federated_access
ID_00858,CR00334,zone_scope,elevated_session
ID_00785,CR01198,resource_scope,temporary_role
ID_01428,CR00786,resource_scope,federated_access
ID_01897,CR00979,tenant_scope,inherited_role
ID_00747,CR00941,tenant_scope,federated_access
ID_00648,CR01183,zone_scope,temporary_role
ID_00989,CR00746,zone_scope,inherited_role
ID_01641,CR01497,resource_scope,federated_access
ID_01860,CR00392,resource_scope,temporary_role
ID_01836,CR01635,resource_scope,elevated_session
ID_01967,CR01655,tenant_scope,inherited_role
ID_00130,CR00160,tenant_scope,assigned_role
ID_00637,CR00026,zone_scope,elevated_session
ID_00713,CR01253,resource_scope,temporary_role
ID_00134,CR00141,zone_scope,temporary_role
ID_00762,CR01259,resource_scope,federated_access
ID_01204,CR01836,global_scope,federated_access
ID_00310,CR01590,tenant_scope,assigned_role
ID_01526,CR01880,zone_scope,federated_access
ID_00284,CR01411,tenant_scope,temporary_role
ID_01519,CR01198,resource_scope,temporary_role
ID_01341,CR01936,tenant_scope,temporary_role
ID_01474,CR01389,zone_scope,federated_access
ID_01019,CR01106,tenant_scope,elevated_session
ID_01192,CR00859,resource_scope,federated_access
ID_00181,CR01382,resource_scope,temporary_role
ID_00426,CR00434,resource_scope,assigned_role
ID_01246,CR00833,resource_scope,federated_access
ID_00195,CR01074,resource_scope,inherited_role
ID_01929,CR01150,resource_scope,federated_access
ID_01423,CR00272,zone_scope,assigned_role
ID_01646,CR00556,tenant_scope,elevated_session
ID_00691,CR00752,resource_scope,assigned_role
ID_01666,CR00696,resource_scope,assigned_role
ID_01749,CR00585,global_scope,inherited_role
ID_01721,CR00261,resource_scope,inherited_role
ID_01210,CR01042,resource_scope,federated_access
ID_01169,CR00507,resource_scope,assigned_role
ID_00003,CR01910,tenant_scope,federated_access
ID_00921,CR01485,resource_scope,temporary_role
ID_00513,CR00995,tenant_scope,elevated_session
ID_00855,CR01619,tenant_scope,elevated_session
ID_01062,CR01266,global_scope,elevated_session
ID_01531,CR00160,resource_scope,temporary_role
ID_00545,CR00201,zone_scope,inherited_role
ID_01214,CR01105,resource_scope,assigned_role
ID_01071,CR00853,global_scope,elevated_session
ID_00203,CR00170,resource_scope,elevated_session
ID_01424,CR01115,resource_scope,elevated_session
ID_00352,CR01547,resource_scope,federated_access
ID_01610,CR00097,tenant_scope,federated_access
ID_01398,CR00410,tenant_scope,federated_access
ID_00125,CR00088,resource_scope,assigned_role
ID_00184,CR01111,tenant_scope,federated_access
ID_01303,CR00231,zone_scope,federated_access
ID_00275,CR01152,tenant_scope,assigned_role
ID_00857,CR00682,resource_scope,assigned_role
ID_01109,CR00773,resource_scope,temporary_role
ID_00047,CR01274,zone_scope,assigned_role
ID_01953,CR01531,tenant_scope,temporary_role
ID_00573,CR00811,resource_scope,temporary_role
ID_00014,CR01654,zone_scope,temporary_role
ID_00974,CR01311,resource_scope,inherited_role
ID_01467,CR01420,resource_scope,temporary_role
ID_00851,CR01256,resource_scope,elevated_session
ID_00966,CR00069,tenant_scope,inherited_role
ID_01976,CR01582,zone_scope,temporary_role
ID_00415,CR01750,global_scope,elevated_session
ID_00378,CR00700,resource_scope,assigned_role
ID_01755,CR01022,resource_scope,elevated_session
ID_01921,CR01929,resource_scope,temporary_role
ID_00724,CR00876,resource_scope,temporary_role
ID_00705,CR00023,resource_scope,temporary_role
ID_01296,CR01923,resource_scope,temporary_role
ID_00479,CR01653,tenant_scope,assigned_role
ID_01341,CR00972,resource_scope,elevated_session
ID_00633,CR00299,zone_scope,federated_access
ID_01265,CR00837,zone_scope,federated_access
ID_00596,CR01886,resource_scope,federated_access
ID_00649,CR01620,resource_scope,inherited_role
ID_01271,CR00237,resource_scope,inherited_role
ID_01193,CR00585,resource_scope,assigned_role
ID_00336,CR00118,resource_scope,assigned_role
ID_01287,CR01159,resource_scope,assigned_role
ID_00482,CR01338,tenant_scope,elevated_session
ID_00713,CR01403,resource_scope,temporary_role
ID_00547,CR01472,resource_scope,inherited_role
ID_00862,CR00616,resource_scope,elevated_session
ID_01825,CR01430,tenant_scope,elevated_session
ID_00744,CR01617,resource_scope,federated_access
ID_00898,CR00536,tenant_scope,elevated_session
ID_00008,CR00675,tenant_scope,temporary_role
ID_00846,CR01467,resource_scope,elevated_session
ID_00159,CR01061,resource_scope,elevated_session
ID_01644,CR01678,zone_scope,federated_access
ID_01207,CR01749,zone_scope,assigned_role
ID_00359,CR00792,tenant_scope,assigned_role
ID_01550,CR01613,zone_scope,elevated_session
ID_00335,CR00905,resource_scope,inherited_role
ID_00869,CR00161,resource_scope,inherited_role
ID_00156,CR00565,resource_scope,elevated_session
ID_01657,CR01253,resource_scope,elevated_session
ID_00617,CR00527,tenant_scope,federated_access
ID_01404,CR01357,tenant_scope,inherited_role
ID_00777,CR01850,zone_scope,assigned_role
ID_00264,CR01316,resource_scope,elevated_session
ID_00065,CR00750,resource_scope,temporary_role
ID_00799,CR01585,resource_scope,temporary_role
ID_01602,CR00504,resource_scope,temporary_role
ID_00721,CR01370,zone_scope,temporary_role
ID_01760,CR01611,resource_scope,inherited_role
ID_02000,CR00630,resource_scope,federated_access
ID_01570,CR00798,zone_scope,assigned_role
ID_01886,CR01307,resource_scope,assigned_role
ID_01644,CR01443,tenant_scope,assigned_role
ID_01563,CR00856,zone_scope,inherited_role
ID_01519,CR00760,zone_scope,temporary_role
ID_01717,CR00887,zone_scope,federated_access
ID_01985,CR00595,global_scope,temporary_role
ID_00135,CR01618,resource_scope,federated_access
ID_00211,CR01868,zone_scope,assigned_role
ID_01824,CR00651,resource_scope,inherited_role
ID_01384,CR00397,tenant_scope,federated_access
ID_01172,CR00497,resource_scope,federated_access
ID_00241,CR01086,resource_scope,elevated_session
ID_01607,CR00678,resource_scope,inherited_role
ID_01097,CR01418,tenant_scope,inherited_role
ID_01187,CR00973,resource_scope,temporary_role
ID_00791,CR00399,resource_scope,inherited_role
ID_01787,CR01670,resource_scope,assigned_role
ID_00616,CR00766,zone_scope,elevated_session
ID_01713,CR01350,resource_scope,elevated_session
ID_00111,CR01384,tenant_scope,elevated_session
ID_00465,CR00430,tenant_scope,federated_access
ID_01627,CR00337,zone_scope,assigned_role
ID_00093,CR00939,zone_scope,federated_access
ID_00542,CR01384,resource_scope,federated_access
ID_01529,CR01524,zone_scope,federated_access
ID_01138,CR00927,tenant_scope,elevated_session
ID_01336,CR01336,resource_scope,temporary_role
ID_00487,CR00005,resource_scope,elevated_session
ID_00009,CR00976,tenant_scope,federated_access
ID_01348,CR01469,zone_scope,inherited_role
ID_00039,CR00691,tenant_scope,elevated_session
ID_00456,CR01471,resource_scope,elevated_session
ID_01955,CR01502,resource_scope,assigned_role
ID_01064,CR00004,resource_scope,temporary_role
ID_01745,CR00031,zone_scope,temporary_role
ID_00564,CR01222,global_scope,elevated_session
ID_00690,CR01853,tenant_scope,federated_access
ID_00378,CR00653,tenant_scope,federated_access
ID_00408,CR01612,tenant_scope,inherited_role
ID_01830,CR01770,resource_scope,assigned_role
ID_00916,CR01248,tenant_scope,assigned_role
ID_00680,CR01395,global_scope,temporary_role
ID_00192,CR01986,resource_scope,federated_access
ID_01373,CR01910,resource_scope,federated_access
ID_01847,CR00820,resource_scope,inherited_role
ID_01014,CR01855,zone_scope,elevated_session
ID_01263,CR00758,zone_scope,temporary_role
ID_00263,CR00400,tenant_scope,temporary_role
ID_01994,CR01837,resource_scope,temporary_role
ID_00575,CR01897,resource_scope,temporary_role
ID_01603,CR01630,zone_scope,federated_access
ID_00421,CR01121,resource_scope,assigned_role
ID_00846,CR01182,resource_scope,assigned_role
ID_00292,CR01797,tenant_scope,elevated_session
ID_00902,CR01470,tenant_scope,federated_access
ID_00225,CR01254,tenant_scope,federated_access
ID_00036,CR00626,tenant_scope,federated_access
ID_00509,CR00010,zone_scope,elevated_session
ID_00692,CR00176,tenant_scope,inherited_role
ID_00329,CR00292,resource_scope,elevated_session
ID_00838,CR00308,resource_scope,assigned_role
ID_01633,CR00374,tenant_scope,temporary_role
ID_00201,CR01815,global_scope,federated_access
ID_01058,CR00304,tenant_scope,assigned_role
ID_00857,CR01460,resource_scope,inherited_role
ID_01537,CR00442,tenant_scope,elevated_session
ID_00958,CR01711,zone_scope,temporary_role
ID_00594,CR01367,global_scope,inherited_role
ID_01934,CR01814,resource_scope,elevated_session
ID_01850,CR01200,resource_scope,federated_access
ID_00433,CR01127,zone_scope,elevated_session
ID_00114,CR01167,zone_scope,elevated_session
ID_01467,CR01796,tenant_scope,assigned_role
ID_01293,CR01423,tenant_scope,elevated_session
ID_01633,CR00501,zone_scope,elevated_session
ID_00373,CR00560,resource_scope,temporary_role
ID_00911,CR01433,tenant_scope,federated_access
ID_01904,CR00466,resource_scope,federated_access
ID_00200,CR00476,tenant_scope,elevated_session
ID_01417,CR01659,resource_scope,temporary_role
ID_00538,CR01429,resource_scope,elevated_session
ID_01952,CR00419,tenant_scope,assigned_role
ID_00878,CR01320,resource_scope,temporary_role
ID_00969,CR01650,resource_scope,inherited_role
ID_01976,CR00731,zone_scope,inherited_role
ID_00389,CR01150,resource_scope,inherited_role
ID_00401,CR00845,zone_scope,temporary_role
ID_01998,CR00265,resource_scope,inherited_role
ID_01066,CR00421,resource_scope,temporary_role
ID_00411,CR01312,resource_scope,inherited_role
ID_01528,CR00339,global_scope,elevated_session
ID_00076,CR00975,resource_scope,federated_access
ID_01203,CR01539,zone_scope,temporary_role
ID_01210,CR00445,resource_scope,federated_access
ID_00069,CR01016,resource_scope,temporary_role
ID_01033,CR00497,tenant_scope,federated_access
ID_01652,CR00421,resource_scope,assigned_role
ID_01027,CR00399,resource_scope,temporary_role
ID_00810,CR00742,global_scope,elevated_session
ID_00636,CR01888,global_scope,temporary_role
ID_00645,CR01252,resource_scope,temporary_role
ID_00972,CR01184,resource_scope,federated_access
ID_00383,CR01619,tenant_scope,inherited_role
ID_00306,CR00226,resource_scope,inherited_role
ID_01558,CR00184,zone_scope,federated_access
ID_01483,CR00635,resource_scope,temporary_role
ID_00435,CR01179,resource_scope,federated_access
ID_01505,CR00725,zone_scope,elevated_session
ID_00716,CR01576,zone_scope,inherited_role
ID_00729,CR00715,resource_scope,inherited_role
ID_00854,CR00047,tenant_scope,assigned_role
ID_00151,CR01196,tenant_scope,elevated_session
ID_00380,CR01602,resource_scope,assigned_role
ID_01057,CR01015,resource_scope,inherited_role
ID_01950,CR00543,tenant_scope,temporary_role
ID_01027,CR00418,resource_scope,temporary_role
ID_00928,CR00226,resource_scope,temporary_role
ID_00653,CR00766,resource_scope,assigned_role
ID_01317,CR01665,resource_scope,assigned_role
ID_01137,CR00673,resource_scope,assigned_role
ID_01664,CR00138,resource_scope,temporary_role
ID_01898,CR01988,resource_scope,temporary_role
ID_01447,CR01714,resource_scope,elevated_session
ID_01153,CR01934,resource_scope,inherited_role
ID_01659,CR00558,resource_scope,inherited_role
ID_01803,CR00576,global_scope,temporary_role
ID_01216,CR01044,resource_scope,federated_access
ID_00383,CR01191,resource_scope,temporary_role
ID_01458,CR01954,resource_scope,federated_access
ID_01753,CR01553,resource_scope,assigned_role
ID_01942,CR01575,tenant_scope,assigned_role
ID_01454,CR01552,tenant_scope,temporary_role
ID_01100,CR01197,zone_scope,elevated_session
ID_01414,CR00165,resource_scope,elevated_session
ID_01352,CR00482,resource_scope,elevated_session
ID_00350,CR01555,resource_scope,temporary_role
ID_01131,CR01489,zone_scope,inherited_role
ID_00978,CR01397,resource_scope,temporary_role
ID_00164,CR00912,zone_scope,elevated_session
ID_01357,CR00728,resource_scope,assigned_role
ID_00122,CR00950,resource_scope,assigned_role
ID_01929,CR01663,zone_scope,inherited_role
ID_00757,CR01083,tenant_scope,temporary_role
ID_01500,CR01348,resource_scope,assigned_role
ID_00080,CR00900,resource_scope,temporary_role
ID_00101,CR01201,resource_scope,inherited_role
ID_00688,CR01753,global_scope,elevated_session
ID_00019,CR00412,zone_scope,federated_access
ID_01552,CR00318,zone_scope,elevated_session
ID_01546,CR01817,zone_scope,federated_access
ID_01438,CR01597,resource_scope,federated_access
ID_01206,CR01454,zone_scope,assigned_role
ID_01808,CR01250,resource_scope,federated_access
ID_01271,CR00460,resource_scope,elevated_session
ID_01191,CR00441,resource_scope,assigned_role
ID_00447,CR01931,resource_scope,federated_access
ID_01297,CR01934,resource_scope,inherited_role
ID_01183,CR00712,zone_scope,temporary_role
ID_01207,CR01347,zone_scope,federated_access
ID_01261,CR00183,tenant_scope,elevated_session
ID_00383,CR01178,zone_scope,temporary_role
ID_01551,CR01573,resource_scope,inherited_role
ID_00219,CR00020,resource_scope,elevated_session
ID_01048,CR01956,resource_scope,federated_access
ID_01713,CR00241,resource_scope,elevated_session
ID_01880,CR01562,resource_scope,assigned_role
ID_01508,CR00150,resource_scope,inherited_role
ID_01581,CR01287,resource_scope,elevated_session
ID_01327,CR01030,resource_scope,assigned_role
ID_00993,CR01700,resource_scope,temporary_role
ID_01602,CR01878,resource_scope,temporary_role
ID_00556,CR01302,resource_scope,assigned_role
ID_01574,CR01983,zone_scope,assigned_role
ID_00724,CR00613,zone_scope,temporary_role
ID_01226,CR00391,tenant_scope,temporary_role
ID_00040,CR00336,resource_scope,temporary_role
ID_00014,CR01746,resource_scope,assigned_role
ID_01624,CR00824,global_scope,elevated_session
ID_00668,CR01542,zone_scope,temporary_role
ID_01445,CR00386,resource_scope,temporary_role
ID_00559,CR00661,resource_scope,elevated_session
ID_01283,CR00975,resource_scope,temporary_role
ID_00177,CR01618,resource_scope,inherited_role
ID_01255,CR00275,resource_scope,inherited_role
ID_00865,CR00231,resource_scope,elevated_session
ID_01256,CR01751,resource_scope,assigned_role
ID_00007,CR01591,global_scope,inherited_role
ID_01928,CR00772,resource_scope,elevated_session
ID_01206,CR00769,tenant_scope,federated_access
ID_00359,CR01912,resource_scope,temporary_role
ID_01259,CR01571,zone_scope,inherited_role
ID_00231,CR01575,zone_scope,inherited_role
ID_01212,CR01137,tenant_scope,inherited_role
ID_01362,CR00655,resource_scope,elevated_session
ID_00999,CR00323,resource_scope,inherited_role
ID_00611,CR00251,resource_scope,temporary_role
ID_00391,CR00204,tenant_scope,temporary_role
ID_00505,CR00624,tenant_scope,temporary_role
ID_01968,CR01713,resource_scope,federated_access
ID_01798,CR01299,resource_scope,federated_access
ID_00466,CR01475,resource_scope,inherited_role
ID_00905,CR00541,resource_scope,inherited_role
ID_01261,CR00980,resource_scope,elevated_session
ID_00832,CR01896,tenant_scope,inherited_role
ID_01446,CR01271,resource_scope,elevated_session
ID_00341,CR01872,resource_scope,federated_access
ID_01139,CR00866,zone_scope,assigned_role
ID_00894,CR01827,resource_scope,inherited_role
ID_01840,CR01527,zone_scope,elevated_session
ID_01449,CR00440,resource_scope,assigned_role
ID_01681,CR00014,tenant_scope,elevated_session
ID_01291,CR00864,zone_scope,federated_access
ID_01348,CR00718,resource_scope,temporary_role
ID_00876,CR00564,resource_scope,elevated_session
ID_00511,CR00739,resource_scope,elevated_session
ID_01828,CR01245,resource_scope,temporary_role
ID_01504,CR00315,resource_scope,elevated_session
ID_00985,CR01886,resource_scope,assigned_role
ID_01311,CR00894,resource_scope,temporary_role
ID_00584,CR00837,resource_scope,inherited_role
ID_00956,CR01383,resource_scope,inherited_role
ID_00131,CR01354,global_scope,inherited_role
ID_01997,CR00573,resource_scope,temporary_role
ID_00368,CR00710,zone_scope,assigned_role
ID_01805,CR01799,zone_scope,inherited_role
ID_01457,CR00893,tenant_scope,elevated_session
ID_01357,CR00381,zone_scope,elevated_session
ID_00024,CR01821,resource_scope,inherited_role
ID_01483,CR00253,resource_scope,inherited_role
ID_01106,CR00535,zone_scope,temporary_role
ID_00335,CR01797,zone_scope,temporary_role
ID_01216,CR00857,tenant_scope,inherited_role
ID_01065,CR01376,resource_scope,temporary_role
ID_00082,CR00944,resource_scope,federated_access
ID_01652,CR01954,zone_scope,assigned_role
ID_01368,CR01484,zone_scope,elevated_session
ID_01988,CR01727,resource_scope,federated_access
ID_01737,CR00297,resource_scope,assigned_role
ID_00714,CR00580,tenant_scope,inherited_role
ID_01019,CR01960,resource_scope,elevated_session
ID_00309,CR00776,resource_scope,assigned_role
ID_01929,CR01752,tenant_scope,federated_access
ID_00274,CR01209,zone_scope,inherited_role
ID_00924,CR00238,resource_scope,inherited_role
ID_00244,CR01369,tenant_scope,temporary_role
ID_00161,CR01009,zone_scope,federated_access
ID_01467,CR00202,resource_scope,elevated_session
ID_00515,CR01495,resource_scope,elevated_session
ID_01865,CR01512,zone_scope,assigned_role
ID_00784,CR01000,tenant_scope,elevated_session
ID_01368,CR01441,tenant_scope,inherited_role
ID_01535,CR01634,tenant_scope,temporary_role
ID_01324,CR01652,zone_scope,inherited_role
ID_00493,CR01094,resource_scope,temporary_role
ID_00155,CR01148,zone_scope,inherited_role
ID_00537,CR00547,resource_scope,federated_access
ID_00375,CR00159,resource_scope,federated_access
ID_00307,CR01054,resource_scope,federated_access
ID_01337,CR00191,resource_scope,temporary_role
ID_00704,CR00273,resource_scope,elevated_session
ID_01396,CR01469,zone_scope,assigned_role
ID_00332,CR00985,global_scope,assigned_role
ID_00241,CR00991,tenant_scope,federated_access
ID_01545,CR01768,resource_scope,federated_access
ID_00140,CR01813,resource_scope,inherited_role
ID_01125,CR00544,resource_scope,elevated_session
ID_00622,CR00403,resource_scope,temporary_role
ID_01095,CR01171,zone_scope,assigned_role
ID_00871,CR00883,resource_scope,assigned_role
ID_00188,CR00976,resource_scope,federated_access
ID_01828,CR00458,resource_scope,elevated_session
ID_00747,CR00060,tenant_scope,temporary_role
ID_01818,CR00997,resource_scope,assigned_role
ID_00033,CR01199,zone_scope,elevated_session
ID_01577,CR01085,tenant_scope,assigned_role
ID_01643,CR01835,tenant_scope,federated_access
ID_00302,CR01292,resource_scope,inherited_role
ID_01635,CR01809,zone_scope,elevated_session
ID_00518,CR01341,resource_scope,temporary_role
ID_00398,CR01178,tenant_scope,inherited_role
ID_01473,CR01012,resource_scope,federated_access
ID_00891,CR00799,resource_scope,temporary_role
ID_00297,CR00837,resource_scope,elevated_session
ID_01387,CR01794,resource_scope,temporary_role
ID_01290,CR00088,resource_scope,elevated_session
ID_00958,CR00905,tenant_scope,elevated_session
ID_01154,CR01023,resource_scope,elevated_session
ID_01211,CR00186,global_scope,assigned_role
ID_00021,CR01067,resource_scope,inherited_role
ID_00515,CR00158,tenant_scope,assigned_role
ID_00898,CR01364,resource_scope,elevated_session
ID_01372,CR01897,global_scope,elevated_session
ID_00830,CR01725,resource_scope,temporary_role
ID_01042,CR01474,tenant_scope,inherited_role
ID_01365,CR01099,zone_scope,assigned_role
ID_00956,CR01475,zone_scope,inherited_role
ID_01074,CR00427,zone_scope,elevated_session
ID_00633,CR01900,zone_scope,assigned_role
ID_00864,CR00949,zone_scope,inherited_role
ID_01990,CR01198,global_scope,temporary_role
ID_01793,CR00424,resource_scope,temporary_role
ID_00380,CR01987,zone_scope,inherited_role
ID_01702,CR00522,tenant_scope,temporary_role
ID_00354,CR01971,resource_scope,federated_access
ID_00457,CR01997,tenant_scope,federated_access
ID_00013,CR00346,global_scope,federated_access
ID_00157,CR00323,resource_scope,assigned_role
ID_01329,CR00398,tenant_scope,assigned_role
ID_00562,CR00257,resource_scope,elevated_session
ID_01122,CR01615,resource_scope,inherited_role
ID_01737,CR00242,resource_scope,assigned_role
ID_00384,CR00777,zone_scope,elevated_session
ID_01109,CR01003,resource_scope,temporary_role
ID_01213,CR01193,resource_scope,assigned_role
ID_00540,CR00124,tenant_scope,temporary_role
ID_01766,CR00565,zone_scope,temporary_role
ID_00171,CR01451,resource_scope,assigned_role
ID_01958,CR00839,tenant_scope,federated_access
ID_00737,CR01520,zone_scope,federated_access
ID_01372,CR00620,zone_scope,temporary_role
ID_00293,CR00070,resource_scope,federated_access
ID_01766,CR00712,zone_scope,temporary_role
ID_00087,CR00043,resource_scope,elevated_session
ID_01598,CR01635,resource_scope,elevated_session
ID_01178,CR00936,resource_scope,inherited_role
ID_00658,CR00593,zone_scope,temporary_role
ID_00388,CR00289,resource_scope,temporary_role
ID_01784,CR00693,zone_scope,federated_access
ID_00566,CR00795,resource_scope,assigned_role
ID_01371,CR01138,resource_scope,inherited_role
ID_01237,CR01510,resource_scope,inherited_role
ID_00051,CR00804,zone_scope,federated_access
ID_00269,CR00861,tenant_scope,assigned_role
ID_00340,CR00231,tenant_scope,elevated_session
ID_01352,CR01143,tenant_scope,assigned_role
ID_01287,CR00551,resource_scope,temporary_role
ID_01840,CR00641,resource_scope,federated_access
ID_00261,CR01328,resource_scope,elevated_session
ID_00631,CR00150,resource_scope,elevated_session
ID_00135,CR01101,tenant_scope,federated_access
ID_01351,CR00914,zone_scope,inherited_role
ID_01553,CR00982,zone_scope,elevated_session
ID_00298,CR01861,global_scope,federated_access
ID_01080,CR00190,tenant_scope,temporary_role
ID_01052,CR01137,resource_scope,inherited_role
ID_00502,CR00774,resource_scope,inherited_role
ID_00802,CR00709,resource_scope,assigned_role
ID_00548,CR00330,resource_scope,elevated_session
ID_01781,CR01134,zone_scope,temporary_role
ID_01561,CR00001,resource_scope,inherited_role
ID_01907,CR00922,resource_scope,temporary_role
ID_00151,CR01283,resource_scope,inherited_role
ID_01065,CR01440,resource_scope,temporary_role
ID_01930,CR01113,zone_scope,elevated_session
ID_00089,CR01782,resource_scope,federated_access
ID_00045,CR01349,zone_scope,elevated_session
ID_00851,CR00066,resource_scope,assigned_role
ID_00401,CR00991,resource_scope,temporary_role
ID_00069,CR01149,tenant_scope,assigned_role
ID_00350,CR01219,resource_scope,inherited_role
ID_00312,CR00808,resource_scope,assigned_role
ID_00673,CR00329,resource_scope,temporary_role
ID_01576,CR01291,tenant_scope,inherited_role
ID_01169,CR01356,zone_scope,federated_access
ID_00880,CR01578,zone_scope,assigned_role
ID_01272,CR01370,tenant_scope,assigned_role
ID_01072,CR01714,tenant_scope,temporary_role
ID_00855,CR01750,resource_scope,assigned_role
ID_01540,CR01479,resource_scope,assigned_role
ID_00350,CR01367,tenant_scope,inherited_role
ID_01463,CR01930,tenant_scope,elevated_session
ID_01952,CR00908,tenant_scope,federated_access
ID_00363,CR00417,zone_scope,temporary_role
ID_01977,CR01300,resource_scope,assigned_role
ID_00084,CR01280,global_scope,federated_access
ID_00813,CR00171,zone_scope,elevated_session
ID_00390,CR01721,global_scope,federated_access
ID_00906,CR01698,tenant_scope,assigned_role
ID_00628,CR01055,resource_scope,federated_access
ID_01661,CR01830,tenant_scope,elevated_session
ID_00378,CR00695,tenant_scope,elevated_session
ID_00030,CR00468,resource_scope,inherited_role
ID_00888,CR00074,tenant_scope,federated_access
ID_01890,CR01871,resource_scope,elevated_session
ID_00329,CR01034,zone_scope,federated_access
ID_00716,CR01452,global_scope,elevated_session
ID_00563,CR01353,tenant_scope,temporary_role
ID_00725,CR01894,zone_scope,assigned_role
ID_01696,CR01318,zone_scope,elevated_session
ID_01644,CR00136,zone_scope,temporary_role
ID_01447,CR00069,resource_scope,inherited_role
ID_01211,CR01736,resource_scope,inherited_role
ID_00220,CR00056,resource_scope,federated_access
ID_00126,CR00902,zone_scope,temporary_role
ID_00008,CR00170,resource_scope,assigned_role
ID_01253,CR01016,zone_scope,federated_access
ID_00882,CR00342,resource_scope,federated_access
ID_01192,CR00193,tenant_scope,elevated_session
ID_00765,CR00662,resource_scope,federated_access
ID_00661,CR01328,tenant_scope,elevated_session
ID_01107,CR01012,resource_scope,federated_access
ID_01234,CR01769,tenant_scope,temporary_role
ID_00242,CR00468,resource_scope,elevated_session
ID_01463,CR01751,zone_scope,inherited_role
ID_00221,CR01459,zone_scope,inherited_role
ID_00002,CR00939,zone_scope,assigned_role
ID_00510,CR00498,resource_scope,elevated_session
ID_01300,CR00984,resource_scope,inherited_role
ID_00240,CR00055,resource_scope,elevated_session
ID_00908,CR01116,resource_scope,inherited_role
ID_01337,CR00129,tenant_scope,elevated_session
ID_01361,CR00376,resource_scope,inherited_role
ID_00748,CR00322,resource_scope,federated_access
ID_01705,CR01587,zone_scope,assigned_role
ID_01153,CR01489,resource_scope,assigned_role
ID_01906,CR01434,tenant_scope,assigned_role
ID_00899,CR01658,resource_scope,elevated_session
ID_01327,CR01252,resource_scope,elevated_session
ID_00591,CR00511,tenant_scope,inherited_role
ID_01115,CR00801,resource_scope,temporary_role
ID_00866,CR00813,resource_scope,temporary_role
ID_01928,CR00815,tenant_scope,federated_access
ID_00110,CR01284,resource_scope,assigned_role
ID_00359,CR00183,resource_scope,temporary_role
ID_01139,CR01891,zone_scope,temporary_role
ID_00241,CR00334,resource_scope,temporary_role
ID_01813,CR00056,resource_scope,inherited_role
ID_00577,CR01607,tenant_scope,assigned_role
ID_00989,CR00497,resource_scope,inherited_role
ID_00716,CR00379,resource_scope,assigned_role
ID_00327,CR00773,tenant_scope,elevated_session
ID_00150,CR01650,resource_scope,assigned_role
ID_01134,CR01500,resource_scope,temporary_role
ID_01768,CR01070,tenant_scope,temporary_role
ID_00777,CR01099,zone_scope,temporary_role
ID_00175,CR00964,resource_scope,temporary_role
ID_00825,CR00643,zone_scope,temporary_role
ID_00995,CR01221,tenant_scope,assigned_role
ID_01871,CR01503,resource_scope,inherited_role
ID_00881,CR00740,resource_scope,temporary_role
ID_01853,CR00224,zone_scope,temporary_role
ID_01386,CR00108,resource_scope,elevated_session
ID_00639,CR00742,zone_scope,elevated_session
ID_00336,CR01182,zone_scope,federated_access
ID_00210,CR00589,tenant_scope,temporary_role
ID_00309,CR01382,zone_scope,inherited_role
ID_00790,CR01700,zone_scope,elevated_session
ID_00438,CR01553,resource_scope,temporary_role
ID_01570,CR00362,resource_scope,elevated_session
ID_01808,CR01944,resource_scope,assigned_role
ID_01524,CR00110,resource_scope,elevated_session
ID_01179,CR00640,resource_scope,inherited_role
ID_01353,CR01766,resource_scope,inherited_role
ID_01992,CR01858,tenant_scope,inherited_role
ID_00975,CR00073,resource_scope,elevated_session
ID_01170,CR00687,resource_scope,assigned_role
ID_01319,CR01290,resource_scope,inherited_role
ID_00917,CR00751,resource_scope,inherited_role
ID_00306,CR01146,resource_scope,elevated_session
ID_00465,CR01581,resource_scope,federated_access
ID_01340,CR01135,tenant_scope,inherited_role
ID_00127,CR01346,tenant_scope,temporary_role
ID_01632,CR01194,resource_scope,inherited_role
ID_00212,CR01798,resource_scope,elevated_session
ID_01793,CR00644,tenant_scope,federated_access
ID_01921,CR00986,resource_scope,assigned_role
ID_01689,CR00691,zone_scope,assigned_role
ID_01584,CR01863,resource_scope,federated_access
ID_00352,CR01701,resource_scope,inherited_role
ID_00010,CR01030,resource_scope,inherited_role
ID_00356,CR01373,global_scope,temporary_role
ID_00566,CR01076,zone_scope,temporary_role
ID_00469,CR00356,resource_scope,federated_access
ID_00003,CR00254,global_scope,elevated_session
ID_01028,CR01518,tenant_scope,assigned_role
ID_00303,CR00257,tenant_scope,temporary_role
ID_01573,CR00118,resource_scope,assigned_role
ID_01146,CR00240,resource_scope,temporary_role
ID_01798,CR01519,resource_scope,temporary_role
ID_01595,CR00272,zone_scope,temporary_role
ID_01609,CR01170,tenant_scope,elevated_session
ID_00942,CR00448,resource_scope,federated_access
ID_01125,CR01544,resource_scope,inherited_role
ID_01555,CR01768,tenant_scope,assigned_role
ID_01045,CR00266,resource_scope,temporary_role
ID_00240,CR00881,resource_scope,temporary_role
ID_00686,CR00300,resource_scope,assigned_role
ID_01654,CR00648,tenant_scope,temporary_role
ID_00437,CR01967,resource_scope,inherited_role
ID_01072,CR01568,resource_scope,assigned_role
ID_01888,CR00843,tenant_scope,temporary_role
ID_01031,CR00411,resource_scope,elevated_session
ID_00548,CR00181,resource_scope,federated_access
ID_00670,CR00984,tenant_scope,federated_access
ID_01740,CR00251,resource_scope,elevated_session
ID_00241,CR00613,resource_scope,elevated_session
ID_00712,CR00878,resource_scope,elevated_session
ID_01322,CR00737,zone_scope,assigned_role
ID_01869,CR00856,resource_scope,temporary_role
ID_01297,CR00726,zone_scope,temporary_role
ID_01455,CR01378,tenant_scope,assigned_role
ID_00603,CR01765,tenant_scope,elevated_session
ID_01963,CR01335,resource_scope,temporary_role
ID_00377,CR01504,resource_scope,inherited_role
ID_00387,CR00663,resource_scope,assigned_role
ID_00562,CR01293,resource_scope,federated_access
ID_01650,CR00321,zone_scope,assigned_role
ID_00374,CR00233,resource_scope,elevated_session
ID_01376,CR00189,zone_scope,assigned_role
ID_01696,CR01440,zone_scope,elevated_session
ID_01149,CR00893,resource_scope,elevated_session
ID_01683,CR00492,global_scope,assigned_role
ID_01863,CR01339,resource_scope,temporary_role
ID_00866,CR01542,resource_scope,temporary_role
ID_01462,CR01863,zone_scope,temporary_role
ID_00933,CR01543,resource_scope,assigned_role
ID_00143,CR01756,zone_scope,federated_access
ID_00642,CR00579,tenant_scope,elevated_session
ID_01926,CR00100,zone_scope,federated_access
ID_00344,CR01568,resource_scope,inherited_role
ID_00913,CR00589,tenant_scope,inherited_role
ID_01081,CR00401,resource_scope,elevated_session
ID_01137,CR00914,tenant_scope,inherited_role
ID_00283,CR00156,resource_scope,federated_access
ID_00973,CR01268,zone_scope,elevated_session
ID_01364,CR01659,zone_scope,inherited_role
ID_01834,CR00459,resource_scope,federated_access
ID_01629,CR00550,zone_scope,assigned_role
ID_00792,CR01281,resource_scope,assigned_role
ID_00192,CR00369,resource_scope,inherited_role
ID_01608,CR00362,tenant_scope,federated_access
ID_01352,CR00185,tenant_scope,elevated_session
ID_01028,CR00089,resource_scope,assigned_role
ID_01292,CR01011,resource_scope,temporary_role
ID_01468,CR00284,tenant_scope,federated_access
ID_01050,CR01487,zone_scope,elevated_session
ID_01517,CR01850,resource_scope,temporary_role
ID_00051,CR00589,tenant_scope,temporary_role
ID_01016,CR01044,resource_scope,assigned_role
ID_00184,CR01742,global_scope,inherited_role
ID_00517,CR01070,resource_scope,inherited_role
ID_01191,CR00323,tenant_scope,federated_access
ID_00073,CR01031,resource_scope,assigned_role
ID_01942,CR01447,resource_scope,temporary_role
ID_01556,CR00958,resource_scope,inherited_role
ID_00913,CR01416,resource_scope,temporary_role
ID_01047,CR00563,resource_scope,federated_access
ID_00680,CR01113,tenant_scope,elevated_session
ID_00354,CR01206,zone_scope,temporary_role
ID_00674,CR00941,zone_scope,federated_access
ID_01532,CR00611,tenant_scope,federated_access
ID_00729,CR00700,resource_scope,temporary_role
ID_00649,CR00525,zone_scope,assigned_role
ID_01706,CR01464,resource_scope,inherited_role
ID_01112,CR01041,resource_scope,federated_access
ID_01195,CR00992,resource_scope,elevated_session
ID_01443,CR01928,resource_scope,assigned_role
ID_01319,CR00767,global_scope,assigned_role
ID_01087,CR01481,zone_scope,temporary_role
ID_01083,CR00122,tenant_scope,temporary_role
ID_00713,CR01627,tenant_scope,elevated_session
ID_00188,CR00121,tenant_scope,assigned_role
ID_01333,CR00390,resource_scope,temporary_role
ID_01087,CR01484,resource_scope,inherited_role
ID_01749,CR01302,resource_scope,inherited_role
ID_00919,CR00499,resource_scope,inherited_role
ID_01800,CR00212,tenant_scope,federated_access
ID_00411,CR01306,zone_scope,federated_access
ID_00506,CR01116,tenant_scope,elevated_session
ID_01336,CR01639,tenant_scope,elevated_session
ID_00383,CR01387,resource_scope,elevated_session
ID_01766,CR01492,resource_scope,temporary_role
ID_01012,CR01238,resource_scope,temporary_role
ID_01660,CR01036,resource_scope,assigned_role
ID_01319,CR00940,resource_scope,federated_access
ID_01879,CR00881,zone_scope,inherited_role
ID_00037,CR00772,resource_scope,assigned_role
ID_00474,CR00502,resource_scope,elevated_session
ID_01847,CR00730,resource_scope,elevated_session
ID_00086,CR00333,resource_scope,elevated_session
ID_00858,CR01740,zone_scope,inherited_role
ID_01900,CR01643,resource_scope,elevated_session
ID_01079,CR01602,resource_scope,elevated_session
ID_00828,CR01054,resource_scope,temporary_role
ID_00479,CR00874,resource_scope,federated_access
ID_00336,CR01117,tenant_scope,federated_access
ID_01052,CR00120,zone_scope,elevated_session
ID_01983,CR01661,resource_scope,inherited_role
ID_00965,CR00063,tenant_scope,assigned_role
ID_01663,CR00841,global_scope,assigned_role
ID_00275,CR01666,resource_scope,inherited_role
ID_01172,CR01742,resource_scope,assigned_role
ID_00788,CR00203,zone_scope,assigned_role
ID_01599,CR00134,zone_scope,assigned_role
ID_01375,CR01853,resource_scope,federated_access
ID_00561,CR01252,global_scope,temporary_role
ID_01590,CR01805,zone_scope,temporary_role
ID_00032,CR00267,zone_scope,inherited_role
ID_00742,CR01168,global_scope,federated_access
ID_01918,CR01012,resource_scope,federated_access
ID_00147,CR01236,resource_scope,assigned_role
ID_01400,CR00929,resource_scope,federated_access
ID_01881,CR00826,resource_scope,assigned_role
ID_00319,CR00539,zone_scope,inherited_role
ID_01625,CR01391,resource_scope,temporary_role
ID_00438,CR01955,tenant_scope,temporary_role
ID_01385,CR00794,resource_scope,assigned_role
ID_00809,CR01430,zone_scope,inherited_role
ID_01078,CR01149,resource_scope,elevated_session
ID_01904,CR00221,global_scope,assigned_role
ID_01632,CR01828,zone_scope,temporary_role
ID_01425,CR00031,resource_scope,temporary_role
ID_01608,CR01817,zone_scope,elevated_session
ID_00967,CR00999,zone_scope,elevated_session
ID_00216,CR01553,resource_scope,assigned_role
ID_01215,CR00989,resource_scope,federated_access
ID_00474,CR01622,tenant_scope,elevated_session
ID_00458,CR01148,resource_scope,assigned_role
ID_00881,CR00515,global_scope,assigned_role
ID_01809,CR01880,resource_scope,temporary_role
ID_00110,CR00227,resource_scope,federated_access
ID_01957,CR00022,resource_scope,assigned_role
ID_00853,CR01320,resource_scope,assigned_role
ID_00324,CR00585,zone_scope,federated_access
ID_00224,CR01630,zone_scope,elevated_session
ID_01078,CR00230,resource_scope,assigned_role
ID_01389,CR00014,resource_scope,federated_access
ID_01812,CR00457,resource_scope,inherited_role
ID_01082,CR01066,resource_scope,temporary_role
ID_00319,CR00599,resource_scope,federated_access
ID_01434,CR01575,tenant_scope,assigned_role
ID_00592,CR00694,tenant_scope,inherited_role
ID_01017,CR01988,zone_scope,elevated_session
ID_01355,CR01041,tenant_scope,temporary_role
ID_01979,CR01563,zone_scope,assigned_role
ID_01095,CR01414,tenant_scope,federated_access
ID_01944,CR00186,resource_scope,inherited_role
ID_01599,CR00849,resource_scope,elevated_session
ID_01439,CR00516,resource_scope,inherited_role
ID_00932,CR00011,resource_scope,temporary_role
ID_00058,CR00122,zone_scope,inherited_role
ID_00324,CR01511,tenant_scope,temporary_role
ID_00461,CR00244,zone_scope,temporary_role
ID_01091,CR01101,resource_scope,assigned_role
ID_01020,CR01140,resource_scope,federated_access
ID_01731,CR00690,zone_scope,federated_access
ID_00399,CR00986,resource_scope,federated_access
ID_00511,CR01129,resource_scope,assigned_role
ID_01892,CR01999,global_scope,assigned_role
ID_01685,CR01913,zone_scope,elevated_session
ID_01006,CR00547,zone_scope,inherited_role
ID_00993,CR00951,zone_scope,inherited_role
ID_00132,CR01432,tenant_scope,temporary_role
ID_00872,CR00817,resource_scope,federated_access
ID_00729,CR00404,resource_scope,temporary_role
ID_00664,CR00396,zone_scope,elevated_session
ID_01299,CR00660,zone_scope,elevated_session
ID_01681,CR01326,tenant_scope,temporary_role
ID_01569,CR01512,tenant_scope,inherited_role
ID_00678,CR01249,resource_scope,federated_access
ID_01537,CR00701,zone_scope,temporary_role
ID_00707,CR01038,resource_scope,elevated_session
ID_01656,CR00501,tenant_scope,inherited_role
ID_00158,CR00966,resource_scope,elevated_session
ID_01617,CR00086,resource_scope,temporary_role
ID_00605,CR01818,zone_scope,federated_access
ID_00844,CR00240,tenant_scope,temporary_role
ID_00273,CR01287,tenant_scope,temporary_role
ID_01097,CR00796,tenant_scope,inherited_role
ID_01033,CR00325,resource_scope,inherited_role
ID_00186,CR00752,tenant_scope,assigned_role
ID_01540,CR01698,zone_scope,assigned_role
ID_00733,CR01828,resource_scope,assigned_role
ID_01386,CR01110,resource_scope,federated_access
ID_01813,CR00966,tenant_scope,federated_access
ID_01649,CR00606,zone_scope,elevated_session
ID_01332,CR01381,resource_scope,inherited_role
ID_01607,CR01502,resource_scope,elevated_session
ID_01901,CR01553,resource_scope,assigned_role
ID_00404,CR01125,zone_scope,temporary_role
ID_01458,CR00267,global_scope,assigned_role
ID_01075,CR00484,tenant_scope,assigned_role
ID_00478,CR00291,resource_scope,inherited_role
ID_00761,CR00416,resource_scope,elevated_session
ID_01320,CR01526,resource_scope,assigned_role
ID_00800,CR00845,zone_scope,temporary_role
ID_01957,CR00840,tenant_scope,inherited_role
ID_01620,CR00047,tenant_scope,inherited_role
ID_01049,CR01618,resource_scope,assigned_role
ID_00629,CR00952,resource_scope,elevated_session
ID_00318,CR01745,resource_scope,temporary_role
ID_00445,CR01088,tenant_scope,inherited_role
ID_00973,CR01534,zone_scope,temporary_role
ID_01321,CR00046,tenant_scope,elevated_session
ID_01214,CR00610,resource_scope,temporary_role
ID_01959,CR01311,zone_scope,temporary_role
ID_00759,CR01912,resource_scope,inherited_role
ID_01446,CR01192,zone_scope,temporary_role
ID_00541,CR00591,resource_scope,assigned_role
ID_00940,CR00857,resource_scope,assigned_role
ID_01750,CR00204,resource_scope,inherited_role
ID_01624,CR00337,resource_scope,elevated_session
ID_00346,CR01451,zone_scope,temporary_role
ID_00027,CR00998,zone_scope,temporary_role
ID_00148,CR01000,resource_scope,assigned_role
ID_00181,CR00896,resource_scope,temporary_role
ID_01005,CR01768,zone_scope,inherited_role
ID_00878,CR00785,tenant_scope,inherited_role
ID_01247,CR01925,resource_scope,federated_access
ID_01844,CR00052,zone_scope,temporary_role
ID_00082,CR01736,tenant_scope,temporary_role
ID_01573,CR01533,global_scope,assigned_role
ID_00487,CR01068,global_scope,federated_access
ID_01400,CR01766,resource_scope,temporary_role
ID_01502,CR01210,resource_scope,elevated_session
ID_01449,CR01204,tenant_scope,temporary_role
ID_01693,CR00511,global_scope,assigned_role
ID_01940,CR00586,resource_scope,assigned_role
ID_00722,CR00033,resource_scope,federated_access
ID_01375,CR00422,tenant_scope,inherited_role
ID_00905,CR00248,resource_scope,elevated_session
ID_01135,CR00116,resource_scope,temporary_role
ID_01911,CR01379,tenant_scope,elevated_session
ID_01480,CR00370,resource_scope,federated_access
ID_00737,CR01984,zone_scope,temporary_role
ID_01299,CR00681,resource_scope,temporary_role
ID_01441,CR01992,tenant_scope,federated_access
ID_01042,CR00315,resource_scope,temporary_role
ID_00131,CR00320,resource_scope,inherited_role
ID_00322,CR01679,resource_scope,inherited_role
ID_01828,CR01117,resource_scope,assigned_role
ID_00138,CR01613,zone_scope,temporary_role
ID_00839,CR01818,tenant_scope,temporary_role
ID_01156,CR01966,resource_scope,temporary_role
ID_00324,CR00940,resource_scope,federated_access
ID_01827,CR00079,resource_scope,temporary_role
ID_01573,CR01070,resource_scope,temporary_role
ID_00807,CR00635,global_scope,elevated_session
ID_01477,CR01513,resource_scope,elevated_session
ID_01770,CR00642,resource_scope,elevated_session
ID_01317,CR01397,resource_scope,inherited_role
ID_00346,CR00336,tenant_scope,federated_access
ID_01873,CR00207,tenant_scope,assigned_role
ID_00490,CR01968,resource_scope,federated_access
ID_01784,CR01170,resource_scope,assigned_role
ID_00692,CR00310,resource_scope,federated_access
ID_01439,CR00319,tenant_scope,elevated_session
ID_01826,CR00715,zone_scope,inherited_role
ID_00290,CR00008,resource_scope,temporary_role
ID_01006,CR01174,resource_scope,elevated_session
ID_01399,CR00381,resource_scope,assigned_role
ID_01935,CR01782,resource_scope,temporary_role
ID_01114,CR00991,resource_scope,temporary_role
ID_00848,CR00717,tenant_scope,assigned_role
ID_00292,CR00509,resource_scope,elevated_session
ID_01623,CR01172,resource_scope,assigned_role
ID_01676,CR01934,resource_scope,temporary_role
ID_01605,CR01314,tenant_scope,temporary_role
ID_00794,CR00301,zone_scope,temporary_role
ID_01703,CR00738,zone_scope,assigned_role
ID_00173,CR00543,resource_scope,temporary_role
ID_00662,CR00649,zone_scope,assigned_role
ID_00392,CR01591,zone_scope,elevated_session
ID_00864,CR01601,resource_scope,assigned_role
ID_01727,CR01153,resource_scope,temporary_role
ID_00639,CR01191,resource_scope,elevated_session
ID_01028,CR01231,zone_scope,inherited_role
ID_00645,CR00970,resource_scope,federated_access
ID_00635,CR00341,zone_scope,inherited_role
ID_01864,CR01870,resource_scope,temporary_role
ID_00483,CR01846,resource_scope,inherited_role
ID_00589,CR01920,zone_scope,temporary_role
ID_00064,CR00307,resource_scope,assigned_role
ID_00604,CR01159,resource_scope,elevated_session
ID_01791,CR00457,resource_scope,temporary_role
ID_01948,CR00558,zone_scope,elevated_session
ID_01538,CR00258,resource_scope,assigned_role
ID_01739,CR01130,resource_scope,inherited_role
ID_00292,CR00304,zone_scope,inherited_role
ID_00580,CR00778,resource_scope,temporary_role
ID_00679,CR01173,resource_scope,inherited_role
ID_01540,CR01096,zone_scope,temporary_role
ID_00309,CR00899,tenant_scope,temporary_role
ID_00523,CR01088,tenant_scope,federated_access
ID_00309,CR00500,resource_scope,temporary_role
ID_01496,CR00791,resource_scope,assigned_role
ID_01124,CR00610,resource_scope,inherited_role
ID_01820,CR01285,resource_scope,federated_access
ID_00234,CR00359,resource_scope,federated_access
ID_00380,CR01014,resource_scope,inherited_role
ID_00237,CR00724,resource_scope,temporary_role
ID_00300,CR00349,resource_scope,federated_access
ID_01431,CR01686,resource_scope,assigned_role
ID_00292,CR01919,resource_scope,federated_access
ID_01951,CR01009,tenant_scope,temporary_role
ID_01924,CR00171,zone_scope,inherited_role
ID_00007,CR00127,resource_scope,elevated_session
ID_01342,CR01444,global_scope,elevated_session
ID_01222,CR01058,tenant_scope,assigned_role
ID_00435,CR00890,tenant_scope,assigned_role
ID_01647,CR00335,zone_scope,federated_access
ID_01542,CR00962,tenant_scope,inherited_role
ID_01907,CR01508,global_scope,assigned_role
ID_00178,CR00890,resource_scope,assigned_role
ID_01936,CR00369,resource_scope,assigned_role
ID_01796,CR01571,zone_scope,assigned_role
ID_00712,CR01628,resource_scope,elevated_session
ID_01568,CR01379,resource_scope,assigned_role
ID_00607,CR00094,global_scope,elevated_session
ID_00285,CR00821,zone_scope,federated_access
ID_00889,CR01255,tenant_scope,assigned_role
ID_00594,CR00718,tenant_scope,inherited_role
ID_00605,CR01053,resource_scope,temporary_role
ID_00727,CR01343,resource_scope,federated_access
ID_00537,CR01467,resource_scope,federated_access
ID_00902,CR00268,zone_scope,federated_access
ID_00725,CR01594,resource_scope,federated_access
ID_01372,CR00103,tenant_scope,elevated_session
ID_00777,CR01912,zone_scope,assigned_role
ID_00077,CR00949,global_scope,temporary_role
ID_00909,CR01109,zone_scope,temporary_role
ID_01942,CR00183,zone_scope,elevated_session
ID_00631,CR01086,resource_scope,assigned_role
ID_00751,CR01113,resource_scope,federated_access
ID_00505,CR00034,resource_scope,elevated_session
ID_00813,CR01020,tenant_scope,temporary_role
ID_01780,CR00786,zone_scope,federated_access
ID_01097,CR01621,resource_scope,assigned_role
ID_00226,CR01603,zone_scope,temporary_role
ID_01667,CR00774,tenant_scope,temporary_role
ID_00220,CR01019,zone_scope,temporary_role
ID_01271,CR01823,resource_scope,elevated_session
ID_00240,CR01353,global_scope,elevated_session
ID_01911,CR00251,zone_scope,elevated_session
ID_00808,CR01390,zone_scope,elevated_session
ID_01221,CR00292,zone_scope,temporary_role
ID_00895,CR00091,resource_scope,temporary_role
ID_01857,CR01085,zone_scope,elevated_session
ID_01498,CR00818,tenant_scope,elevated_session
ID_01390,CR00912,zone_scope,temporary_role
ID_01384,CR01463,zone_scope,elevated_session
ID_01241,CR01929,resource_scope,temporary_role
ID_01083,CR01555,tenant_scope,temporary_role
ID_00096,CR01341,tenant_scope,elevated_session
ID_00524,CR00624,zone_scope,assigned_role
ID_01099,CR01156,resource_scope,assigned_role
ID_00491,CR00447,resource_scope,federated_access
ID_00789,CR01064,zone_scope,elevated_session
ID_01301,CR00212,resource_scope,inherited_role
ID_01642,CR01751,resource_scope,elevated_session
ID_01574,CR01410,tenant_scope,federated_access
ID_01135,CR00389,resource_scope,temporary_role
ID_01902,CR01701,tenant_scope,federated_access
ID_01919,CR01177,resource_scope,assigned_role
ID_01272,CR00650,resource_scope,temporary_role
ID_01110,CR01449,zone_scope,inherited_role
ID_01719,CR00693,global_scope,federated_access
ID_00557,CR00901,resource_scope,federated_access
ID_00460,CR00116,tenant_scope,temporary_role
ID_01019,CR00686,resource_scope,federated_access
ID_00889,CR01363,tenant_scope,temporary_role
ID_01758,CR00245,zone_scope,inherited_role
ID_00043,CR00836,resource_scope,assigned_role
ID_00813,CR00070,tenant_scope,assigned_role
ID_00386,CR01674,resource_scope,inherited_role
ID_01343,CR01173,tenant_scope,assigned_role
ID_00071,CR01978,resource_scope,temporary_role
ID_01388,CR01124,resource_scope,inherited_role
ID_00368,CR00297,resource_scope,temporary_role
ID_00582,CR00764,resource_scope,federated_access
ID_01674,CR01820,resource_scope,temporary_role
ID_01942,CR01346,tenant_scope,federated_access
ID_00533,CR01053,tenant_scope,temporary_role
ID_00231,CR00983,zone_scope,elevated_session
ID_01400,CR00439,resource_scope,inherited_role
ID_01386,CR01065,global_scope,elevated_session
ID_00106,CR00483,resource_scope,assigned_role
ID_01277,CR00431,resource_scope,elevated_session
ID_01517,CR01913,resource_scope,federated_access
ID_00496,CR01243,global_scope,inherited_role
ID_00686,CR01457,resource_scope,federated_access
ID_00379,CR01800,resource_scope,assigned_role
ID_00812,CR00667,resource_scope,elevated_session
ID_01847,CR01090,zone_scope,temporary_role
ID_00699,CR01860,resource_scope,temporary_role
ID_00174,CR00027,zone_scope,inherited_role
ID_01994,CR01043,tenant_scope,assigned_role
ID_00681,CR01337,resource_scope,temporary_role
ID_00277,CR00732,resource_scope,inherited_role
ID_01040,CR01969,resource_scope,elevated_session
ID_01164,CR01358,tenant_scope,temporary_role
ID_01366,CR01324,zone_scope,assigned_role
ID_01204,CR01950,global_scope,assigned_role
ID_00263,CR00341,tenant_scope,elevated_session
ID_01382,CR01570,zone_scope,inherited_role
ID_01031,CR00542,resource_scope,federated_access
ID_00958,CR00068,zone_scope,elevated_session
ID_00095,CR01650,zone_scope,elevated_session
ID_01726,CR00863,zone_scope,federated_access
ID_00901,CR00963,resource_scope,elevated_session
ID_00922,CR00607,zone_scope,elevated_session
ID_00646,CR01883,resource_scope,inherited_role
ID_01145,CR00657,resource_scope,elevated_session
ID_00547,CR01151,resource_scope,temporary_role
ID_00623,CR01983,resource_scope,federated_access
ID_01736,CR00470,tenant_scope,assigned_role
ID_00329,CR00226,resource_scope,inherited_role
ID_01759,CR01311,zone_scope,temporary_role
ID_00431,CR00402,resource_scope,temporary_role
ID_01933,CR00289,zone_scope,inherited_role
ID_01603,CR00381,zone_scope,federated_access
ID_01291,CR00530,resource_scope,federated_access
ID_00940,CR01606,resource_scope,assigned_role
ID_01513,CR00709,tenant_scope,elevated_session
ID_01002,CR01016,resource_scope,elevated_session
ID_01613,CR00966,resource_scope,inherited_role
ID_00315,CR00657,tenant_scope,elevated_session
ID_01708,CR00988,zone_scope,federated_access
ID_01452,CR00578,resource_scope,assigned_role
ID_00252,CR01452,resource_scope,temporary_role
ID_00061,CR01740,resource_scope,assigned_role
ID_00774,CR01053,resource_scope,elevated_session
ID_00035,CR00635,resource_scope,elevated_session
ID_01134,CR01489,tenant_scope,temporary_role
ID_00020,CR00262,resource_scope,federated_access
ID_00917,CR01081,resource_scope,inherited_role
ID_01775,CR01967,resource_scope,elevated_session
ID_00856,CR01594,resource_scope,elevated_session
ID_01444,CR01812,resource_scope,temporary_role
ID_01303,CR01624,tenant_scope,temporary_role
ID_00692,CR00358,resource_scope,assigned_role
ID_00145,CR00799,global_scope,temporary_role
ID_01204,CR00495,resource_scope,inherited_role
ID_01471,CR00532,tenant_scope,inherited_role
ID_00227,CR00575,resource_scope,federated_access
ID_01171,CR01471,resource_scope,elevated_session
ID_01059,CR01722,zone_scope,elevated_session
ID_00081,CR01481,resource_scope,temporary_role
ID_01501,CR00289,tenant_scope,assigned_role
ID_01397,CR01574,tenant_scope,assigned_role
ID_01894,CR01037,tenant_scope,federated_access
ID_01537,CR01139,resource_scope,inherited_role
ID_01715,CR01881,resource_scope,inherited_role
ID_00408,CR01579,tenant_scope,elevated_session
ID_00610,CR00547,tenant_scope,federated_access
ID_01299,CR01397,resource_scope,inherited_role
ID_00847,CR00398,resource_scope,federated_access
ID_01998,CR01580,resource_scope,elevated_session
ID_00177,CR00952,resource_scope,assigned_role
ID_00106,CR01918,resource_scope,elevated_session
ID_01640,CR01050,resource_scope,assigned_role
ID_00418,CR01749,tenant_scope,elevated_session
ID_00960,CR00615,resource_scope,elevated_session
ID_00942,CR00455,resource_scope,elevated_session
ID_01035,CR01989,resource_scope,assigned_role
ID_00371,CR01900,resource_scope,assigned_role
ID_00172,CR01597,zone_scope,federated_access
ID_00032,CR01431,resource_scope,federated_access
ID_01674,CR01051,tenant_scope,federated_access
ID_01040,CR01809,tenant_scope,inherited_role
ID_00958,CR00826,resource_scope,inherited_role
ID_00304,CR01060,resource_scope,federated_access
ID_01867,CR01394,resource_scope,temporary_role
ID_00490,CR01155,resource_scope,elevated_session
ID_01321,CR00784,zone_scope,temporary_role
ID_00062,CR01570,resource_scope,inherited_role
ID_00466,CR00280,resource_scope,elevated_session
ID_01946,CR01091,zone_scope,inherited_role
ID_01109,CR01161,resource_scope,federated_access
ID_00276,CR01957,resource_scope,elevated_session
ID_01370,CR00334,tenant_scope,assigned_role
ID_00361,CR01295,zone_scope,temporary_role
ID_00774,CR01226,resource_scope,inherited_role
ID_01609,CR01168,resource_scope,elevated_session
ID_00681,CR00108,resource_scope,elevated_session
ID_01808,CR01255,resource_scope,temporary_role
ID_01000,CR00166,resource_scope,assigned_role
ID_01063,CR01664,resource_scope,inherited_role
ID_00562,CR00100,resource_scope,inherited_role
ID_00706,CR01565,resource_scope,assigned_role
ID_01997,CR01215,tenant_scope,inherited_role
ID_01040,CR00991,tenant_scope,inherited_role
ID_01501,CR00815,resource_scope,elevated_session
ID_01596,CR00825,resource_scope,assigned_role
ID_01225,CR00261,zone_scope,inherited_role
ID_01352,CR00516,resource_scope,elevated_session
ID_01158,CR01740,resource_scope,inherited_role
ID_00204,CR01329,tenant_scope,temporary_role
ID_01681,CR01928,resource_scope,temporary_role
ID_01330,CR00145,resource_scope,temporary_role
ID_00686,CR00074,tenant_scope,federated_access
ID_00767,CR00259,global_scope,temporary_role
ID_01862,CR00001,resource_scope,temporary_role
ID_01415,CR00628,resource_scope,assigned_role
ID_01111,CR01815,tenant_scope,assigned_role
ID_01922,CR01296,tenant_scope,federated_access
ID_01653,CR00654,resource_scope,federated_access
ID_00322,CR01182,zone_scope,assigned_role
ID_00417,CR00898,zone_scope,temporary_role
ID_01628,CR00216,resource_scope,inherited_role
ID_01221,CR01920,resource_scope,federated_access
ID_00529,CR00965,zone_scope,assigned_role
ID_00215,CR00366,resource_scope,federated_access
ID_01918,CR01276,zone_scope,elevated_session
ID_00925,CR00065,resource_scope,elevated_session
ID_00047,CR01344,resource_scope,elevated_session
ID_01554,CR01669,resource_scope,elevated_session
ID_00889,CR00773,tenant_scope,temporary_role
ID_01126,CR01741,resource_scope,federated_access
ID_00534,CR00056,resource_scope,assigned_role
ID_01246,CR01443,resource_scope,elevated_session
ID_00718,CR00735,resource_scope,assigned_role
ID_01263,CR01249,global_scope,inherited_role
ID_01592,CR00779,resource_scope,assigned_role
ID_01396,CR01250,tenant_scope,federated_access
ID_01645,CR00768,tenant_scope,temporary_role
ID_00564,CR00246,tenant_scope,inherited_role
ID_01319,CR01918,zone_scope,federated_access
ID_01576,CR01385,global_scope,federated_access
ID_01911,CR00599,resource_scope,federated_access
ID_01873,CR00155,zone_scope,assigned_role
ID_00257,CR00778,zone_scope,elevated_session
ID_01843,CR00399,resource_scope,temporary_role
ID_01398,CR00810,resource_scope,temporary_role
ID_01732,CR00799,tenant_scope,temporary_role
ID_00616,CR00000,resource_scope,federated_access
ID_00479,CR01110,resource_scope,inherited_role
ID_00227,CR00331,resource_scope,federated_access
ID_01670,CR00704,tenant_scope,inherited_role
ID_00414,CR01520,global_scope,federated_access
ID_01423,CR00853,global_scope,federated_access
ID_01834,CR01631,resource_scope,temporary_role
ID_01756,CR01092,resource_scope,inherited_role
ID_00790,CR01841,zone_scope,temporary_role
ID_01970,CR00598,resource_scope,assigned_role
ID_00791,CR01139,zone_scope,elevated_session
ID_01194,CR00037,resource_scope,federated_access
ID_01831,CR01664,tenant_scope,temporary_role
ID_01483,CR01529,resource_scope,federated_access
ID_01533,CR00964,resource_scope,inherited_role
ID_00041,CR01481,resource_scope,assigned_role
ID_00482,CR01698,resource_scope,assigned_role
ID_00590,CR01904,resource_scope,temporary_role
ID_01024,CR00659,resource_scope,federated_access
ID_01783,CR00198,resource_scope,elevated_session
ID_01675,CR00662,zone_scope,elevated_session
ID_00412,CR00010,resource_scope,assigned_role
ID_01207,CR01465,resource_scope,temporary_role
ID_00624,CR01645,tenant_scope,temporary_role
ID_00540,CR00813,zone_scope,temporary_role
ID_01598,CR00100,tenant_scope,elevated_session
ID_00422,CR00009,resource_scope,inherited_role
ID_01807,CR00222,tenant_scope,elevated_session
ID_01913,CR01480,resource_scope,assigned_role
ID_00185,CR01081,zone_scope,assigned_role
ID_01478,CR00807,resource_scope,elevated_session
ID_01725,CR01433,global_scope,temporary_role
ID_01476,CR00466,global_scope,temporary_role
ID_00869,CR00945,resource_scope,inherited_role
ID_01936,CR01943,resource_scope,federated_access
ID_01075,CR00134,resource_scope,assigned_role
ID_00454,CR00958,resource_scope,inherited_role
ID_01846,CR00858,zone_scope,inherited_role
ID_00402,CR01290,resource_scope,federated_access
ID_01406,CR01563,zone_scope,temporary_role
ID_01667,CR00759,resource_scope,temporary_role
ID_01699,CR01190,resource_scope,inherited_role
ID_00009,CR01341,global_scope,inherited_role
ID_01271,CR00873,resource_scope,elevated_session
ID_00267,CR01591,tenant_scope,inherited_role
ID_00206,CR01966,resource_scope,elevated_session
ID_01648,CR01221,resource_scope,federated_access
ID_00624,CR01751,zone_scope,federated_access
ID_01606,CR00130,tenant_scope,temporary_role
ID_01468,CR00659,resource_scope,elevated_session
ID_01792,CR01720,tenant_scope,inherited_role
ID_00543,CR00922,tenant_scope,assigned_role
ID_01681,CR00479,tenant_scope,inherited_role
ID_00755,CR01224,resource_scope,federated_access
ID_00381,CR01223,tenant_scope,federated_access
ID_01558,CR01752,zone_scope,federated_access
ID_00618,CR00851,resource_scope,inherited_role
ID_01296,CR00426,resource_scope,temporary_role
ID_01456,CR01651,resource_scope,federated_access
ID_00349,CR01980,resource_scope,assigned_role
ID_00562,CR01457,zone_scope,inherited_role
ID_00039,CR00265,zone_scope,federated_access
ID_01037,CR00754,tenant_scope,assigned_role
ID_00386,CR00707,tenant_scope,federated_access
ID_00649,CR00881,tenant_scope,inherited_role
ID_00560,CR00983,resource_scope,assigned_role
ID_01934,CR00942,zone_scope,temporary_role
ID_01892,CR00318,resource_scope,elevated_session
ID_00381,CR01686,tenant_scope,inherited_role
ID_00910,CR00058,tenant_scope,temporary_role
ID_01862,CR00668,resource_scope,assigned_role
ID_00758,CR00839,tenant_scope,federated_access
ID_00584,CR00307,resource_scope,elevated_session
ID_00477,CR00316,resource_scope,temporary_role
ID_01350,CR00862,resource_scope,assigned_role
ID_01982,CR00962,zone_scope,inherited_role
ID_01375,CR01204,resource_scope,elevated_session
ID_00260,CR00356,resource_scope,elevated_session
ID_01101,CR00269,resource_scope,inherited_role
ID_01194,CR00206,tenant_scope,assigned_role
ID_01045,CR01224,zone_scope,federated_access
ID_00902,CR00418,resource_scope,assigned_role
ID_01312,CR01770,resource_scope,federated_access
ID_00520,CR00567,zone_scope,federated_access
ID_00834,CR00845,global_scope,inherited_role
ID_00710,CR00154,tenant_scope,assigned_role
ID_00213,CR01581,tenant_scope,temporary_role
ID_00292,CR01351,global_scope,elevated_session
ID_00103,CR00709,resource_scope,federated_access
ID_00035,CR01215,resource_scope,assigned_role
ID_00046,CR01907,global_scope,inherited_role
ID_01262,CR01320,resource_scope,temporary_role
ID_00764,CR01265,global_scope,elevated_session
ID_00809,CR00708,zone_scope,elevated_session
ID_01717,CR00362,global_scope,elevated_session
ID_00301,CR01295,global_scope,assigned_role
ID_01906,CR00464,resource_scope,federated_access
ID_01088,CR01770,resource_scope,federated_access
ID_01483,CR01257,resource_scope,temporary_role
ID_01757,CR01240,tenant_scope,inherited_role
ID_00097,CR01001,global_scope,inherited_role
ID_00889,CR01418,resource_scope,elevated_session
ID_00407,CR01533,resource_scope,temporary_role
ID_01433,CR01919,resource_scope,assigned_role
ID_01797,CR01946,resource_scope,inherited_role
ID_01837,CR00678,resource_scope,assigned_role
ID_01326,CR01939,resource_scope,temporary_role
ID_00143,CR01250,resource_scope,assigned_role
ID_00990,CR00977,resource_scope,assigned_role
ID_01650,CR01307,global_scope,federated_access
ID_01572,CR01492,resource_scope,elevated_session
ID_01453,CR01719,resource_scope,temporary_role
ID_01123,CR00901,resource_scope,federated_access
ID_00062,CR00097,resource_scope,elevated_session
ID_01470,CR01927,tenant_scope,assigned_role
ID_00621,CR00354,resource_scope,federated_access
ID_01355,CR01934,tenant_scope,assigned_role
ID_00877,CR00427,zone_scope,assigned_role
ID_00428,CR01035,resource_scope,elevated_session
ID_00596,CR01804,zone_scope,inherited_role
ID_00253,CR01897,zone_scope,inherited_role
ID_01941,CR00998,global_scope,temporary_role
ID_00832,CR01223,zone_scope,federated_access
ID_00969,CR00944,resource_scope,elevated_session
ID_00331,CR01797,global_scope,elevated_session
ID_00973,CR01832,global_scope,assigned_role
ID_01293,CR00425,tenant_scope,inherited_role
ID_01260,CR01436,global_scope,temporary_role
ID_00737,CR01863,tenant_scope,inherited_role
ID_00964,CR00888,resource_scope,inherited_role
ID_00641,CR00052,resource_scope,elevated_session
ID_00752,CR01730,zone_scope,federated_access
ID_00568,CR00032,tenant_scope,federated_access
ID_01718,CR01107,resource_scope,inherited_role
ID_00192,CR01802,resource_scope,temporary_role
ID_00995,CR01686,resource_scope,temporary_role
ID_00573,CR00676,resource_scope,assigned_role
ID_01325,CR01587,resource_scope,assigned_role
ID_01779,CR01453,resource_scope,assigned_role
ID_01432,CR00973,resource_scope,assigned_role
ID_01607,CR01481,tenant_scope,assigned_role
ID_00003,CR01945,resource_scope,inherited_role
ID_01373,CR00427,zone_scope,assigned_role
ID_00642,CR00534,tenant_scope,federated_access
ID_00583,CR00123,resource_scope,inherited_role
ID_00988,CR01515,resource_scope,elevated_session
ID_00097,CR00714,tenant_scope,inherited_role
ID_00258,CR00008,zone_scope,inherited_role
ID_00013,CR00119,tenant_scope,inherited_role
ID_01003,CR01339,zone_scope,elevated_session
ID_01369,CR00589,resource_scope,elevated_session
ID_01756,CR01493,resource_scope,elevated_session
ID_00620,CR00823,resource_scope,assigned_role
ID_02000,CR01101,resource_scope,assigned_role
ID_00422,CR00258,resource_scope,temporary_role
ID_00814,CR00853,tenant_scope,temporary_role
ID_00526,CR01817,resource_scope,elevated_session
ID_00981,CR00214,zone_scope,inherited_role
ID_01564,CR01331,resource_scope,federated_access
ID_00789,CR01497,tenant_scope,federated_access
ID_00502,CR01261,tenant_scope,inherited_role
ID_00487,CR01009,resource_scope,assigned_role
ID_00623,CR00778,resource_scope,elevated_session
ID_01075,CR00316,resource_scope,elevated_session
ID_01376,CR00601,resource_scope,elevated_session
ID_00088,CR00503,resource_scope,temporary_role
ID_00845,CR01480,zone_scope,inherited_role
ID_00012,CR00134,resource_scope,inherited_role
ID_00959,CR00472,tenant_scope,elevated_session
ID_01174,CR00808,resource_scope,elevated_session
ID_00411,CR00389,resource_scope,federated_access
ID_00035,CR00861,zone_scope,inherited_role
ID_01745,CR00274,resource_scope,inherited_role
ID_01723,CR00175,resource_scope,federated_access
ID_00844,CR00944,zone_scope,elevated_session
ID_00516,CR00711,resource_scope,inherited_role
ID_00166,CR00279,resource_scope,federated_access
ID_01990,CR01335,resource_scope,assigned_role
ID_01322,CR01368,resource_scope,federated_access
ID_00081,CR00690,resource_scope,temporary_role
ID_01349,CR00224,zone_scope,assigned_role
ID_01069,CR01764,resource_scope,elevated_session
ID_00774,CR01240,tenant_scope,inherited_role
ID_00060,CR01083,global_scope,elevated_session
ID_01201,CR01358,resource_scope,temporary_role
ID_01846,CR00663,resource_scope,temporary_role
ID_01282,CR00381,resource_scope,federated_access
ID_00754,CR00013,resource_scope,assigned_role
ID_00573,CR00755,resource_scope,inherited_role
ID_01095,CR01433,resource_scope,assigned_role
ID_01552,CR00375,tenant_scope,inherited_role
ID_01725,CR00221,resource_scope,assigned_role
ID_01469,CR00347,tenant_scope,temporary_role
ID_00091,CR00026,resource_scope,temporary_role
ID_01844,CR01870,resource_scope,elevated_session
ID_00780,CR00971,tenant_scope,federated_access
ID_01103,CR01291,resource_scope,elevated_session
ID_01228,CR01821,zone_scope,assigned_role
ID_01953,CR01623,resource_scope,assigned_role
ID_00258,CR01195,resource_scope,assigned_role
ID_01125,CR00130,resource_scope,temporary_role
ID_01462,CR01912,resource_scope,temporary_role
ID_00098,CR00875,resource_scope,federated_access
ID_00038,CR00331,resource_scope,inherited_role
ID_00039,CR01503,resource_scope,federated_access
ID_01739,CR00037,global_scope,temporary_role
ID_00967,CR01752,zone_scope,elevated_session
ID_01975,CR00083,resource_scope,elevated_session
ID_01740,CR01910,tenant_scope,assigned_role
ID_00738,CR01412,resource_scope,temporary_role
ID_01186,CR01767,resource_scope,federated_access
ID_01799,CR00151,resource_scope,assigned_role
ID_01026,CR01415,resource_scope,elevated_session
ID_00028,CR01749,zone_scope,temporary_role
ID_02000,CR00425,resource_scope,elevated_session
ID_00422,CR00469,resource_scope,inherited_role
ID_01619,CR00772,resource_scope,elevated_session
ID_01169,CR01095,tenant_scope,elevated_session
ID_00563,CR01054,resource_scope,elevated_session
ID_00518,CR00853,resource_scope,assigned_role
ID_01240,CR01186,resource_scope,temporary_role
ID_00353,CR01187,tenant_scope,assigned_role
ID_01814,CR00633,resource_scope,federated_access
ID_01523,CR00082,tenant_scope,assigned_role
ID_00761,CR01352,resource_scope,temporary_role
ID_01722,CR00764,resource_scope,temporary_role
ID_00621,CR00897,zone_scope,elevated_session
ID_01222,CR01216,resource_scope,assigned_role
ID_01896,CR00888,resource_scope,temporary_role
ID_00862,CR01238,zone_scope,federated_access
ID_00348,CR00988,resource_scope,temporary_role
ID_01960,CR00058,tenant_scope,temporary_role
ID_01303,CR01846,resource_scope,temporary_role
ID_00103,CR01348,resource_scope,inherited_role
ID_00239,CR00194,resource_scope,temporary_role
ID_00113,CR00299,zone_scope,assigned_role
ID_01354,CR01194,tenant_scope,inherited_role
ID_01828,CR00842,resource_scope,temporary_role
ID_01004,CR01494,resource_scope,assigned_role
ID_00988,CR00149,zone_scope,temporary_role
ID_00419,CR01872,zone_scope,assigned_role
ID_01003,CR01234,resource_scope,elevated_session
ID_01281,CR00705,resource_scope,federated_access
ID_01473,CR01143,tenant_scope,federated_access
ID_01284,CR00998,tenant_scope,federated_access
ID_01527,CR00617,zone_scope,elevated_session
ID_00762,CR01834,resource_scope,federated_access
ID_00683,CR01620,resource_scope,inherited_role
ID_01170,CR00462,zone_scope,federated_access
ID_00442,CR00753,tenant_scope,elevated_session
ID_00995,CR01192,global_scope,elevated_session
ID_01807,CR00978,resource_scope,elevated_session
ID_00935,CR00425,zone_scope,temporary_role
ID_01144,CR01935,global_scope,federated_access
ID_00740,CR01789,resource_scope,elevated_session
ID_01973,CR01727,tenant_scope,temporary_role
ID_00507,CR01372,zone_scope,assigned_role
ID_01528,CR01423,resource_scope,temporary_role
ID_00670,CR00066,resource_scope,assigned_role
ID_01469,CR00113,resource_scope,assigned_role
ID_00709,CR01725,resource_scope,assigned_role
ID_01326,CR01623,resource_scope,elevated_session
ID_01228,CR01850,zone_scope,temporary_role
ID_01982,CR01521,resource_scope,inherited_role
ID_00139,CR00356,zone_scope,assigned_role
ID_00369,CR01835,zone_scope,federated_access
ID_00067,CR01418,zone_scope,temporary_role
ID_01970,CR01101,tenant_scope,inherited_role
ID_01773,CR01754,resource_scope,elevated_session
ID_01665,CR00814,resource_scope,temporary_role
ID_01921,CR01994,zone_scope,assigned_role
ID_00133,CR01687,tenant_scope,federated_access
ID_00869,CR01673,resource_scope,temporary_role
ID_00886,CR01886,resource_scope,temporary_role
ID_01578,CR01548,resource_scope,assigned_role
ID_00220,CR01700,resource_scope,assigned_role
ID_01051,CR01746,resource_scope,inherited_role
ID_00417,CR00975,zone_scope,assigned_role
ID_01067,CR00807,tenant_scope,federated_access
ID_00920,CR00383,resource_scope,elevated_session
ID_01507,CR00415,resource_scope,inherited_role
ID_01328,CR00779,global_scope,elevated_session
ID_01070,CR01477,resource_scope,inherited_role
ID_01394,CR00557,zone_scope,federated_access
ID_00742,CR01616,zone_scope,assigned_role
ID_00380,CR01094,resource_scope,temporary_role
ID_01651,CR00513,zone_scope,temporary_role
ID_00840,CR01945,resource_scope,inherited_role
ID_01597,CR01778,tenant_scope,assigned_role
ID_00053,CR00324,resource_scope,elevated_session
ID_00555,CR01691,resource_scope,temporary_role
ID_00193,CR01156,resource_scope,elevated_session
ID_00304,CR00050,resource_scope,inherited_role
ID_00804,CR00432,zone_scope,temporary_role
ID_00592,CR01187,tenant_scope,inherited_role
ID_01015,CR00437,resource_scope,elevated_session
ID_01622,CR00879,global_scope,temporary_role
ID_01074,CR01462,zone_scope,inherited_role
ID_01515,CR00676,resource_scope,elevated_session
ID_00011,CR00142,resource_scope,elevated_session
ID_01116,CR01989,resource_scope,inherited_role
ID_01733,CR01593,resource_scope,temporary_role
ID_00801,CR00396,resource_scope,inherited_role
ID_00882,CR01462,tenant_scope,elevated_session
ID_00572,CR00320,resource_scope,federated_access
ID_00794,CR00537,resource_scope,elevated_session
ID_00676,CR01103,zone_scope,inherited_role
ID_00361,CR01514,resource_scope,temporary_role
ID_00278,CR00176,resource_scope,federated_access
ID_01128,CR01234,tenant_scope,federated_access
ID_00899,CR01354,resource_scope,inherited_role
ID_01566,CR01682,global_scope,temporary_role
ID_00874,CR00331,zone_scope,inherited_role
ID_00580,CR00557,resource_scope,federated_access
ID_01229,CR00880,resource_scope,elevated_session
ID_00609,CR01115,tenant_scope,elevated_session
ID_00717,CR00331,tenant_scope,inherited_role
ID_00336,CR00766,zone_scope,temporary_role
ID_01066,CR01528,resource_scope,elevated_session
ID_00517,CR01165,resource_scope,inherited_role
ID_00945,CR00238,zone_scope,elevated_session
ID_01206,CR01439,global_scope,inherited_role
ID_00563,CR00580,zone_scope,inherited_role
ID_01891,CR00692,resource_scope,elevated_session
ID_00820,CR00937,resource_scope,federated_access
ID_00212,CR00588,zone_scope,inherited_role
ID_00151,CR01372,global_scope,inherited_role
ID_01197,CR00083,resource_scope,federated_access
ID_01806,CR01159,resource_scope,temporary_role
ID_01247,CR00234,resource_scope,inherited_role
ID_01150,CR01587,resource_scope,elevated_session
ID_00080,CR01652,zone_scope,assigned_role
ID_01130,CR00343,resource_scope,assigned_role
ID_01076,CR00748,resource_scope,temporary_role
ID_00694,CR00351,tenant_scope,inherited_role
ID_00135,CR00157,resource_scope,temporary_role
ID_00386,CR01017,resource_scope,assigned_role
ID_00944,CR01912,resource_scope,federated_access
ID_00084,CR00704,zone_scope,assigned_role
ID_01003,CR00058,resource_scope,federated_access
ID_01008,CR00926,tenant_scope,federated_access
ID_01668,CR00760,tenant_scope,assigned_role
ID_00823,CR01135,resource_scope,temporary_role
ID_00167,CR00699,resource_scope,federated_access
ID_00084,CR00964,tenant_scope,elevated_session
ID_01703,CR01997,zone_scope,assigned_role
ID_01023,CR01821,resource_scope,inherited_role
ID_01026,CR01853,resource_scope,inherited_role
ID_01903,CR00501,zone_scope,inherited_role
ID_01903,CR00549,zone_scope,temporary_role
ID_01568,CR01955,resource_scope,federated_access
ID_00306,CR00502,tenant_scope,federated_access
ID_01461,CR00045,resource_scope,federated_access
ID_01999,CR00374,tenant_scope,inherited_role
ID_00598,CR00060,global_scope,elevated_session
ID_00079,CR01307,resource_scope,temporary_role
ID_01626,CR00042,zone_scope,assigned_role
ID_00427,CR01262,zone_scope,inherited_role
ID_00803,CR00537,resource_scope,temporary_role
ID_00224,CR01126,resource_scope,inherited_role
ID_00211,CR01309,tenant_scope,temporary_role
ID_00646,CR00436,resource_scope,temporary_role
ID_00582,CR00070,resource_scope,temporary_role
ID_00525,CR01174,resource_scope,inherited_role
ID_00979,CR00644,zone_scope,temporary_role
ID_00042,CR01351,resource_scope,temporary_role
ID_01181,CR01839,resource_scope,assigned_role
ID_00539,CR00878,resource_scope,assigned_role
ID_00244,CR00237,tenant_scope,assigned_role
ID_01015,CR01810,resource_scope,temporary_role
ID_01730,CR00910,resource_scope,temporary_role
ID_00292,CR01410,resource_scope,temporary_role
ID_01006,CR01701,resource_scope,inherited_role
ID_00908,CR01247,resource_scope,assigned_role
ID_00106,CR01025,resource_scope,inherited_role
ID_01574,CR01811,tenant_scope,elevated_session
ID_01370,CR00902,resource_scope,temporary_role
ID_01387,CR01436,resource_scope,temporary_role
ID_01521,CR00629,tenant_scope,federated_access
ID_01954,CR01720,resource_scope,temporary_role
ID_01878,CR00044,resource_scope,assigned_role
ID_01168,CR01071,resource_scope,inherited_role
ID_00799,CR00700,resource_scope,inherited_role
ID_01706,CR01906,zone_scope,assigned_role
ID_01259,CR00397,resource_scope,assigned_role
ID_01562,CR01626,resource_scope,temporary_role
ID_01846,CR00160,zone_scope,federated_access
ID_01408,CR01905,tenant_scope,elevated_session
ID_00056,CR01311,resource_scope,assigned_role
ID_00047,CR00929,resource_scope,temporary_role
ID_01150,CR01346,global_scope,elevated_session
ID_01873,CR00729,resource_scope,assigned_role
ID_01143,CR01538,zone_scope,assigned_role
ID_01001,CR00598,resource_scope,inherited_role
ID_01656,CR00843,resource_scope,temporary_role
ID_00415,CR01078,resource_scope,temporary_role
ID_00719,CR01159,resource_scope,assigned_role
ID_01713,CR00317,resource_scope,elevated_session
ID_00737,CR00899,resource_scope,temporary_role
ID_00945,CR00782,zone_scope,inherited_role
ID_01188,CR01579,resource_scope,temporary_role
ID_01581,CR00929,zone_scope,federated_access
ID_01694,CR00409,resource_scope,elevated_session
ID_00841,CR01306,resource_scope,elevated_session
ID_01805,CR01208,zone_scope,federated_access
ID_00448,CR00184,resource_scope,temporary_role
ID_01047,CR00227,resource_scope,federated_access
ID_00905,CR00910,tenant_scope,assigned_role
ID_00607,CR01432,resource_scope,temporary_role
ID_01493,CR00893,resource_scope,federated_access
ID_01944,CR01852,global_scope,inherited_role
ID_00546,CR01768,resource_scope,elevated_session
ID_01106,CR00159,resource_scope,elevated_session
ID_00048,CR00898,tenant_scope,federated_access
ID_00121,CR00183,resource_scope,federated_access
ID_00545,CR01408,tenant_scope,federated_access
ID_00440,CR00738,zone_scope,federated_access
ID_00543,CR01735,resource_scope,elevated_session
ID_00714,CR00763,resource_scope,elevated_session
ID_01034,CR01713,zone_scope,inherited_role
ID_00301,CR00596,resource_scope,federated_access
ID_00769,CR01629,resource_scope,assigned_role
ID_00403,CR00838,resource_scope,elevated_session
ID_00051,CR00873,resource_scope,elevated_session
ID_00512,CR00611,tenant_scope,federated_access
ID_00094,CR01947,zone_scope,temporary_role
ID_01895,CR01026,tenant_scope,assigned_role
ID_00193,CR01943,resource_scope,assigned_role
ID_00881,CR01778,resource_scope,inherited_role
ID_01036,CR00274,tenant_scope,inherited_role
ID_01759,CR01040,resource_scope,inherited_role
ID_00129,CR00461,zone_scope,federated_access
ID_00101,CR01176,resource_scope,inherited_role
ID_01137,CR01640,resource_scope,temporary_role
ID_01407,CR01554,resource_scope,assigned_role
ID_01045,CR00512,zone_scope,federated_access
ID_01916,CR00789,resource_scope,inherited_role
ID_00516,CR00593,tenant_scope,temporary_role
ID_01088,CR01549,zone_scope,elevated_session
ID_00613,CR01904,resource_scope,inherited_role
ID_00276,CR01200,resource_scope,elevated_session
ID_01058,CR00367,resource_scope,assigned_role
ID_01963,CR00161,resource_scope,temporary_role
ID_00634,CR01122,zone_scope,inherited_role
ID_00969,CR00737,resource_scope,inherited_role
ID_00337,CR01821,zone_scope,federated_access
ID_00397,CR00617,tenant_scope,inherited_role
ID_00608,CR00046,resource_scope,federated_access
ID_01036,CR00219,global_scope,federated_access
ID_00476,CR00919,resource_scope,elevated_session
ID_00610,CR00601,resource_scope,federated_access
ID_00693,CR01629,resource_scope,elevated_session
ID_00008,CR00040,tenant_scope,elevated_session
ID_00575,CR01354,zone_scope,inherited_role
ID_00104,CR01808,resource_scope,inherited_role
ID_01752,CR00900,tenant_scope,temporary_role
ID_01082,CR01656,zone_scope,temporary_role
ID_01893,CR01908,resource_scope,elevated_session
ID_01302,CR01918,resource_scope,temporary_role
ID_00370,CR01539,resource_scope,temporary_role
ID_00738,CR01977,resource_scope,elevated_session
ID_01006,CR01344,resource_scope,federated_access
ID_01862,CR00384,resource_scope,elevated_session
ID_00576,CR00552,resource_scope,temporary_role
ID_00697,CR01570,resource_scope,temporary_role
ID_00432,CR01623,zone_scope,elevated_session
ID_00308,CR00630,global_scope,federated_access
ID_01444,CR00090,resource_scope,temporary_role
ID_01500,CR01041,resource_scope,assigned_role
ID_01891,CR00505,zone_scope,elevated_session
ID_01285,CR00024,tenant_scope,federated_access
ID_01433,CR01731,zone_scope,federated_access
ID_01714,CR01319,zone_scope,elevated_session
ID_01406,CR00873,resource_scope,inherited_role
ID_01602,CR01912,resource_scope,temporary_role
ID_00644,CR01285,zone_scope,elevated_session
ID_01651,CR00449,tenant_scope,federated_access
ID_01853,CR01041,resource_scope,temporary_role
ID_01284,CR00501,resource_scope,elevated_session
ID_00469,CR00573,tenant_scope,elevated_session
ID_00017,CR00870,resource_scope,temporary_role
ID_01887,CR01788,resource_scope,elevated_session
ID_01047,CR01371,global_scope,elevated_session
ID_00521,CR01373,resource_scope,federated_access
ID_01445,CR00344,resource_scope,elevated_session
ID_00297,CR00336,tenant_scope,inherited_role
ID_00817,CR00124,tenant_scope,inherited_role
ID_00466,CR01570,zone_scope,elevated_session
ID_00391,CR01274,tenant_scope,assigned_role
ID_01992,CR01303,resource_scope,inherited_role
ID_00941,CR01380,tenant_scope,temporary_role
ID_00584,CR00569,resource_scope,assigned_role
ID_01838,CR01517,tenant_scope,elevated_session
ID_00657,CR01851,resource_scope,federated_access
ID_01368,CR00832,resource_scope,federated_access
ID_01149,CR01106,resource_scope,elevated_session
ID_01365,CR00396,tenant_scope,elevated_session
ID_00779,CR00915,resource_scope,inherited_role
ID_01590,CR00206,resource_scope,elevated_session
ID_00902,CR01041,resource_scope,inherited_role
ID_01484,CR00215,resource_scope,inherited_role
ID_01621,CR01691,resource_scope,assigned_role
ID_01802,CR00044,resource_scope,inherited_role
ID_01951,CR01634,zone_scope,inherited_role
ID_01698,CR01359,resource_scope,assigned_role
ID_00616,CR01206,zone_scope,assigned_role
ID_00436,CR00911,zone_scope,elevated_session
ID_00517,CR00178,resource_scope,inherited_role
ID_00673,CR01128,tenant_scope,assigned_role
ID_00959,CR00242,resource_scope,temporary_role
ID_00820,CR00407,resource_scope,temporary_role
ID_00994,CR01912,global_scope,federated_access
ID_01861,CR01889,zone_scope,elevated_session
ID_00322,CR01816,tenant_scope,temporary_role
ID_01801,CR00239,resource_scope,inherited_role
ID_00302,CR00654,resource_scope,federated_access
ID_01688,CR01536,tenant_scope,assigned_role
ID_00823,CR01551,resource_scope,inherited_role
ID_01786,CR01620,tenant_scope,inherited_role
ID_01299,CR01252,tenant_scope,inherited_role
ID_01489,CR00914,resource_scope,inherited_role
ID_01521,CR00693,resource_scope,federated_access
ID_01200,CR01497,resource_scope,assigned_role
ID_01766,CR00220,resource_scope,assigned_role
ID_01355,CR01491,tenant_scope,inherited_role
ID_00725,CR01111,tenant_scope,federated_access
ID_00754,CR00224,resource_scope,elevated_session
