source_identity,target_identity,relation_type,shared_secret,prob_reuse
ID_00712,ID_01769,same_owner,False,0.359
ID_01902,ID_01473,derives_from,False,0.042
ID_00769,ID_01226,shared_credential,True,0.324
ID_01046,ID_01204,delegated_access,False,0.424
ID_00027,ID_01811,shared_credential,True,0.073
ID_00469,ID_00477,same_owner,False,0.126
ID_00752,ID_01490,delegated_access,False,0.024
ID_00113,ID_01577,shared_credential,True,0.187
ID_01789,ID_00971,same_owner,False,0.2
ID_01856,ID_00253,derives_from,False,0.127
ID_00352,ID_00196,same_owner,False,0.08
ID_01800,ID_01289,shared_credential,True,0.17
ID_00472,ID_01100,derives_from,False,0.267
ID_01851,ID_00703,service_account_link,False,0.28
ID_01690,ID_00182,shared_credential,False,0.201
ID_01683,ID_01918,same_owner,False,0.069
ID_00177,ID_00476,derives_from,False,0.064
ID_00454,ID_00020,derives_from,False,0.301
ID_00405,ID_01646,derives_from,False,0.207
ID_00482,ID_01876,shared_credential,True,0.178
ID_00225,ID_01879,service_account_link,True,0.416
ID_00124,ID_01591,shared_credential,False,0.044
ID_01840,ID_01038,shared_credential,False,0.205
ID_01348,ID_00204,same_owner,False,0.079
ID_01746,ID_01284,service_account_link,True,0.232
ID_01910,ID_01112,derives_from,False,0.29
ID_01072,ID_01771,shared_credential,True,0.21
ID_00105,ID_01604,service_account_link,True,0.294
ID_01834,ID_01553,derives_from,False,0.207
ID_01847,ID_01447,service_account_link,False,0.281
ID_00449,ID_01541,derives_from,False,0.155
ID_01070,ID_01138,delegated_access,False,0.097
ID_01783,ID_01121,derives_from,False,0.571
ID_01449,ID_01089,same_owner,False,0.218
ID_00969,ID_00836,same_owner,False,0.142
ID_00306,ID_01164,service_account_link,True,0.084
ID_00247,ID_00323,same_owner,False,0.015
ID_00485,ID_01859,same_owner,False,0.277
ID_01852,ID_00560,same_owner,False,0.277
ID_01668,ID_00253,delegated_access,False,0.019
ID_01589,ID_01231,derives_from,False,0.065
ID_01920,ID_01170,service_account_link,True,0.16
ID_01289,ID_01096,shared_credential,True,0.31
ID_01984,ID_00726,derives_from,False,0.275
ID_00417,ID_00167,same_owner,False,0.029
ID_01061,ID_01957,shared_credential,False,0.193
ID_01361,ID_00560,same_owner,False,0.279
ID_00332,ID_01619,same_owner,False,0.252
ID_00754,ID_00595,shared_credential,True,0.264
ID_00015,ID_01041,delegated_access,False,0.202
ID_00708,ID_00037,same_owner,False,0.193
ID_01016,ID_01350,same_owner,False,0.216
ID_00114,ID_01623,same_owner,False,0.021
ID_01238,ID_00281,service_account_link,True,0.268
ID_00684,ID_01209,derives_from,False,0.44
ID_00969,ID_01097,derives_from,False,0.275
ID_01220,ID_01805,derives_from,False,0.131
ID_00246,ID_01053,shared_credential,False,0.122
ID_00609,ID_01439,service_account_link,True,0.103
ID_00033,ID_00548,same_owner,False,0.165
ID_01711,ID_01710,derives_from,False,0.092
ID_00756,ID_00473,service_account_link,False,0.074
ID_00841,ID_00456,shared_credential,False,0.289
ID_01780,ID_01671,service_account_link,True,0.117
ID_01711,ID_00714,derives_from,False,0.118
ID_01183,ID_00947,service_account_link,False,0.14
ID_01214,ID_00388,shared_credential,True,0.13
ID_01940,ID_01344,delegated_access,False,0.269
ID_00799,ID_01531,delegated_access,False,0.404
ID_01666,ID_00260,shared_credential,True,0.296
ID_01556,ID_01014,delegated_access,False,0.121
ID_00341,ID_01520,service_account_link,False,0.217
ID_00710,ID_00376,delegated_access,False,0.265
ID_00267,ID_01485,shared_credential,False,0.046
ID_00279,ID_00666,service_account_link,True,0.117
ID_00295,ID_00120,shared_credential,True,0.196
ID_01972,ID_01335,shared_credential,False,0.071
ID_00810,ID_01344,shared_credential,False,0.061
ID_00663,ID_01068,shared_credential,False,0.189
ID_01045,ID_01762,shared_credential,True,0.034
ID_00818,ID_01066,shared_credential,True,0.202
ID_01447,ID_01215,service_account_link,False,0.375
ID_00760,ID_00242,same_owner,False,0.13
ID_00020,ID_00788,shared_credential,True,0.217
ID_00648,ID_01499,same_owner,False,0.09
ID_00096,ID_00244,service_account_link,True,0.371
ID_01417,ID_00848,same_owner,False,0.154
ID_01121,ID_00084,shared_credential,False,0.204
ID_01843,ID_01283,derives_from,False,0.131
ID_01163,ID_01138,shared_credential,False,0.246
ID_01615,ID_00144,shared_credential,False,0.349
ID_00683,ID_01150,derives_from,False,0.122
ID_01784,ID_01498,same_owner,False,0.077
ID_00093,ID_00999,shared_credential,True,0.216
ID_00008,ID_00204,delegated_access,False,0.302
ID_00429,ID_00059,derives_from,False,0.384
ID_00062,ID_01618,derives_from,False,0.104
ID_00874,ID_00777,service_account_link,True,0.419
ID_00747,ID_01368,delegated_access,False,0.137
ID_01581,ID_00631,derives_from,False,0.069
ID_00428,ID_01105,derives_from,False,0.058
ID_01189,ID_00849,delegated_access,False,0.506
ID_01705,ID_00665,derives_from,False,0.025
ID_00481,ID_01330,shared_credential,True,0.339
ID_00194,ID_01206,shared_credential,False,0.07
ID_01057,ID_00318,same_owner,False,0.036
ID_00759,ID_01915,same_owner,False,0.111
ID_00675,ID_01814,service_account_link,True,0.242
ID_01384,ID_00213,shared_credential,True,0.158
ID_00866,ID_01672,same_owner,False,0.097
ID_00304,ID_00887,same_owner,False,0.17
ID_00021,ID_01859,same_owner,False,0.267
ID_00217,ID_00316,shared_credential,True,0.179
ID_00862,ID_00637,same_owner,False,0.209
ID_01976,ID_01557,same_owner,False,0.392
ID_00789,ID_01167,service_account_link,True,0.058
ID_01850,ID_00415,service_account_link,True,0.162
ID_01906,ID_01898,service_account_link,True,0.29
ID_01339,ID_01024,delegated_access,False,0.154
ID_01159,ID_00090,same_owner,False,0.122
ID_00246,ID_01337,shared_credential,False,0.292
ID_00171,ID_01142,derives_from,False,0.081
ID_00493,ID_01367,shared_credential,False,0.129
ID_00883,ID_01925,shared_credential,True,0.081
ID_00896,ID_00776,service_account_link,True,0.22
ID_00923,ID_00775,service_account_link,True,0.172
ID_01834,ID_00812,derives_from,False,0.13
ID_00226,ID_00059,shared_credential,True,0.111
ID_00392,ID_00788,shared_credential,True,0.22
ID_01590,ID_01159,shared_credential,False,0.316
ID_01674,ID_01983,same_owner,False,0.202
ID_00524,ID_00360,shared_credential,False,0.225
ID_01658,ID_00351,same_owner,False,0.236
ID_00965,ID_00819,same_owner,False,0.176
ID_00102,ID_00729,delegated_access,False,0.151
ID_00534,ID_00499,derives_from,False,0.091
ID_00272,ID_00207,same_owner,False,0.136
ID_00725,ID_00454,shared_credential,True,0.114
ID_00749,ID_01830,service_account_link,False,0.141
ID_00487,ID_01975,shared_credential,True,0.266
ID_01817,ID_01697,derives_from,False,0.029
ID_00645,ID_01275,same_owner,False,0.089
ID_01557,ID_01465,delegated_access,False,0.113
ID_01170,ID_00955,shared_credential,False,0.044
ID_01782,ID_01960,derives_from,False,0.319
ID_00551,ID_00891,delegated_access,False,0.225
ID_00487,ID_01196,same_owner,False,0.143
ID_01119,ID_01462,derives_from,False,0.238
ID_00363,ID_00403,shared_credential,True,0.547
ID_01042,ID_01092,service_account_link,False,0.217
ID_00746,ID_00718,derives_from,False,0.075
ID_01274,ID_01798,derives_from,False,0.021
ID_01688,ID_00856,same_owner,False,0.145
ID_01465,ID_01361,shared_credential,False,0.399
ID_00333,ID_00047,derives_from,False,0.193
ID_00779,ID_01520,service_account_link,False,0.52
ID_00772,ID_01597,shared_credential,True,0.115
ID_00309,ID_00400,shared_credential,True,0.064
ID_00549,ID_01519,derives_from,False,0.421
ID_00756,ID_01485,service_account_link,True,0.091
ID_01115,ID_01162,shared_credential,True,0.129
ID_01521,ID_00789,same_owner,False,0.334
ID_01651,ID_01890,delegated_access,False,0.309
ID_01692,ID_01579,same_owner,False,0.252
ID_01797,ID_01360,service_account_link,True,0.121
ID_00558,ID_01764,delegated_access,False,0.06
ID_00846,ID_00147,service_account_link,True,0.136
ID_01799,ID_01936,delegated_access,False,0.289
ID_00643,ID_00968,derives_from,False,0.188
ID_00229,ID_00990,delegated_access,False,0.175
ID_01213,ID_01106,delegated_access,False,0.281
ID_01472,ID_00792,shared_credential,False,0.41
ID_00469,ID_00807,derives_from,False,0.282
ID_01670,ID_00860,derives_from,False,0.221
ID_00184,ID_00839,derives_from,False,0.441
ID_01863,ID_01664,same_owner,False,0.125
ID_00053,ID_01211,service_account_link,False,0.218
ID_00464,ID_00635,derives_from,False,0.11
ID_01918,ID_00448,shared_credential,False,0.272
ID_00292,ID_00546,delegated_access,False,0.216
ID_01322,ID_01642,derives_from,False,0.051
ID_00057,ID_00047,service_account_link,True,0.354
ID_00114,ID_00697,delegated_access,False,0.223
ID_01805,ID_00777,shared_credential,True,0.087
ID_01007,ID_00335,delegated_access,False,0.067
ID_00931,ID_01873,same_owner,False,0.452
ID_01459,ID_01993,same_owner,False,0.166
ID_01182,ID_01938,derives_from,False,0.441
ID_00857,ID_00989,derives_from,False,0.371
ID_01875,ID_00907,service_account_link,True,0.235
ID_01768,ID_01839,delegated_access,False,0.122
ID_01604,ID_00853,same_owner,False,0.26
ID_00547,ID_01479,service_account_link,True,0.263
ID_01897,ID_00926,shared_credential,True,0.182
ID_00098,ID_00157,delegated_access,False,0.096
ID_00544,ID_01237,derives_from,False,0.317
ID_00364,ID_00318,same_owner,False,0.202
ID_01779,ID_01426,shared_credential,True,0.149
ID_00442,ID_01457,delegated_access,False,0.067
ID_00145,ID_01733,delegated_access,False,0.121
ID_00689,ID_00403,shared_credential,False,0.28
ID_00044,ID_00714,shared_credential,True,0.286
ID_00009,ID_01877,delegated_access,False,0.431
ID_01590,ID_00667,same_owner,False,0.075
ID_00116,ID_01522,delegated_access,False,0.123
ID_00530,ID_00351,shared_credential,False,0.324
ID_00151,ID_00734,derives_from,False,0.225
ID_00632,ID_00894,service_account_link,True,0.077
ID_00402,ID_00720,delegated_access,False,0.256
ID_00546,ID_01111,delegated_access,False,0.099
ID_00532,ID_00228,delegated_access,False,0.099
ID_00773,ID_01550,derives_from,False,0.137
ID_01871,ID_00980,service_account_link,True,0.071
ID_01532,ID_00593,delegated_access,False,0.27
ID_01377,ID_00873,service_account_link,False,0.157
ID_01657,ID_00165,same_owner,False,0.412
ID_00878,ID_01200,derives_from,False,0.221
ID_00690,ID_01546,derives_from,False,0.553
ID_01770,ID_00463,delegated_access,False,0.114
ID_01865,ID_01026,shared_credential,False,0.337
ID_01582,ID_00890,same_owner,False,0.205
ID_01937,ID_01757,same_owner,False,0.146
ID_01657,ID_01026,shared_credential,True,0.062
ID_00932,ID_00715,same_owner,False,0.183
ID_00795,ID_00081,derives_from,False,0.058
ID_01466,ID_01312,service_account_link,True,0.021
ID_00466,ID_01907,service_account_link,True,0.35
ID_00001,ID_01526,same_owner,False,0.089
ID_01696,ID_00991,delegated_access,False,0.052
ID_01541,ID_01310,derives_from,False,0.24
ID_01508,ID_01048,derives_from,False,0.155
ID_01184,ID_01821,delegated_access,False,0.172
ID_00233,ID_01358,same_owner,False,0.073
ID_01544,ID_01825,derives_from,False,0.326
ID_00165,ID_00037,service_account_link,False,0.096
ID_01191,ID_01219,shared_credential,False,0.241
ID_00450,ID_00143,same_owner,False,0.42
ID_00580,ID_01653,service_account_link,False,0.15
ID_01509,ID_00071,service_account_link,False,0.071
ID_00475,ID_00715,derives_from,False,0.265
ID_00985,ID_00903,service_account_link,False,0.071
ID_01967,ID_00698,service_account_link,True,0.293
ID_01313,ID_00682,same_owner,False,0.042
ID_00864,ID_00698,same_owner,False,0.297
ID_00065,ID_01611,derives_from,False,0.38
ID_01378,ID_01508,shared_credential,True,0.166
ID_01326,ID_01877,delegated_access,False,0.125
ID_01036,ID_01262,delegated_access,False,0.268
ID_00001,ID_00310,service_account_link,True,0.479
ID_01255,ID_00423,same_owner,False,0.01
ID_01604,ID_00638,derives_from,False,0.057
ID_01898,ID_01118,derives_from,False,0.114
ID_00412,ID_01797,delegated_access,False,0.035
ID_00863,ID_00457,same_owner,False,0.082
ID_00511,ID_01364,same_owner,False,0.337
ID_01329,ID_00067,service_account_link,True,0.16
ID_01064,ID_00029,same_owner,False,0.454
ID_01092,ID_01867,same_owner,False,0.384
ID_01920,ID_01307,shared_credential,True,0.104
ID_01371,ID_01925,derives_from,False,0.262
ID_01103,ID_01986,same_owner,False,0.103
ID_01671,ID_00983,same_owner,False,0.12
ID_00237,ID_01097,service_account_link,False,0.248
ID_01774,ID_00674,delegated_access,False,0.375
ID_00056,ID_00779,delegated_access,False,0.201
ID_01727,ID_00666,delegated_access,False,0.065
ID_00959,ID_01788,service_account_link,False,0.257
ID_01948,ID_01010,shared_credential,False,0.426
ID_01155,ID_01691,service_account_link,False,0.109
ID_00738,ID_01788,shared_credential,True,0.186
ID_00015,ID_00931,same_owner,False,0.072
ID_01255,ID_01666,shared_credential,False,0.43
ID_01712,ID_00576,derives_from,False,0.242
ID_01973,ID_01400,shared_credential,False,0.201
ID_00112,ID_01827,service_account_link,True,0.156
ID_00164,ID_00545,service_account_link,True,0.651
ID_00313,ID_01390,delegated_access,False,0.351
ID_00094,ID_01066,same_owner,False,0.215
ID_01364,ID_00055,shared_credential,True,0.069
ID_00972,ID_01421,derives_from,False,0.165
ID_01033,ID_00845,shared_credential,True,0.237
ID_01394,ID_00672,shared_credential,False,0.334
ID_00929,ID_00383,delegated_access,False,0.19
ID_00432,ID_00148,delegated_access,False,0.039
ID_01360,ID_00083,shared_credential,True,0.355
ID_00389,ID_01465,delegated_access,False,0.076
ID_01340,ID_01861,shared_credential,True,0.283
ID_00949,ID_00380,shared_credential,False,0.456
ID_01823,ID_01360,same_owner,False,0.097
ID_00593,ID_00323,same_owner,False,0.284
ID_01551,ID_01400,same_owner,False,0.304
ID_01043,ID_01502,same_owner,False,0.078
ID_00615,ID_01138,delegated_access,False,0.123
ID_01738,ID_01893,service_account_link,True,0.159
ID_00645,ID_01998,derives_from,False,0.02
ID_00369,ID_01617,service_account_link,False,0.171
ID_00936,ID_01517,derives_from,False,0.262
ID_00475,ID_00765,same_owner,False,0.091
ID_00626,ID_00551,same_owner,False,0.216
ID_01343,ID_00383,service_account_link,False,0.054
ID_01592,ID_01300,derives_from,False,0.321
ID_00824,ID_01028,derives_from,False,0.205
ID_01474,ID_01399,service_account_link,True,0.128
ID_00644,ID_01966,delegated_access,False,0.105
ID_01485,ID_00726,delegated_access,False,0.218
ID_00624,ID_00519,shared_credential,False,0.485
ID_00752,ID_00585,service_account_link,False,0.092
ID_00490,ID_01210,same_owner,False,0.215
ID_01355,ID_00245,same_owner,False,0.225
ID_00930,ID_01408,same_owner,False,0.298
ID_00579,ID_01615,shared_credential,False,0.241
ID_01014,ID_00578,shared_credential,True,0.222
ID_00362,ID_01106,service_account_link,True,0.277
ID_01304,ID_01735,shared_credential,False,0.184
ID_01759,ID_00968,delegated_access,False,0.084
ID_00546,ID_00591,shared_credential,True,0.26
ID_00873,ID_01498,delegated_access,False,0.3
ID_00611,ID_00615,shared_credential,False,0.139
ID_01341,ID_01170,delegated_access,False,0.269
ID_00677,ID_00042,derives_from,False,0.19
ID_00771,ID_00114,derives_from,False,0.294
ID_01271,ID_01583,service_account_link,True,0.196
ID_00735,ID_01239,derives_from,False,0.184
ID_00098,ID_00042,derives_from,False,0.225
ID_00968,ID_01899,same_owner,False,0.27
ID_01559,ID_00816,derives_from,False,0.262
ID_00888,ID_00779,delegated_access,False,0.16
ID_01153,ID_00303,same_owner,False,0.184
ID_01286,ID_01330,delegated_access,False,0.132
ID_01189,ID_01692,same_owner,False,0.242
ID_00993,ID_01866,same_owner,False,0.287
ID_00993,ID_00965,shared_credential,True,0.346
ID_01758,ID_01239,derives_from,False,0.439
ID_01693,ID_01337,delegated_access,False,0.144
ID_01310,ID_01148,delegated_access,False,0.038
ID_00738,ID_00368,same_owner,False,0.375
ID_01646,ID_00278,shared_credential,True,0.191
ID_00265,ID_00992,derives_from,False,0.093
ID_01032,ID_01181,same_owner,False,0.223
ID_01160,ID_00334,shared_credential,True,0.45
ID_00758,ID_01069,derives_from,False,0.256
ID_01088,ID_01599,same_owner,False,0.232
ID_01280,ID_01035,delegated_access,False,0.186
ID_01897,ID_01090,shared_credential,False,0.223
ID_00563,ID_00814,same_owner,False,0.22
ID_01548,ID_00975,service_account_link,True,0.098
ID_00688,ID_00686,derives_from,False,0.266
ID_00979,ID_01147,shared_credential,True,0.253
ID_00661,ID_01036,service_account_link,True,0.123
ID_00267,ID_00868,derives_from,False,0.285
ID_01706,ID_00385,same_owner,False,0.144
ID_00386,ID_01952,same_owner,False,0.38
ID_00108,ID_00317,derives_from,False,0.307
ID_01310,ID_00353,derives_from,False,0.106
ID_00517,ID_01844,delegated_access,False,0.154
ID_00631,ID_01437,service_account_link,True,0.13
ID_00777,ID_01121,derives_from,False,0.247
ID_01467,ID_00838,delegated_access,False,0.128
ID_00945,ID_01058,derives_from,False,0.117
ID_01322,ID_00263,derives_from,False,0.256
ID_01734,ID_00070,same_owner,False,0.225
ID_01666,ID_01913,derives_from,False,0.213
ID_01009,ID_00944,service_account_link,True,0.068
ID_01559,ID_01735,same_owner,False,0.312
ID_00051,ID_00014,delegated_access,False,0.174
ID_00639,ID_00137,shared_credential,False,0.342
ID_01222,ID_01682,derives_from,False,0.149
ID_01285,ID_00709,same_owner,False,0.476
ID_00863,ID_00119,shared_credential,False,0.41
ID_00489,ID_01282,derives_from,False,0.479
ID_00960,ID_01233,same_owner,False,0.148
ID_01655,ID_01782,delegated_access,False,0.223
ID_00452,ID_01660,service_account_link,False,0.249
ID_01625,ID_00648,same_owner,False,0.101
ID_01460,ID_01049,delegated_access,False,0.205
ID_00290,ID_00446,same_owner,False,0.089
ID_01978,ID_00179,service_account_link,False,0.214
ID_01985,ID_01226,derives_from,False,0.142
ID_00773,ID_00552,derives_from,False,0.126
ID_00924,ID_00259,delegated_access,False,0.153
ID_01177,ID_00213,delegated_access,False,0.089
ID_00263,ID_01173,delegated_access,False,0.467
ID_00839,ID_00598,same_owner,False,0.117
ID_01610,ID_00777,derives_from,False,0.194
ID_00115,ID_01900,delegated_access,False,0.297
ID_00808,ID_01321,same_owner,False,0.091
ID_00088,ID_01974,delegated_access,False,0.11
ID_00753,ID_01489,same_owner,False,0.394
ID_01247,ID_00263,service_account_link,False,0.538
ID_00436,ID_00699,same_owner,False,0.174
ID_00514,ID_00218,shared_credential,False,0.056
ID_00849,ID_00927,derives_from,False,0.104
ID_00792,ID_01861,same_owner,False,0.352
ID_01144,ID_01549,same_owner,False,0.298
ID_00793,ID_01144,service_account_link,False,0.329
ID_00051,ID_00915,same_owner,False,0.063
ID_00880,ID_00004,delegated_access,False,0.179
ID_01130,ID_01694,derives_from,False,0.189
ID_00342,ID_00782,same_owner,False,0.249
ID_01111,ID_01295,derives_from,False,0.105
ID_01208,ID_01270,shared_credential,True,0.029
ID_00506,ID_01312,delegated_access,False,0.156
ID_01988,ID_00095,derives_from,False,0.262
ID_01187,ID_00145,same_owner,False,0.203
ID_01678,ID_00997,shared_credential,False,0.157
ID_01717,ID_00025,delegated_access,False,0.203
ID_01924,ID_00253,service_account_link,False,0.06
ID_01108,ID_01511,service_account_link,False,0.259
ID_00042,ID_01533,delegated_access,False,0.304
ID_00275,ID_01973,same_owner,False,0.157
ID_01854,ID_01354,delegated_access,False,0.049
ID_01294,ID_00719,derives_from,False,0.09
ID_01193,ID_01085,derives_from,False,0.215
ID_01049,ID_00744,service_account_link,True,0.16
ID_00016,ID_00643,service_account_link,False,0.253
ID_00995,ID_01750,derives_from,False,0.425
ID_01040,ID_00234,service_account_link,False,0.121
ID_00324,ID_01407,service_account_link,False,0.332
ID_00338,ID_00136,delegated_access,False,0.058
ID_01622,ID_00064,service_account_link,False,0.529
ID_01776,ID_01383,derives_from,False,0.145
ID_01579,ID_00147,derives_from,False,0.446
ID_00684,ID_00774,shared_credential,True,0.273
ID_00170,ID_01505,same_owner,False,0.105
ID_01666,ID_00040,delegated_access,False,0.118
ID_01995,ID_00735,service_account_link,False,0.05
ID_01946,ID_01476,delegated_access,False,0.071
ID_00130,ID_00642,derives_from,False,0.051
ID_01749,ID_01602,delegated_access,False,0.059
ID_00912,ID_01889,same_owner,False,0.143
ID_00142,ID_01207,delegated_access,False,0.153
ID_00489,ID_00168,shared_credential,True,0.21
ID_01938,ID_00143,same_owner,False,0.067
ID_01389,ID_01168,delegated_access,False,0.15
ID_00855,ID_00625,service_account_link,True,0.371
ID_01584,ID_01143,same_owner,False,0.086
ID_00614,ID_01792,delegated_access,False,0.149
ID_01168,ID_01629,service_account_link,True,0.377
ID_01807,ID_01231,same_owner,False,0.052
ID_01460,ID_01062,delegated_access,False,0.122
ID_00069,ID_01157,delegated_access,False,0.105
ID_01717,ID_01578,derives_from,False,0.221
ID_01621,ID_01866,same_owner,False,0.085
ID_00050,ID_01427,derives_from,False,0.04
ID_01941,ID_00093,derives_from,False,0.121
ID_01262,ID_00994,shared_credential,False,0.177
ID_01953,ID_00236,derives_from,False,0.21
ID_01513,ID_01005,same_owner,False,0.694
ID_01823,ID_00965,same_owner,False,0.344
ID_00595,ID_01515,shared_credential,False,0.325
ID_00367,ID_00951,shared_credential,True,0.08
ID_00086,ID_00137,shared_credential,False,0.153
ID_01683,ID_00516,service_account_link,False,0.164
ID_00967,ID_01498,delegated_access,False,0.313
ID_00673,ID_00681,shared_credential,False,0.196
ID_00265,ID_00006,delegated_access,False,0.204
ID_00280,ID_01126,delegated_access,False,0.248
ID_00439,ID_00868,delegated_access,False,0.145
ID_00842,ID_01447,derives_from,False,0.231
ID_00440,ID_01416,derives_from,False,0.303
ID_00324,ID_01475,delegated_access,False,0.079
ID_00450,ID_00232,same_owner,False,0.306
ID_00887,ID_00542,same_owner,False,0.144
ID_01537,ID_00047,service_account_link,True,0.377
ID_00832,ID_01031,service_account_link,False,0.21
ID_00981,ID_00997,delegated_access,False,0.152
ID_00216,ID_00613,delegated_access,False,0.11
ID_00966,ID_00600,same_owner,False,0.129
ID_01154,ID_01348,shared_credential,False,0.072
ID_00104,ID_00753,delegated_access,False,0.295
ID_01217,ID_01398,derives_from,False,0.216
ID_00986,ID_00827,derives_from,False,0.372
ID_00990,ID_01293,derives_from,False,0.201
ID_01990,ID_00214,service_account_link,True,0.163
ID_00975,ID_01794,derives_from,False,0.2
ID_01125,ID_01930,service_account_link,False,0.162
ID_00457,ID_00668,shared_credential,False,0.153
ID_00133,ID_01232,service_account_link,True,0.081
ID_00901,ID_00900,service_account_link,False,0.342
ID_00504,ID_00391,service_account_link,False,0.198
ID_01245,ID_00131,shared_credential,True,0.304
ID_01421,ID_00186,service_account_link,True,0.151
ID_01172,ID_00777,shared_credential,True,0.111
ID_00452,ID_01357,derives_from,False,0.209
ID_01329,ID_00750,shared_credential,True,0.056
ID_01016,ID_00416,service_account_link,False,0.085
ID_00482,ID_01562,same_owner,False,0.145
ID_01754,ID_01098,derives_from,False,0.151
ID_00052,ID_01719,shared_credential,True,0.097
ID_00292,ID_00862,same_owner,False,0.191
ID_01862,ID_00007,service_account_link,False,0.277
ID_00979,ID_00128,same_owner,False,0.172
ID_01962,ID_01322,service_account_link,True,0.159
ID_01070,ID_00152,service_account_link,True,0.206
ID_01483,ID_00934,derives_from,False,0.162
ID_01491,ID_01498,delegated_access,False,0.245
ID_00538,ID_01581,same_owner,False,0.471
ID_00034,ID_01304,shared_credential,True,0.384
ID_00221,ID_01247,shared_credential,False,0.397
ID_01277,ID_01459,shared_credential,False,0.239
ID_00386,ID_00861,delegated_access,False,0.268
ID_01684,ID_00741,derives_from,False,0.259
ID_01041,ID_01039,service_account_link,False,0.536
ID_00950,ID_00715,shared_credential,True,0.419
ID_00837,ID_00652,same_owner,False,0.075
ID_01510,ID_00718,same_owner,False,0.11
ID_00465,ID_00538,delegated_access,False,0.323
ID_00379,ID_01591,delegated_access,False,0.153
ID_00195,ID_01783,derives_from,False,0.136
ID_00880,ID_01119,same_owner,False,0.164
ID_00604,ID_00490,delegated_access,False,0.128
ID_00174,ID_01744,derives_from,False,0.189
ID_01069,ID_01345,service_account_link,False,0.172
ID_01976,ID_00762,derives_from,False,0.128
ID_01942,ID_01094,same_owner,False,0.113
ID_01946,ID_00324,derives_from,False,0.121
ID_01634,ID_00190,same_owner,False,0.15
ID_00835,ID_01452,service_account_link,True,0.241
ID_00721,ID_01038,shared_credential,True,0.062
ID_00789,ID_00759,same_owner,False,0.19
ID_01609,ID_00874,same_owner,False,0.314
ID_00958,ID_00747,shared_credential,True,0.146
ID_00553,ID_01112,service_account_link,True,0.143
ID_00612,ID_00264,service_account_link,True,0.286
ID_01370,ID_01392,delegated_access,False,0.276
ID_00937,ID_01368,service_account_link,True,0.082
ID_00253,ID_00247,delegated_access,False,0.375
ID_01866,ID_01820,shared_credential,False,0.154
ID_00339,ID_01442,shared_credential,True,0.12
ID_01980,ID_00924,derives_from,False,0.257
ID_00720,ID_00629,same_owner,False,0.132
ID_00530,ID_00299,shared_credential,False,0.13
ID_00570,ID_00858,same_owner,False,0.34
ID_01175,ID_00879,derives_from,False,0.318
ID_00521,ID_00901,shared_credential,True,0.057
ID_00488,ID_01151,service_account_link,True,0.081
ID_01633,ID_00639,derives_from,False,0.235
ID_00518,ID_00871,same_owner,False,0.322
ID_00189,ID_01108,service_account_link,True,0.151
ID_00168,ID_00980,service_account_link,True,0.348
ID_00595,ID_00544,service_account_link,True,0.074
ID_01165,ID_01478,delegated_access,False,0.476
ID_00053,ID_01648,delegated_access,False,0.176
ID_00448,ID_01700,service_account_link,True,0.07
ID_01069,ID_01747,delegated_access,False,0.225
ID_01714,ID_01615,service_account_link,True,0.35
ID_01849,ID_01158,same_owner,False,0.09
ID_01403,ID_00189,derives_from,False,0.068
ID_00769,ID_01112,service_account_link,True,0.247
ID_01887,ID_01512,same_owner,False,0.171
ID_00810,ID_01572,derives_from,False,0.04
ID_01596,ID_00272,shared_credential,False,0.391
ID_00423,ID_01500,service_account_link,False,0.631
ID_00019,ID_00821,delegated_access,False,0.056
ID_00554,ID_00201,shared_credential,False,0.043
ID_01781,ID_00519,shared_credential,True,0.053
ID_00379,ID_00199,service_account_link,True,0.186
ID_00528,ID_00663,same_owner,False,0.115
ID_01090,ID_01391,service_account_link,True,0.069
ID_01556,ID_01502,derives_from,False,0.056
ID_01220,ID_00537,shared_credential,False,0.193
ID_01774,ID_00261,same_owner,False,0.179
ID_01396,ID_00488,derives_from,False,0.395
ID_01590,ID_01964,derives_from,False,0.199
ID_00852,ID_01570,service_account_link,True,0.228
ID_01708,ID_00267,derives_from,False,0.092
ID_00328,ID_00250,derives_from,False,0.183
ID_00156,ID_00169,delegated_access,False,0.101
ID_01558,ID_00891,service_account_link,False,0.129
ID_01908,ID_00430,shared_credential,False,0.272
ID_01367,ID_01923,shared_credential,True,0.287
ID_00886,ID_00799,shared_credential,True,0.242
ID_01029,ID_01130,shared_credential,True,0.089
ID_00655,ID_01421,derives_from,False,0.103
ID_01988,ID_00281,derives_from,False,0.576
ID_01211,ID_00146,shared_credential,True,0.488
ID_01762,ID_00746,shared_credential,True,0.062
ID_00423,ID_00261,shared_credential,False,0.107
ID_01317,ID_00722,service_account_link,True,0.269
ID_00773,ID_00678,shared_credential,True,0.362
ID_00178,ID_00139,same_owner,False,0.028
ID_00175,ID_01873,shared_credential,True,0.275
ID_00039,ID_00450,service_account_link,True,0.068
ID_00110,ID_00566,delegated_access,False,0.199
ID_01799,ID_01125,derives_from,False,0.14
ID_00906,ID_00480,shared_credential,True,0.305
ID_00943,ID_00639,derives_from,False,0.454
ID_00792,ID_00310,delegated_access,False,0.361
ID_00048,ID_01213,derives_from,False,0.196
ID_01912,ID_01825,delegated_access,False,0.058
ID_01144,ID_00007,shared_credential,False,0.109
ID_01902,ID_00633,service_account_link,True,0.126
ID_00055,ID_01172,shared_credential,True,0.067
ID_00084,ID_01378,same_owner,False,0.219
ID_00703,ID_01843,delegated_access,False,0.19
ID_00940,ID_00709,shared_credential,True,0.129
ID_00270,ID_00580,delegated_access,False,0.161
ID_01917,ID_01152,service_account_link,False,0.163
ID_01329,ID_00579,shared_credential,True,0.164
ID_01733,ID_01445,derives_from,False,0.256
ID_01173,ID_00190,derives_from,False,0.188
ID_01592,ID_00960,shared_credential,True,0.271
ID_01792,ID_00966,same_owner,False,0.335
ID_00957,ID_01698,delegated_access,False,0.153
ID_01387,ID_01065,service_account_link,True,0.169
ID_01663,ID_01438,same_owner,False,0.659
ID_01501,ID_00363,service_account_link,False,0.476
ID_00291,ID_00982,shared_credential,False,0.194
ID_01621,ID_00988,shared_credential,False,0.056
ID_00255,ID_01408,delegated_access,False,0.224
ID_01694,ID_00469,same_owner,False,0.21
ID_01172,ID_00957,delegated_access,False,0.184
ID_00250,ID_01945,same_owner,False,0.206
ID_01353,ID_00904,delegated_access,False,0.096
ID_00300,ID_01777,derives_from,False,0.175
ID_00867,ID_00511,shared_credential,True,0.335
ID_00018,ID_01575,derives_from,False,0.194
ID_00039,ID_00020,derives_from,False,0.272
ID_00534,ID_00073,delegated_access,False,0.022
ID_00141,ID_00469,shared_credential,True,0.108
ID_01173,ID_01916,shared_credential,True,0.597
ID_01270,ID_01818,delegated_access,False,0.428
ID_00928,ID_00962,same_owner,False,0.175
ID_00458,ID_00370,derives_from,False,0.037
ID_00750,ID_01423,service_account_link,True,0.164
ID_00697,ID_00481,service_account_link,True,0.101
ID_01281,ID_00036,same_owner,False,0.078
ID_01658,ID_00719,service_account_link,True,0.217
ID_01409,ID_00905,derives_from,False,0.201
ID_00232,ID_00335,delegated_access,False,0.381
ID_00809,ID_01377,delegated_access,False,0.094
ID_01334,ID_01916,derives_from,False,0.224
ID_00145,ID_01054,delegated_access,False,0.03
ID_00533,ID_01985,service_account_link,True,0.121
ID_00615,ID_00166,same_owner,False,0.273
ID_00741,ID_00868,delegated_access,False,0.087
ID_00142,ID_00739,derives_from,False,0.297
ID_01690,ID_00446,shared_credential,True,0.17
ID_01180,ID_00876,same_owner,False,0.222
ID_01545,ID_00813,derives_from,False,0.127
ID_01736,ID_01754,service_account_link,False,0.227
ID_01353,ID_01684,derives_from,False,0.423
ID_00579,ID_01751,shared_credential,True,0.175
ID_01572,ID_00204,derives_from,False,0.203
ID_01605,ID_01762,delegated_access,False,0.161
ID_01717,ID_00788,same_owner,False,0.282
ID_00409,ID_00083,shared_credential,True,0.253
ID_01862,ID_00010,service_account_link,False,0.01
ID_00424,ID_00748,same_owner,False,0.315
ID_01068,ID_01366,service_account_link,False,0.563
ID_00112,ID_00105,service_account_link,True,0.117
ID_00173,ID_00052,delegated_access,False,0.259
ID_01894,ID_00384,shared_credential,True,0.116
ID_01838,ID_00666,derives_from,False,0.324
ID_00211,ID_00797,shared_credential,False,0.399
ID_00664,ID_01793,same_owner,False,0.045
ID_01187,ID_01274,shared_credential,False,0.281
ID_00403,ID_00640,same_owner,False,0.367
ID_01451,ID_01230,service_account_link,False,0.181
ID_00139,ID_00049,derives_from,False,0.012
ID_00322,ID_01259,service_account_link,True,0.164
ID_01546,ID_01029,shared_credential,False,0.339
ID_00649,ID_00629,service_account_link,False,0.086
ID_00515,ID_00822,same_owner,False,0.097
ID_01983,ID_00724,shared_credential,True,0.257
ID_01505,ID_01511,same_owner,False,0.061
ID_00427,ID_00921,service_account_link,True,0.296
ID_01794,ID_00661,same_owner,False,0.041
ID_00963,ID_01697,same_owner,False,0.119
ID_01594,ID_00545,service_account_link,True,0.045
ID_00287,ID_01553,delegated_access,False,0.292
ID_01380,ID_00543,same_owner,False,0.01
ID_00196,ID_01650,delegated_access,False,0.254
ID_00201,ID_01872,shared_credential,True,0.136
ID_01854,ID_01815,delegated_access,False,0.221
ID_00315,ID_01517,delegated_access,False,0.163
ID_00742,ID_00647,derives_from,False,0.196
ID_01392,ID_00810,derives_from,False,0.061
ID_01274,ID_01966,service_account_link,False,0.221
ID_00455,ID_01759,shared_credential,False,0.309
ID_01038,ID_01530,same_owner,False,0.149
ID_00532,ID_00024,delegated_access,False,0.102
ID_01251,ID_00704,delegated_access,False,0.232
ID_01504,ID_00589,derives_from,False,0.019
ID_01374,ID_01574,delegated_access,False,0.15
ID_00483,ID_01427,derives_from,False,0.077
ID_01080,ID_00492,service_account_link,False,0.104
ID_01517,ID_01623,service_account_link,False,0.05
ID_01757,ID_01407,delegated_access,False,0.085
ID_01789,ID_01128,service_account_link,True,0.169
ID_01926,ID_00801,same_owner,False,0.092
ID_00781,ID_01701,shared_credential,False,0.02
ID_01164,ID_00136,shared_credential,True,0.045
ID_01456,ID_00622,shared_credential,True,0.085
ID_00383,ID_00300,shared_credential,True,0.049
ID_01343,ID_01111,same_owner,False,0.315
ID_00407,ID_01602,same_owner,False,0.226
ID_01162,ID_01029,shared_credential,False,0.093
ID_01729,ID_00193,shared_credential,False,0.244
ID_01415,ID_01477,shared_credential,True,0.102
ID_01204,ID_01052,derives_from,False,0.304
ID_00511,ID_00797,delegated_access,False,0.091
ID_01488,ID_00077,service_account_link,False,0.305
ID_00339,ID_00095,shared_credential,True,0.193
ID_00664,ID_01551,delegated_access,False,0.184
ID_00270,ID_01635,service_account_link,True,0.047
ID_01161,ID_00651,service_account_link,True,0.45
ID_01128,ID_01683,delegated_access,False,0.152
ID_00781,ID_01025,same_owner,False,0.288
ID_00503,ID_01059,same_owner,False,0.113
ID_01001,ID_00812,derives_from,False,0.192
ID_00736,ID_00278,shared_credential,False,0.256
ID_00342,ID_00601,same_owner,False,0.06
ID_00248,ID_00293,service_account_link,False,0.249
ID_01415,ID_01488,delegated_access,False,0.164
ID_01085,ID_00351,derives_from,False,0.328
ID_01070,ID_01363,same_owner,False,0.343
ID_01258,ID_00257,delegated_access,False,0.245
ID_01663,ID_01436,same_owner,False,0.324
ID_00959,ID_00805,delegated_access,False,0.078
ID_00055,ID_01983,service_account_link,False,0.064
ID_01443,ID_01980,service_account_link,False,0.33
ID_00275,ID_01437,delegated_access,False,0.244
ID_01981,ID_00161,same_owner,False,0.115
ID_01908,ID_01082,same_owner,False,0.223
ID_01060,ID_01034,delegated_access,False,0.067
ID_00851,ID_01783,service_account_link,True,0.424
ID_00194,ID_01478,delegated_access,False,0.254
ID_00858,ID_01457,delegated_access,False,0.049
ID_00485,ID_00532,same_owner,False,0.258
ID_01950,ID_00400,same_owner,False,0.197
ID_01405,ID_00422,shared_credential,False,0.131
ID_00008,ID_01641,same_owner,False,0.064
ID_00079,ID_00497,service_account_link,True,0.076
ID_00605,ID_01151,delegated_access,False,0.059
ID_01399,ID_01969,same_owner,False,0.496
ID_01130,ID_00775,shared_credential,True,0.313
ID_01518,ID_00959,service_account_link,False,0.068
ID_01729,ID_00188,delegated_access,False,0.096
ID_01625,ID_00485,derives_from,False,0.286
ID_01985,ID_01784,same_owner,False,0.039
ID_01562,ID_01711,service_account_link,False,0.296
ID_00201,ID_01861,service_account_link,True,0.261
ID_01289,ID_01442,delegated_access,False,0.135
ID_00029,ID_00728,service_account_link,True,0.158
ID_00151,ID_00076,same_owner,False,0.157
ID_01182,ID_01068,derives_from,False,0.07
ID_01111,ID_01733,service_account_link,False,0.21
ID_00638,ID_00151,delegated_access,False,0.451
ID_00010,ID_00314,shared_credential,True,0.321
ID_01411,ID_00755,service_account_link,True,0.062
ID_01107,ID_00340,derives_from,False,0.269
ID_00271,ID_01258,shared_credential,True,0.142
ID_00036,ID_01407,shared_credential,True,0.284
ID_00548,ID_00372,service_account_link,False,0.136
ID_01098,ID_00321,delegated_access,False,0.19
ID_00379,ID_00044,delegated_access,False,0.079
ID_00363,ID_01104,derives_from,False,0.115
ID_00652,ID_00418,service_account_link,False,0.104
ID_00238,ID_01236,shared_credential,True,0.126
ID_00755,ID_01746,service_account_link,True,0.312
ID_01492,ID_00580,service_account_link,True,0.066
ID_01672,ID_01892,shared_credential,True,0.477
ID_01530,ID_01487,delegated_access,False,0.32
ID_01997,ID_00250,service_account_link,True,0.036
ID_00974,ID_00235,same_owner,False,0.062
ID_01288,ID_01390,same_owner,False,0.102
ID_01118,ID_01449,same_owner,False,0.394
ID_01165,ID_01937,delegated_access,False,0.236
ID_01096,ID_00163,same_owner,False,0.04
ID_01925,ID_00476,same_owner,False,0.173
ID_00050,ID_00584,same_owner,False,0.06
ID_00384,ID_00943,shared_credential,True,0.22
ID_01162,ID_00324,derives_from,False,0.052
ID_00542,ID_00134,derives_from,False,0.175
ID_00028,ID_00730,shared_credential,False,0.103
ID_01951,ID_00335,same_owner,False,0.21
ID_00268,ID_01609,same_owner,False,0.088
ID_00549,ID_00103,delegated_access,False,0.539
ID_01814,ID_00705,service_account_link,False,0.073
ID_00365,ID_00654,shared_credential,True,0.251
ID_01165,ID_01767,derives_from,False,0.184
ID_00492,ID_01531,derives_from,False,0.199
ID_00008,ID_01703,shared_credential,True,0.185
ID_01742,ID_01213,same_owner,False,0.153
ID_01953,ID_01070,shared_credential,True,0.207
ID_01114,ID_00317,service_account_link,False,0.209
ID_00226,ID_01946,same_owner,False,0.128
ID_01757,ID_00623,delegated_access,False,0.034
ID_01342,ID_01531,same_owner,False,0.094
ID_01673,ID_01244,delegated_access,False,0.126
ID_01828,ID_00397,derives_from,False,0.144
ID_00106,ID_00824,delegated_access,False,0.121
ID_01874,ID_01080,derives_from,False,0.16
ID_01344,ID_01917,derives_from,False,0.082
ID_01914,ID_00001,service_account_link,False,0.281
ID_00085,ID_00611,derives_from,False,0.493
ID_00176,ID_01073,service_account_link,True,0.028
ID_01131,ID_01307,delegated_access,False,0.195
ID_01471,ID_00911,same_owner,False,0.153
ID_01628,ID_01258,delegated_access,False,0.181
ID_00753,ID_01067,delegated_access,False,0.149
ID_00630,ID_00999,shared_credential,True,0.196
ID_00500,ID_01949,same_owner,False,0.416
ID_00904,ID_00464,derives_from,False,0.054
ID_01717,ID_01737,derives_from,False,0.107
ID_00745,ID_00277,delegated_access,False,0.401
ID_00186,ID_01459,derives_from,False,0.215
ID_01516,ID_00874,derives_from,False,0.266
ID_01425,ID_00030,derives_from,False,0.188
ID_01867,ID_00401,derives_from,False,0.254
ID_00736,ID_01124,same_owner,False,0.297
ID_01764,ID_01630,service_account_link,False,0.07
ID_01594,ID_01872,shared_credential,False,0.194
ID_01827,ID_01569,shared_credential,True,0.193
ID_01352,ID_00295,derives_from,False,0.308
ID_01793,ID_00208,delegated_access,False,0.173
ID_00138,ID_01148,service_account_link,False,0.19
ID_01667,ID_00365,service_account_link,True,0.266
ID_01909,ID_00745,shared_credential,False,0.198
ID_00124,ID_01163,shared_credential,True,0.194
ID_00784,ID_01069,derives_from,False,0.07
ID_01510,ID_01235,derives_from,False,0.082
ID_01825,ID_01028,derives_from,False,0.473
ID_01822,ID_00646,service_account_link,True,0.347
ID_01567,ID_01700,same_owner,False,0.313
ID_00496,ID_00648,same_owner,False,0.38
ID_01691,ID_00804,derives_from,False,0.222
ID_01071,ID_00047,same_owner,False,0.086
ID_01117,ID_00784,shared_credential,False,0.078
ID_01418,ID_01541,service_account_link,False,0.536
ID_00104,ID_01959,service_account_link,True,0.126
ID_00103,ID_00323,delegated_access,False,0.447
ID_00926,ID_01927,derives_from,False,0.067
ID_01598,ID_01449,delegated_access,False,0.327
ID_00007,ID_00189,derives_from,False,0.344
ID_00302,ID_00998,delegated_access,False,0.481
ID_01313,ID_01966,derives_from,False,0.115
ID_00962,ID_01173,derives_from,False,0.323
ID_00023,ID_01545,service_account_link,False,0.376
ID_00579,ID_00778,same_owner,False,0.023
ID_01746,ID_00554,derives_from,False,0.08
ID_00787,ID_00220,derives_from,False,0.141
ID_00127,ID_01554,shared_credential,True,0.145
ID_00824,ID_00878,same_owner,False,0.413
ID_00396,ID_01923,delegated_access,False,0.488
ID_00010,ID_01791,service_account_link,False,0.198
ID_00237,ID_01526,derives_from,False,0.187
ID_01034,ID_01876,shared_credential,False,0.151
ID_00201,ID_00090,delegated_access,False,0.249
ID_01093,ID_01494,same_owner,False,0.054
ID_00815,ID_01097,shared_credential,True,0.248
ID_01406,ID_00935,derives_from,False,0.213
ID_01521,ID_01761,delegated_access,False,0.01
ID_00839,ID_00858,delegated_access,False,0.295
ID_00059,ID_00182,service_account_link,False,0.578
ID_01856,ID_01795,same_owner,False,0.141
ID_00674,ID_00253,shared_credential,True,0.393
ID_01896,ID_01439,same_owner,False,0.17
ID_01057,ID_01989,delegated_access,False,0.388
ID_00823,ID_00405,delegated_access,False,0.18
ID_00447,ID_01775,delegated_access,False,0.215
ID_00146,ID_01289,delegated_access,False,0.387
ID_00201,ID_00921,same_owner,False,0.303
ID_00442,ID_01042,shared_credential,False,0.31
ID_01175,ID_01884,derives_from,False,0.478
ID_01045,ID_00804,same_owner,False,0.228
ID_01651,ID_01966,delegated_access,False,0.171
ID_01376,ID_00973,delegated_access,False,0.115
ID_01321,ID_01794,derives_from,False,0.456
ID_01644,ID_00337,same_owner,False,0.108
ID_01518,ID_01659,same_owner,False,0.061
ID_00004,ID_01591,shared_credential,True,0.088
ID_00090,ID_00377,derives_from,False,0.397
ID_00389,ID_01703,service_account_link,False,0.098
ID_00043,ID_01609,same_owner,False,0.146
ID_00158,ID_00732,derives_from,False,0.055
ID_00420,ID_01476,shared_credential,False,0.214
ID_01025,ID_00351,shared_credential,True,0.125
ID_00721,ID_00812,same_owner,False,0.069
ID_01862,ID_01985,delegated_access,False,0.535
ID_00086,ID_00502,shared_credential,True,0.346
ID_00381,ID_00792,same_owner,False,0.049
ID_01572,ID_00613,same_owner,False,0.151
ID_01829,ID_01641,same_owner,False,0.046
ID_00200,ID_00872,same_owner,False,0.126
ID_00047,ID_00066,same_owner,False,0.318
ID_00376,ID_00625,service_account_link,False,0.425
ID_00192,ID_00969,service_account_link,True,0.252
ID_01351,ID_01073,shared_credential,False,0.116
ID_00971,ID_01471,derives_from,False,0.033
ID_00251,ID_01198,derives_from,False,0.059
ID_00948,ID_00789,service_account_link,True,0.556
ID_01159,ID_01347,derives_from,False,0.207
ID_01772,ID_00957,service_account_link,True,0.28
ID_01311,ID_00546,derives_from,False,0.179
ID_01026,ID_01841,shared_credential,False,0.243
ID_01592,ID_00270,derives_from,False,0.215
ID_00294,ID_01845,delegated_access,False,0.095
ID_00382,ID_01138,service_account_link,False,0.337
ID_01590,ID_00183,shared_credential,False,0.298
ID_00922,ID_00563,same_owner,False,0.059
ID_01400,ID_00080,delegated_access,False,0.431
ID_01145,ID_01576,derives_from,False,0.185
ID_00667,ID_00939,service_account_link,True,0.135
ID_01884,ID_01787,delegated_access,False,0.126
ID_01455,ID_01153,derives_from,False,0.078
ID_00022,ID_01059,service_account_link,False,0.384
ID_00889,ID_00976,shared_credential,True,0.149
ID_01114,ID_00591,same_owner,False,0.038
ID_01068,ID_00087,derives_from,False,0.226
ID_01282,ID_00923,same_owner,False,0.118
ID_01770,ID_01072,same_owner,False,0.339
ID_01453,ID_00339,derives_from,False,0.043
ID_01836,ID_00797,same_owner,False,0.221
ID_01651,ID_01961,derives_from,False,0.111
ID_01198,ID_01389,shared_credential,False,0.163
ID_00060,ID_01023,service_account_link,True,0.298
ID_00130,ID_01013,delegated_access,False,0.097
ID_00370,ID_00030,shared_credential,False,0.166
ID_00403,ID_01076,shared_credential,True,0.186
ID_01102,ID_00650,shared_credential,False,0.168
ID_01553,ID_00461,delegated_access,False,0.345
ID_00883,ID_00661,derives_from,False,0.129
ID_00210,ID_01275,service_account_link,True,0.088
ID_00314,ID_00891,shared_credential,True,0.3
ID_01976,ID_00749,derives_from,False,0.285
ID_00005,ID_01538,delegated_access,False,0.068
ID_01345,ID_01861,same_owner,False,0.171
ID_01322,ID_00949,shared_credential,False,0.065
ID_00242,ID_01860,same_owner,False,0.124
ID_01930,ID_00870,service_account_link,True,0.196
ID_00571,ID_01635,same_owner,False,0.431
ID_01435,ID_00270,service_account_link,False,0.368
ID_00273,ID_00871,derives_from,False,0.244
ID_01172,ID_00896,delegated_access,False,0.231
ID_00310,ID_00833,delegated_access,False,0.243
ID_00897,ID_01974,service_account_link,True,0.267
ID_01922,ID_01437,delegated_access,False,0.154
ID_00998,ID_01925,derives_from,False,0.176
ID_00319,ID_00750,same_owner,False,0.01
ID_01799,ID_01636,shared_credential,False,0.089
ID_00333,ID_00630,delegated_access,False,0.093
ID_00523,ID_01055,derives_from,False,0.063
ID_01022,ID_01241,derives_from,False,0.087
ID_01732,ID_00326,service_account_link,False,0.05
ID_01265,ID_01019,derives_from,False,0.148
ID_01492,ID_00435,same_owner,False,0.158
ID_00436,ID_01306,derives_from,False,0.209
ID_01593,ID_00323,delegated_access,False,0.116
ID_00831,ID_00507,same_owner,False,0.112
ID_01260,ID_00132,service_account_link,True,0.238
ID_01663,ID_01215,service_account_link,True,0.217
ID_01758,ID_01789,shared_credential,True,0.029
ID_00954,ID_00947,delegated_access,False,0.136
ID_01352,ID_01398,service_account_link,True,0.123
ID_00876,ID_00593,shared_credential,False,0.034
ID_01792,ID_01476,service_account_link,True,0.232
ID_00280,ID_00377,derives_from,False,0.1
ID_00415,ID_01117,delegated_access,False,0.364
ID_01211,ID_00845,service_account_link,True,0.091
ID_01577,ID_00768,same_owner,False,0.091
ID_00454,ID_00896,service_account_link,True,0.233
ID_00892,ID_00136,shared_credential,True,0.356
ID_01188,ID_01777,same_owner,False,0.201
ID_00596,ID_01152,same_owner,False,0.169
ID_00169,ID_00936,same_owner,False,0.351
ID_01660,ID_01204,service_account_link,True,0.153
ID_01499,ID_01360,delegated_access,False,0.046
ID_01039,ID_00493,derives_from,False,0.1
ID_00845,ID_01420,derives_from,False,0.475
ID_00616,ID_00412,service_account_link,False,0.342
ID_00278,ID_00659,delegated_access,False,0.15
ID_00282,ID_01449,service_account_link,True,0.452
ID_00332,ID_01777,delegated_access,False,0.054
ID_00684,ID_01049,same_owner,False,0.13
ID_01431,ID_00429,shared_credential,True,0.184
ID_01411,ID_01473,delegated_access,False,0.095
ID_01260,ID_00372,delegated_access,False,0.247
ID_00917,ID_01395,derives_from,False,0.287
ID_00115,ID_01162,same_owner,False,0.035
ID_01287,ID_01823,derives_from,False,0.167
ID_00590,ID_01031,service_account_link,True,0.344
ID_00790,ID_01134,derives_from,False,0.302
ID_01683,ID_00814,same_owner,False,0.161
ID_00769,ID_01112,derives_from,False,0.208
ID_01017,ID_01591,delegated_access,False,0.014
ID_01395,ID_00571,service_account_link,True,0.428
ID_00387,ID_00632,shared_credential,True,0.153
ID_01308,ID_01404,same_owner,False,0.412
ID_00886,ID_01532,derives_from,False,0.242
ID_00801,ID_01488,delegated_access,False,0.192
ID_01707,ID_01742,shared_credential,True,0.273
ID_01174,ID_01752,service_account_link,True,0.135
ID_01269,ID_00270,same_owner,False,0.095
ID_00198,ID_00229,shared_credential,True,0.033
ID_01306,ID_00218,service_account_link,False,0.373
ID_01067,ID_00343,shared_credential,False,0.079
ID_01975,ID_00442,shared_credential,False,0.356
ID_00630,ID_00609,same_owner,False,0.257
ID_00745,ID_00106,derives_from,False,0.085
ID_00359,ID_00430,service_account_link,False,0.21
ID_01964,ID_00130,same_owner,False,0.16
ID_01444,ID_01891,shared_credential,True,0.325
ID_00573,ID_00843,service_account_link,False,0.056
ID_01730,ID_00813,derives_from,False,0.178
ID_00566,ID_00752,delegated_access,False,0.326
ID_00949,ID_00489,derives_from,False,0.04
ID_00056,ID_01741,service_account_link,True,0.216
ID_01473,ID_01970,delegated_access,False,0.382
ID_00529,ID_00526,delegated_access,False,0.036
ID_00710,ID_00853,shared_credential,True,0.131
ID_00633,ID_01565,shared_credential,False,0.237
ID_01847,ID_01516,delegated_access,False,0.205
ID_00594,ID_00409,derives_from,False,0.21
ID_00798,ID_00780,shared_credential,True,0.188
ID_00695,ID_01888,shared_credential,True,0.195
ID_01248,ID_01954,delegated_access,False,0.062
ID_01888,ID_01776,same_owner,False,0.104
ID_00829,ID_00640,same_owner,False,0.209
ID_00889,ID_00878,service_account_link,True,0.206
ID_00298,ID_00051,delegated_access,False,0.211
ID_01340,ID_01500,service_account_link,True,0.04
ID_00980,ID_01769,shared_credential,True,0.102
ID_00354,ID_01595,same_owner,False,0.168
ID_00201,ID_01710,service_account_link,False,0.43
ID_01609,ID_00232,delegated_access,False,0.14
ID_01187,ID_01508,shared_credential,True,0.162
ID_01599,ID_01893,service_account_link,True,0.038
ID_01236,ID_00633,shared_credential,False,0.52
ID_00251,ID_01221,delegated_access,False,0.382
ID_00151,ID_01946,same_owner,False,0.184
ID_00584,ID_00051,shared_credential,True,0.246
ID_00648,ID_01214,service_account_link,False,0.256
ID_00654,ID_00186,same_owner,False,0.276
ID_01117,ID_00323,shared_credential,True,0.076
ID_01252,ID_01816,same_owner,False,0.512
ID_01084,ID_00661,shared_credential,False,0.557
ID_01517,ID_00285,shared_credential,True,0.087
ID_01896,ID_00894,same_owner,False,0.182
ID_01994,ID_01465,service_account_link,True,0.144
ID_01710,ID_01379,derives_from,False,0.177
ID_01129,ID_01208,shared_credential,True,0.195
ID_01397,ID_00874,delegated_access,False,0.073
ID_01486,ID_00436,derives_from,False,0.306
ID_00389,ID_01971,delegated_access,False,0.173
ID_00226,ID_01712,same_owner,False,0.151
ID_00545,ID_01744,service_account_link,False,0.121
ID_00202,ID_00818,shared_credential,True,0.092
ID_01494,ID_00973,same_owner,False,0.176
ID_00659,ID_00933,delegated_access,False,0.13
ID_00360,ID_00990,service_account_link,False,0.181
ID_01026,ID_00841,service_account_link,False,0.327
ID_00159,ID_00485,same_owner,False,0.129
ID_01911,ID_01602,same_owner,False,0.058
ID_00340,ID_01432,derives_from,False,0.202
ID_00970,ID_01889,same_owner,False,0.044
ID_00513,ID_01267,delegated_access,False,0.273
ID_01478,ID_00726,service_account_link,False,0.14
ID_01392,ID_01365,same_owner,False,0.117
ID_01748,ID_01246,service_account_link,True,0.087
ID_00616,ID_00602,same_owner,False,0.254
ID_00172,ID_00433,delegated_access,False,0.074
ID_00424,ID_00741,shared_credential,True,0.458
ID_00021,ID_01676,service_account_link,True,0.059
ID_01675,ID_00300,derives_from,False,0.052
ID_00343,ID_00530,delegated_access,False,0.086
ID_00674,ID_01547,derives_from,False,0.347
ID_00711,ID_00259,derives_from,False,0.24
ID_01999,ID_01309,derives_from,False,0.178
ID_00015,ID_00951,shared_credential,True,0.278
ID_00018,ID_00069,delegated_access,False,0.037
ID_00878,ID_00699,same_owner,False,0.321
ID_01087,ID_01624,delegated_access,False,0.298
ID_00817,ID_01254,derives_from,False,0.138
ID_00245,ID_01354,same_owner,False,0.282
ID_01415,ID_01601,derives_from,False,0.246
ID_00730,ID_01871,service_account_link,False,0.252
ID_01784,ID_00274,shared_credential,True,0.501
ID_00990,ID_01002,derives_from,False,0.191
ID_01108,ID_01736,service_account_link,False,0.039
ID_00106,ID_00514,same_owner,False,0.328
ID_00829,ID_01671,shared_credential,True,0.079
ID_01742,ID_01004,shared_credential,True,0.329
ID_01653,ID_00669,shared_credential,True,0.261
ID_00686,ID_01530,derives_from,False,0.11
ID_00564,ID_00004,same_owner,False,0.387
ID_00701,ID_00820,delegated_access,False,0.031
ID_01740,ID_01232,derives_from,False,0.245
ID_01921,ID_01712,same_owner,False,0.192
ID_00812,ID_00846,service_account_link,False,0.158
ID_00460,ID_00482,same_owner,False,0.12
ID_01194,ID_00678,derives_from,False,0.109
ID_00203,ID_00761,same_owner,False,0.092
ID_01994,ID_00372,derives_from,False,0.197
ID_00743,ID_01075,derives_from,False,0.2
ID_01015,ID_00390,service_account_link,False,0.269
ID_01577,ID_01417,delegated_access,False,0.463
ID_00201,ID_00447,delegated_access,False,0.298
ID_01275,ID_01533,shared_credential,False,0.413
ID_01416,ID_01595,derives_from,False,0.088
ID_00561,ID_00765,same_owner,False,0.115
ID_00940,ID_00373,delegated_access,False,0.285
ID_01101,ID_01816,same_owner,False,0.071
ID_01081,ID_01378,service_account_link,False,0.069
ID_01946,ID_00564,same_owner,False,0.341
ID_00302,ID_01412,derives_from,False,0.295
ID_00768,ID_00894,derives_from,False,0.454
ID_00433,ID_01328,same_owner,False,0.275
ID_01155,ID_00159,shared_credential,True,0.116
ID_00959,ID_00667,same_owner,False,0.245
ID_01328,ID_02000,derives_from,False,0.107
ID_00460,ID_01178,service_account_link,True,0.417
ID_00347,ID_01398,shared_credential,True,0.191
ID_00894,ID_01883,shared_credential,True,0.042
ID_00132,ID_01803,derives_from,False,0.166
ID_00182,ID_00023,derives_from,False,0.341
ID_00080,ID_00782,shared_credential,False,0.095
ID_01394,ID_00880,delegated_access,False,0.321
ID_00511,ID_00830,delegated_access,False,0.121
ID_00450,ID_01890,delegated_access,False,0.012
ID_01120,ID_00514,derives_from,False,0.03
ID_01844,ID_01726,derives_from,False,0.039
ID_00713,ID_00308,service_account_link,True,0.075
ID_00198,ID_00821,delegated_access,False,0.165
ID_01875,ID_01367,shared_credential,False,0.425
ID_00743,ID_00409,shared_credential,False,0.045
ID_01885,ID_01870,delegated_access,False,0.104
ID_01749,ID_00659,same_owner,False,0.035
ID_01059,ID_01526,shared_credential,True,0.228
ID_01432,ID_00497,same_owner,False,0.17
ID_01696,ID_01933,service_account_link,True,0.525
ID_00539,ID_01331,service_account_link,False,0.137
ID_01624,ID_00672,derives_from,False,0.356
ID_00513,ID_01141,same_owner,False,0.181
ID_00577,ID_01278,shared_credential,True,0.025
ID_01891,ID_01467,derives_from,False,0.239
ID_00356,ID_00854,shared_credential,False,0.25
ID_01890,ID_01427,shared_credential,True,0.08
ID_01383,ID_01105,same_owner,False,0.158
ID_00209,ID_00239,service_account_link,False,0.295
ID_01610,ID_00607,delegated_access,False,0.074
ID_00844,ID_01020,derives_from,False,0.233
ID_00234,ID_00778,same_owner,False,0.028
ID_01543,ID_01934,derives_from,False,0.159
ID_01032,ID_01091,same_owner,False,0.173
ID_00753,ID_01061,shared_credential,False,0.094
ID_00276,ID_00700,same_owner,False,0.058
ID_01664,ID_01344,same_owner,False,0.242
ID_01607,ID_00712,derives_from,False,0.393
ID_01217,ID_00990,delegated_access,False,0.052
ID_01018,ID_01394,derives_from,False,0.061
ID_01639,ID_00872,shared_credential,True,0.413
ID_01221,ID_00713,delegated_access,False,0.021
ID_00196,ID_00159,shared_credential,True,0.365
ID_00878,ID_01136,delegated_access,False,0.102
ID_00082,ID_01781,delegated_access,False,0.195
ID_01080,ID_01542,derives_from,False,0.256
ID_01945,ID_01573,derives_from,False,0.126
ID_00449,ID_01293,same_owner,False,0.161
ID_01526,ID_00740,derives_from,False,0.56
ID_00071,ID_01799,same_owner,False,0.137
ID_00840,ID_00853,shared_credential,True,0.034
ID_00725,ID_01353,shared_credential,False,0.109
ID_00952,ID_00495,shared_credential,False,0.09
ID_00523,ID_01247,same_owner,False,0.467
ID_01005,ID_00600,delegated_access,False,0.386
ID_01014,ID_01133,delegated_access,False,0.299
ID_01170,ID_01599,derives_from,False,0.233
ID_00197,ID_00208,delegated_access,False,0.046
ID_01580,ID_00909,shared_credential,False,0.08
ID_00766,ID_00813,same_owner,False,0.078
ID_01512,ID_00528,derives_from,False,0.325
ID_01898,ID_01886,shared_credential,True,0.227
ID_01154,ID_01349,same_owner,False,0.18
ID_00668,ID_01435,shared_credential,False,0.097
ID_01306,ID_00490,service_account_link,True,0.126
ID_00646,ID_00377,delegated_access,False,0.227
ID_00462,ID_00392,service_account_link,True,0.01
ID_01123,ID_00964,shared_credential,False,0.203
ID_00374,ID_01678,delegated_access,False,0.303
ID_00427,ID_00418,service_account_link,True,0.182
ID_00276,ID_00301,derives_from,False,0.035
ID_00877,ID_01758,delegated_access,False,0.105
ID_01713,ID_01504,same_owner,False,0.102
ID_00412,ID_01140,delegated_access,False,0.204
ID_00270,ID_00212,shared_credential,True,0.298
ID_00728,ID_00212,shared_credential,True,0.209
ID_00744,ID_00897,derives_from,False,0.24
ID_00866,ID_01748,same_owner,False,0.418
ID_00134,ID_01459,service_account_link,False,0.364
ID_01218,ID_00810,same_owner,False,0.219
ID_00506,ID_01359,same_owner,False,0.164
ID_01264,ID_01859,delegated_access,False,0.172
ID_00253,ID_00524,delegated_access,False,0.171
ID_00260,ID_00392,derives_from,False,0.346
ID_00476,ID_01888,delegated_access,False,0.399
ID_00651,ID_01253,shared_credential,False,0.151
ID_01170,ID_01793,derives_from,False,0.298
ID_00091,ID_00151,delegated_access,False,0.037
ID_01883,ID_01540,derives_from,False,0.39
ID_00611,ID_01914,same_owner,False,0.421
ID_00013,ID_01661,delegated_access,False,0.351
ID_00348,ID_01384,same_owner,False,0.128
ID_00096,ID_00597,shared_credential,True,0.54
ID_00714,ID_01810,derives_from,False,0.199
ID_01832,ID_00945,derives_from,False,0.459
ID_01558,ID_01035,derives_from,False,0.272
ID_01953,ID_01563,service_account_link,False,0.297
ID_00149,ID_01698,same_owner,False,0.551
ID_00121,ID_01123,delegated_access,False,0.32
ID_00852,ID_00472,service_account_link,False,0.055
ID_01113,ID_00769,delegated_access,False,0.115
ID_00014,ID_01342,derives_from,False,0.053
ID_01170,ID_01939,derives_from,False,0.182
ID_01884,ID_01100,derives_from,False,0.255
ID_01191,ID_01658,shared_credential,True,0.159
ID_01872,ID_00640,delegated_access,False,0.289
ID_00859,ID_01184,delegated_access,False,0.384
ID_00897,ID_01861,delegated_access,False,0.057
ID_00880,ID_01403,same_owner,False,0.086
ID_00295,ID_00363,derives_from,False,0.213
ID_00418,ID_00955,delegated_access,False,0.251
ID_01201,ID_01583,delegated_access,False,0.303
ID_00772,ID_00780,service_account_link,False,0.223
ID_01159,ID_00795,service_account_link,True,0.457
ID_01127,ID_00025,service_account_link,False,0.36
ID_00477,ID_00270,same_owner,False,0.103
ID_00089,ID_01271,service_account_link,True,0.284
ID_01453,ID_00209,shared_credential,False,0.097
ID_01901,ID_00834,same_owner,False,0.109
ID_00207,ID_00487,delegated_access,False,0.263
ID_00241,ID_01049,shared_credential,True,0.179
ID_00457,ID_00105,delegated_access,False,0.174
ID_01259,ID_00308,service_account_link,False,0.246
ID_01906,ID_00131,service_account_link,False,0.273
ID_01990,ID_00139,shared_credential,True,0.375
ID_01715,ID_01846,shared_credential,True,0.034
ID_01047,ID_00894,delegated_access,False,0.022
ID_01730,ID_01980,shared_credential,False,0.283
ID_01066,ID_01006,same_owner,False,0.305
ID_01809,ID_01391,delegated_access,False,0.275
ID_01087,ID_00956,derives_from,False,0.066
ID_01170,ID_00319,delegated_access,False,0.378
ID_00874,ID_01755,derives_from,False,0.035
ID_01813,ID_01467,shared_credential,True,0.45
ID_01366,ID_01018,same_owner,False,0.152
ID_00650,ID_01987,derives_from,False,0.315
ID_00514,ID_00929,derives_from,False,0.251
ID_01887,ID_00506,shared_credential,True,0.183
ID_01354,ID_01777,same_owner,False,0.117
ID_01933,ID_00528,shared_credential,True,0.041
ID_00691,ID_00793,service_account_link,False,0.09
ID_00619,ID_01075,derives_from,False,0.241
ID_00535,ID_01154,service_account_link,True,0.251
ID_00572,ID_00050,delegated_access,False,0.055
ID_00416,ID_01779,service_account_link,True,0.143
ID_01281,ID_00641,shared_credential,False,0.342
ID_00194,ID_01213,service_account_link,True,0.151
ID_00094,ID_00374,derives_from,False,0.151
ID_01797,ID_00389,same_owner,False,0.1
ID_01436,ID_00280,delegated_access,False,0.135
ID_01617,ID_00700,delegated_access,False,0.162
ID_00029,ID_01738,derives_from,False,0.183
ID_00878,ID_00525,same_owner,False,0.298
ID_00565,ID_01605,shared_credential,True,0.084
ID_01872,ID_00378,same_owner,False,0.26
ID_01724,ID_01446,derives_from,False,0.185
ID_00162,ID_00734,derives_from,False,0.229
ID_01537,ID_00438,shared_credential,True,0.26
ID_00378,ID_00776,shared_credential,True,0.272
ID_01183,ID_01293,service_account_link,True,0.207
ID_01356,ID_00828,shared_credential,False,0.146
ID_00801,ID_01640,derives_from,False,0.187
ID_01706,ID_00240,derives_from,False,0.309
ID_01712,ID_01277,same_owner,False,0.071
ID_00358,ID_01133,delegated_access,False,0.322
ID_00864,ID_01122,service_account_link,True,0.28
ID_01677,ID_01862,delegated_access,False,0.104
ID_01642,ID_00071,derives_from,False,0.447
ID_00506,ID_00707,service_account_link,False,0.021
ID_00486,ID_00506,derives_from,False,0.374
ID_01747,ID_00846,service_account_link,True,0.043
ID_00931,ID_01006,delegated_access,False,0.136
ID_01856,ID_00863,derives_from,False,0.256
ID_01767,ID_00020,service_account_link,False,0.074
ID_00624,ID_01212,derives_from,False,0.072
ID_01298,ID_00558,derives_from,False,0.428
ID_00019,ID_00040,derives_from,False,0.172
ID_01688,ID_01505,same_owner,False,0.172
ID_00430,ID_00902,shared_credential,True,0.191
ID_01150,ID_00007,shared_credential,False,0.117
ID_01656,ID_01383,same_owner,False,0.122
ID_01213,ID_00018,derives_from,False,0.231
ID_01932,ID_00555,delegated_access,False,0.364
ID_00697,ID_00173,same_owner,False,0.295
ID_01159,ID_01197,delegated_access,False,0.123
ID_01545,ID_01398,service_account_link,True,0.164
ID_01484,ID_00014,shared_credential,True,0.361
ID_01508,ID_00637,delegated_access,False,0.133
ID_00678,ID_01768,delegated_access,False,0.189
ID_01863,ID_00256,service_account_link,True,0.064
ID_00071,ID_00511,derives_from,False,0.085
ID_00968,ID_00808,derives_from,False,0.267
ID_00549,ID_00865,shared_credential,True,0.242
ID_00709,ID_00624,service_account_link,True,0.132
ID_01614,ID_01086,shared_credential,True,0.129
ID_01601,ID_01992,delegated_access,False,0.24
ID_00750,ID_01142,delegated_access,False,0.146
ID_01745,ID_00904,delegated_access,False,0.132
ID_00872,ID_00322,service_account_link,False,0.171
ID_01692,ID_01019,service_account_link,True,0.115
ID_00883,ID_00078,same_owner,False,0.37
ID_01354,ID_00166,same_owner,False,0.159
ID_00204,ID_00714,same_owner,False,0.189
ID_01151,ID_01640,derives_from,False,0.11
ID_00024,ID_00483,shared_credential,True,0.166
ID_00843,ID_00919,delegated_access,False,0.215
ID_01142,ID_00143,service_account_link,True,0.213
ID_01817,ID_01916,derives_from,False,0.216
ID_01291,ID_01799,same_owner,False,0.165
ID_00432,ID_00182,same_owner,False,0.122
ID_01952,ID_00467,shared_credential,False,0.224
ID_01992,ID_00926,delegated_access,False,0.178
ID_01085,ID_00680,delegated_access,False,0.197
ID_00816,ID_01202,derives_from,False,0.306
ID_00779,ID_01437,shared_credential,True,0.099
ID_00010,ID_00071,derives_from,False,0.411
ID_00325,ID_00746,same_owner,False,0.065
ID_00250,ID_01930,derives_from,False,0.3
ID_01828,ID_01773,shared_credential,True,0.462
ID_01787,ID_01081,derives_from,False,0.191
ID_01607,ID_00668,same_owner,False,0.368
ID_01249,ID_00911,service_account_link,True,0.063
ID_01698,ID_00351,derives_from,False,0.3
ID_01153,ID_01547,same_owner,False,0.273
ID_01719,ID_01600,delegated_access,False,0.198
ID_00205,ID_00007,delegated_access,False,0.068
ID_01210,ID_01340,delegated_access,False,0.289
ID_00016,ID_01915,service_account_link,True,0.211
ID_00627,ID_01321,same_owner,False,0.165
ID_00304,ID_01338,same_owner,False,0.108
ID_01709,ID_01825,derives_from,False,0.132
ID_01217,ID_00088,shared_credential,True,0.163
ID_00215,ID_00591,same_owner,False,0.257
ID_00579,ID_01826,same_owner,False,0.294
ID_01394,ID_00625,service_account_link,False,0.203
ID_00502,ID_01297,same_owner,False,0.238
ID_00939,ID_00555,service_account_link,True,0.119
ID_00034,ID_01692,service_account_link,True,0.126
ID_00980,ID_00145,shared_credential,False,0.273
ID_01596,ID_01500,service_account_link,False,0.55
ID_01949,ID_00201,derives_from,False,0.434
ID_00431,ID_00375,service_account_link,True,0.543
ID_00676,ID_00483,delegated_access,False,0.269
ID_01447,ID_01574,same_owner,False,0.049
ID_01749,ID_01641,delegated_access,False,0.304
ID_01002,ID_00910,shared_credential,True,0.235
ID_00170,ID_00380,service_account_link,True,0.137
ID_01658,ID_01641,delegated_access,False,0.306
ID_00425,ID_00408,delegated_access,False,0.155
ID_00721,ID_01265,same_owner,False,0.305
ID_01902,ID_01596,same_owner,False,0.229
ID_01297,ID_01494,shared_credential,True,0.2
ID_01399,ID_00343,derives_from,False,0.078
ID_00039,ID_00726,shared_credential,False,0.18
ID_00340,ID_01977,delegated_access,False,0.333
ID_00317,ID_01320,service_account_link,True,0.392
ID_00032,ID_01216,same_owner,False,0.298
ID_00712,ID_01426,shared_credential,True,0.421
ID_01750,ID_01163,same_owner,False,0.098
ID_00121,ID_01600,delegated_access,False,0.073
ID_00319,ID_01206,service_account_link,True,0.141
ID_01189,ID_01224,same_owner,False,0.189
ID_01336,ID_00366,derives_from,False,0.084
ID_01204,ID_00929,service_account_link,True,0.06
ID_01880,ID_01966,derives_from,False,0.13
ID_00564,ID_01709,same_owner,False,0.261
ID_01750,ID_00934,delegated_access,False,0.269
ID_01003,ID_00731,service_account_link,True,0.141
ID_01189,ID_01668,shared_credential,True,0.069
ID_01796,ID_00113,shared_credential,False,0.056
ID_01798,ID_01940,service_account_link,True,0.156
ID_01842,ID_01225,service_account_link,False,0.269
ID_00280,ID_00868,derives_from,False,0.245
ID_00881,ID_00248,derives_from,False,0.128
ID_00305,ID_00656,delegated_access,False,0.25
ID_00163,ID_01943,shared_credential,False,0.235
ID_00568,ID_00276,shared_credential,True,0.061
ID_00414,ID_01405,delegated_access,False,0.239
ID_01905,ID_00926,service_account_link,False,0.264
ID_00534,ID_01831,delegated_access,False,0.362
ID_01636,ID_01012,derives_from,False,0.106
ID_00400,ID_00217,shared_credential,True,0.272
ID_00558,ID_00408,shared_credential,False,0.093
ID_01022,ID_00618,shared_credential,True,0.146
ID_00966,ID_00873,shared_credential,False,0.135
ID_00218,ID_00917,service_account_link,False,0.12
ID_01649,ID_01112,derives_from,False,0.378
ID_01887,ID_01211,shared_credential,True,0.271
ID_01067,ID_00946,service_account_link,True,0.037
ID_01797,ID_01562,shared_credential,False,0.02
ID_00383,ID_00679,derives_from,False,0.325
ID_01347,ID_00456,shared_credential,True,0.263
ID_00777,ID_00309,same_owner,False,0.041
ID_01488,ID_01514,derives_from,False,0.084
ID_00933,ID_01723,shared_credential,True,0.255
ID_00892,ID_00977,derives_from,False,0.353
ID_01945,ID_00825,derives_from,False,0.373
ID_00398,ID_00240,same_owner,False,0.176
ID_00396,ID_01721,delegated_access,False,0.193
ID_00343,ID_01905,delegated_access,False,0.072
ID_00284,ID_01419,delegated_access,False,0.082
ID_00534,ID_01560,same_owner,False,0.29
ID_01188,ID_01173,delegated_access,False,0.265
ID_00951,ID_01517,same_owner,False,0.083
ID_01080,ID_01501,derives_from,False,0.143
ID_00158,ID_01301,same_owner,False,0.342
ID_00512,ID_00925,delegated_access,False,0.351
ID_01812,ID_00487,delegated_access,False,0.059
ID_00601,ID_00907,same_owner,False,0.077
ID_01750,ID_01764,derives_from,False,0.367
ID_01446,ID_00989,derives_from,False,0.424
ID_01069,ID_01453,shared_credential,False,0.26
ID_01698,ID_01919,same_owner,False,0.102
ID_00179,ID_01438,service_account_link,True,0.215
ID_00538,ID_01283,delegated_access,False,0.29
ID_00115,ID_01131,derives_from,False,0.12
ID_01091,ID_01385,delegated_access,False,0.125
ID_00406,ID_01281,service_account_link,True,0.342
ID_01141,ID_01207,same_owner,False,0.03
ID_01138,ID_01170,same_owner,False,0.01
ID_01888,ID_00108,derives_from,False,0.245
ID_00911,ID_00944,service_account_link,True,0.076
ID_01074,ID_01117,derives_from,False,0.183
ID_00813,ID_00506,derives_from,False,0.331
ID_00567,ID_01518,shared_credential,False,0.06
ID_01409,ID_00074,service_account_link,True,0.136
ID_01182,ID_01738,delegated_access,False,0.363
ID_00487,ID_01185,shared_credential,True,0.187
ID_01253,ID_00819,shared_credential,False,0.108
ID_00815,ID_01007,delegated_access,False,0.189
ID_01974,ID_00265,delegated_access,False,0.443
ID_01631,ID_01195,delegated_access,False,0.136
ID_01969,ID_01801,same_owner,False,0.229
ID_00814,ID_00368,delegated_access,False,0.228
ID_01871,ID_00213,service_account_link,False,0.128
ID_01825,ID_01886,shared_credential,False,0.331
ID_00675,ID_00159,derives_from,False,0.159
ID_01075,ID_01575,delegated_access,False,0.321
ID_01153,ID_00211,service_account_link,True,0.33
ID_00167,ID_01601,shared_credential,True,0.07
ID_01118,ID_00585,same_owner,False,0.11
ID_01469,ID_00049,delegated_access,False,0.17
ID_00815,ID_01503,service_account_link,True,0.111
ID_01857,ID_01899,derives_from,False,0.239
ID_00426,ID_00895,service_account_link,True,0.088
ID_00748,ID_00224,service_account_link,True,0.079
ID_00059,ID_01877,shared_credential,False,0.09
ID_00700,ID_01341,derives_from,False,0.046
ID_00211,ID_01688,service_account_link,False,0.168
ID_00350,ID_00429,derives_from,False,0.412
ID_00508,ID_00844,service_account_link,True,0.137
ID_01623,ID_00914,derives_from,False,0.247
ID_01976,ID_00841,delegated_access,False,0.495
ID_00475,ID_00526,delegated_access,False,0.145
ID_01368,ID_01684,service_account_link,True,0.211
ID_00610,ID_01391,delegated_access,False,0.09
ID_01278,ID_01928,shared_credential,True,0.2
ID_00194,ID_01624,delegated_access,False,0.072
ID_00258,ID_00569,delegated_access,False,0.071
ID_01002,ID_00729,delegated_access,False,0.043
ID_00433,ID_01386,derives_from,False,0.087
ID_01496,ID_00688,shared_credential,False,0.079
ID_00540,ID_01738,delegated_access,False,0.064
ID_01800,ID_00169,shared_credential,True,0.273
ID_00414,ID_01987,delegated_access,False,0.49
ID_01302,ID_00855,delegated_access,False,0.308
ID_01542,ID_01749,service_account_link,True,0.32
ID_00116,ID_01488,shared_credential,False,0.24
ID_00559,ID_00051,shared_credential,False,0.076
ID_00842,ID_00867,derives_from,False,0.187
ID_01665,ID_01111,same_owner,False,0.134
ID_00615,ID_01646,service_account_link,False,0.284
ID_01222,ID_00916,service_account_link,True,0.094
ID_00082,ID_00960,shared_credential,True,0.14
ID_01622,ID_01715,derives_from,False,0.129
ID_00380,ID_01461,service_account_link,True,0.183
ID_01602,ID_01633,service_account_link,False,0.432
ID_00142,ID_01287,shared_credential,False,0.119
ID_01090,ID_01353,same_owner,False,0.163
ID_00239,ID_00132,shared_credential,True,0.126
ID_00753,ID_01172,service_account_link,False,0.169
ID_00296,ID_00622,service_account_link,True,0.053
ID_01243,ID_01774,derives_from,False,0.234
ID_01914,ID_01035,derives_from,False,0.116
ID_01463,ID_00664,service_account_link,False,0.322
ID_01807,ID_01587,same_owner,False,0.234
ID_01998,ID_01609,service_account_link,True,0.265
ID_01091,ID_01530,delegated_access,False,0.272
ID_00289,ID_01029,delegated_access,False,0.194
ID_00711,ID_01399,derives_from,False,0.137
ID_01471,ID_01463,delegated_access,False,0.194
ID_00061,ID_00517,delegated_access,False,0.07
ID_01199,ID_00498,service_account_link,False,0.198
ID_00646,ID_00980,derives_from,False,0.315
ID_01262,ID_00815,shared_credential,False,0.01
ID_01941,ID_01799,shared_credential,True,0.216
ID_00362,ID_01984,service_account_link,False,0.26
ID_00984,ID_00261,same_owner,False,0.073
ID_01204,ID_00715,shared_credential,False,0.216
ID_00148,ID_00308,delegated_access,False,0.342
ID_00882,ID_01667,service_account_link,False,0.14
ID_00206,ID_00265,delegated_access,False,0.211
ID_01859,ID_01321,service_account_link,False,0.123
ID_01887,ID_00574,derives_from,False,0.197
ID_00387,ID_01157,shared_credential,True,0.306
ID_00981,ID_00731,delegated_access,False,0.237
ID_01392,ID_00902,service_account_link,True,0.456
ID_01056,ID_01893,shared_credential,False,0.078
ID_01464,ID_01912,same_owner,False,0.166
ID_00650,ID_00959,delegated_access,False,0.127
ID_01245,ID_01381,shared_credential,False,0.21
ID_01952,ID_01396,shared_credential,True,0.249
ID_00830,ID_00174,derives_from,False,0.139
ID_01029,ID_01235,service_account_link,True,0.096
ID_01488,ID_01288,shared_credential,False,0.141
ID_00143,ID_00055,shared_credential,True,0.155
ID_00603,ID_00538,shared_credential,True,0.174
ID_01520,ID_00785,same_owner,False,0.393
ID_00311,ID_01785,service_account_link,True,0.253
ID_00898,ID_00691,delegated_access,False,0.152
ID_01642,ID_01555,same_owner,False,0.342
ID_01174,ID_01713,delegated_access,False,0.326
ID_00801,ID_00976,shared_credential,False,0.11
ID_01853,ID_00602,shared_credential,True,0.077
ID_01555,ID_01509,service_account_link,True,0.232
ID_00883,ID_00632,same_owner,False,0.345
ID_01122,ID_01965,shared_credential,False,0.205
ID_00162,ID_00382,shared_credential,True,0.189
ID_00895,ID_01500,service_account_link,True,0.181
ID_00043,ID_01626,service_account_link,True,0.204
ID_00321,ID_00903,same_owner,False,0.297
ID_00563,ID_00692,derives_from,False,0.15
ID_00471,ID_01019,shared_credential,True,0.118
ID_00232,ID_00266,shared_credential,False,0.269
ID_01203,ID_00584,same_owner,False,0.193
ID_00976,ID_01615,delegated_access,False,0.34
ID_01698,ID_01017,delegated_access,False,0.233
ID_00290,ID_01848,same_owner,False,0.088
ID_01235,ID_01622,delegated_access,False,0.07
ID_01780,ID_01297,delegated_access,False,0.171
ID_00282,ID_01478,derives_from,False,0.482
ID_00232,ID_01809,derives_from,False,0.276
ID_01553,ID_01641,derives_from,False,0.24
ID_00415,ID_00839,same_owner,False,0.093
ID_01905,ID_00990,shared_credential,True,0.432
ID_01465,ID_00844,shared_credential,False,0.18
ID_01105,ID_00864,same_owner,False,0.085
ID_00189,ID_01840,same_owner,False,0.151
ID_00628,ID_00668,derives_from,False,0.101
ID_01183,ID_01194,delegated_access,False,0.139
ID_01596,ID_00625,same_owner,False,0.141
ID_00730,ID_01410,same_owner,False,0.127
ID_00809,ID_00907,delegated_access,False,0.093
ID_01357,ID_01652,shared_credential,True,0.171
ID_00711,ID_01439,derives_from,False,0.135
ID_01794,ID_00141,derives_from,False,0.14
ID_01684,ID_00447,service_account_link,True,0.278
ID_01422,ID_00250,shared_credential,True,0.382
ID_00481,ID_00963,same_owner,False,0.275
ID_01476,ID_01171,delegated_access,False,0.246
ID_00448,ID_00086,shared_credential,False,0.05
ID_00529,ID_01341,derives_from,False,0.237
ID_00572,ID_00307,same_owner,False,0.226
ID_00272,ID_00919,shared_credential,False,0.17
ID_00710,ID_01265,shared_credential,False,0.07
ID_01984,ID_01418,service_account_link,False,0.226
ID_00517,ID_00656,shared_credential,False,0.17
ID_01666,ID_01627,shared_credential,False,0.088
ID_00606,ID_00201,delegated_access,False,0.174
ID_01746,ID_01583,shared_credential,True,0.125
ID_00092,ID_00137,shared_credential,True,0.1
ID_00967,ID_01613,shared_credential,True,0.29
ID_00520,ID_01681,delegated_access,False,0.052
ID_00763,ID_01312,derives_from,False,0.047
ID_00512,ID_01774,service_account_link,True,0.136
ID_00678,ID_00319,derives_from,False,0.321
ID_01177,ID_00310,service_account_link,False,0.152
ID_00109,ID_01329,shared_credential,False,0.255
ID_00484,ID_01773,derives_from,False,0.107
ID_00013,ID_01006,delegated_access,False,0.076
ID_00038,ID_01526,service_account_link,True,0.174
ID_00472,ID_00604,delegated_access,False,0.106
ID_00524,ID_00683,derives_from,False,0.379
ID_00921,ID_00679,shared_credential,False,0.358
ID_01742,ID_01424,service_account_link,True,0.113
ID_01900,ID_01363,same_owner,False,0.171
ID_00364,ID_00265,delegated_access,False,0.327
ID_00201,ID_00408,service_account_link,True,0.14
ID_00999,ID_01464,service_account_link,True,0.28
ID_01285,ID_01955,service_account_link,True,0.027
ID_00314,ID_00320,delegated_access,False,0.073
ID_01108,ID_00633,shared_credential,True,0.247
ID_01336,ID_01618,service_account_link,True,0.044
ID_01153,ID_00493,derives_from,False,0.016
ID_00415,ID_01805,derives_from,False,0.235
ID_00440,ID_00086,delegated_access,False,0.433
ID_01400,ID_00886,shared_credential,True,0.137
ID_01203,ID_00746,same_owner,False,0.218
ID_00817,ID_01774,same_owner,False,0.258
ID_00061,ID_00787,derives_from,False,0.068
ID_00177,ID_00851,same_owner,False,0.099
ID_01391,ID_01027,delegated_access,False,0.241
ID_01363,ID_00747,delegated_access,False,0.058
ID_00929,ID_00231,shared_credential,True,0.129
ID_00924,ID_00620,service_account_link,True,0.242
ID_00294,ID_01116,same_owner,False,0.111
ID_01065,ID_01278,shared_credential,True,0.223
ID_00195,ID_00986,same_owner,False,0.16
ID_00067,ID_00549,shared_credential,True,0.132
ID_01887,ID_00023,service_account_link,True,0.109
ID_01425,ID_00497,service_account_link,True,0.097
ID_01545,ID_00601,derives_from,False,0.106
ID_01893,ID_00153,same_owner,False,0.119
ID_01026,ID_01540,delegated_access,False,0.139
ID_01490,ID_01469,same_owner,False,0.015
ID_01247,ID_01227,delegated_access,False,0.057
ID_01222,ID_01435,derives_from,False,0.466
ID_00557,ID_01561,service_account_link,True,0.022
ID_01246,ID_01481,delegated_access,False,0.142
ID_01123,ID_01318,derives_from,False,0.025
ID_01131,ID_01916,shared_credential,True,0.335
ID_00300,ID_01937,derives_from,False,0.194
ID_00423,ID_00414,service_account_link,True,0.224
ID_01054,ID_01511,same_owner,False,0.099
ID_00922,ID_00257,shared_credential,True,0.191
ID_00421,ID_00610,delegated_access,False,0.211
ID_01280,ID_01033,delegated_access,False,0.243
ID_00362,ID_01594,delegated_access,False,0.142
ID_01639,ID_00655,service_account_link,False,0.361
ID_00816,ID_01762,same_owner,False,0.299
ID_01919,ID_01021,service_account_link,False,0.206
ID_01584,ID_00277,delegated_access,False,0.323
ID_01956,ID_01841,delegated_access,False,0.245
ID_01492,ID_00081,same_owner,False,0.406
ID_01710,ID_01711,delegated_access,False,0.267
ID_00882,ID_01318,shared_credential,True,0.033
ID_01234,ID_01821,derives_from,False,0.184
ID_01085,ID_00948,same_owner,False,0.115
ID_01495,ID_01086,delegated_access,False,0.024
ID_00342,ID_00086,service_account_link,True,0.049
ID_01153,ID_01700,service_account_link,True,0.278
ID_01592,ID_00544,derives_from,False,0.05
ID_01693,ID_01296,shared_credential,True,0.18
ID_01833,ID_00657,same_owner,False,0.056
ID_00759,ID_01191,same_owner,False,0.034
ID_01490,ID_00287,shared_credential,True,0.382
ID_01953,ID_01237,delegated_access,False,0.147
ID_00192,ID_01986,shared_credential,True,0.032
ID_00796,ID_01876,delegated_access,False,0.151
ID_01470,ID_01156,derives_from,False,0.19
ID_00742,ID_01686,delegated_access,False,0.365
ID_01119,ID_00235,service_account_link,True,0.154
ID_01556,ID_00867,derives_from,False,0.086
ID_00830,ID_00646,delegated_access,False,0.139
ID_00871,ID_00378,derives_from,False,0.098
ID_01162,ID_01812,same_owner,False,0.179
ID_01445,ID_01193,service_account_link,True,0.133
ID_00126,ID_01486,delegated_access,False,0.224
ID_01843,ID_01565,service_account_link,False,0.227
ID_01602,ID_00484,delegated_access,False,0.163
ID_00696,ID_00814,shared_credential,True,0.25
ID_01769,ID_01882,shared_credential,True,0.217
ID_00171,ID_00954,service_account_link,True,0.295
ID_01436,ID_00503,service_account_link,True,0.056
ID_01602,ID_00532,same_owner,False,0.419
ID_00174,ID_01743,same_owner,False,0.148
ID_00928,ID_01161,shared_credential,True,0.584
ID_01679,ID_00495,shared_credential,True,0.213
ID_01167,ID_01777,derives_from,False,0.061
ID_01152,ID_00067,delegated_access,False,0.136
ID_01711,ID_00466,derives_from,False,0.119
ID_00928,ID_00399,same_owner,False,0.201
ID_00700,ID_01173,derives_from,False,0.217
ID_01279,ID_01655,derives_from,False,0.384
ID_01288,ID_00090,same_owner,False,0.3
ID_01633,ID_01758,delegated_access,False,0.082
ID_00462,ID_01549,delegated_access,False,0.445
ID_00598,ID_01406,same_owner,False,0.205
ID_01661,ID_01214,same_owner,False,0.341
ID_01915,ID_01460,delegated_access,False,0.462
ID_00272,ID_01522,service_account_link,True,0.282
ID_01121,ID_00523,derives_from,False,0.208
ID_01212,ID_01532,service_account_link,True,0.141
ID_00770,ID_00764,service_account_link,True,0.116
ID_01675,ID_00551,same_owner,False,0.169
ID_00801,ID_01584,derives_from,False,0.153
ID_00847,ID_01915,delegated_access,False,0.141
ID_01300,ID_00237,derives_from,False,0.221
ID_00710,ID_01595,delegated_access,False,0.213
ID_01838,ID_00038,delegated_access,False,0.087
ID_01208,ID_00183,shared_credential,True,0.352
ID_01431,ID_01724,service_account_link,True,0.033
ID_00056,ID_00280,service_account_link,True,0.044
ID_01640,ID_01232,same_owner,False,0.12
ID_01456,ID_01275,delegated_access,False,0.11
ID_00890,ID_00182,delegated_access,False,0.071
ID_01034,ID_01948,same_owner,False,0.253
ID_01252,ID_01133,service_account_link,True,0.197
ID_01092,ID_00082,same_owner,False,0.408
ID_01648,ID_00190,derives_from,False,0.327
ID_00532,ID_01386,delegated_access,False,0.071
ID_00905,ID_00579,delegated_access,False,0.268
ID_00907,ID_01533,derives_from,False,0.01
ID_00544,ID_00550,derives_from,False,0.099
ID_01639,ID_00743,shared_credential,True,0.202
ID_00368,ID_01791,derives_from,False,0.135
ID_01322,ID_01237,delegated_access,False,0.223
ID_01744,ID_00709,same_owner,False,0.508
ID_00794,ID_01582,service_account_link,True,0.23
ID_00815,ID_00158,delegated_access,False,0.427
ID_00844,ID_01503,service_account_link,False,0.221
ID_00813,ID_01857,derives_from,False,0.144
ID_00715,ID_01491,same_owner,False,0.048
ID_01165,ID_01078,delegated_access,False,0.269
ID_00200,ID_01606,same_owner,False,0.237
ID_01042,ID_01717,same_owner,False,0.554
ID_01659,ID_00384,same_owner,False,0.151
ID_01376,ID_00063,shared_credential,False,0.042
ID_01869,ID_00721,service_account_link,True,0.154
ID_00570,ID_00252,same_owner,False,0.068
ID_00226,ID_00315,service_account_link,True,0.289
ID_00058,ID_00391,shared_credential,False,0.09
ID_01898,ID_00563,same_owner,False,0.294
ID_00404,ID_00869,derives_from,False,0.321
ID_01365,ID_00234,delegated_access,False,0.365
ID_01264,ID_00519,same_owner,False,0.209
ID_00894,ID_01297,shared_credential,True,0.164
ID_00762,ID_01605,service_account_link,False,0.013
ID_00433,ID_01530,shared_credential,False,0.25
ID_01518,ID_00838,same_owner,False,0.167
ID_01255,ID_00325,service_account_link,True,0.137
ID_00292,ID_01268,delegated_access,False,0.278
ID_01906,ID_01385,derives_from,False,0.373
ID_01344,ID_00387,service_account_link,False,0.321
ID_01078,ID_00261,same_owner,False,0.189
ID_00874,ID_00283,shared_credential,False,0.23
ID_00266,ID_01327,service_account_link,True,0.178
ID_01873,ID_01080,derives_from,False,0.161
ID_00703,ID_01932,same_owner,False,0.427
ID_01434,ID_00671,derives_from,False,0.186
ID_01186,ID_00825,shared_credential,False,0.484
ID_00238,ID_00393,same_owner,False,0.322
ID_01661,ID_01447,same_owner,False,0.14
ID_01602,ID_00966,delegated_access,False,0.153
ID_00183,ID_01228,same_owner,False,0.362
ID_01721,ID_01163,derives_from,False,0.01
ID_00887,ID_00398,shared_credential,True,0.102
ID_00759,ID_00522,service_account_link,True,0.095
ID_00311,ID_01984,derives_from,False,0.261
ID_01928,ID_01526,shared_credential,False,0.265
ID_00933,ID_01459,shared_credential,True,0.389
ID_01962,ID_01148,same_owner,False,0.355
ID_01343,ID_00958,service_account_link,True,0.246
ID_01456,ID_00454,service_account_link,True,0.165
ID_01411,ID_00160,shared_credential,True,0.327
ID_01667,ID_01767,delegated_access,False,0.242
ID_01217,ID_01953,derives_from,False,0.029
ID_01559,ID_01712,derives_from,False,0.476
ID_01637,ID_01562,derives_from,False,0.218
ID_00510,ID_00478,shared_credential,True,0.365
ID_01173,ID_00067,derives_from,False,0.337
ID_00623,ID_00534,derives_from,False,0.153
ID_00954,ID_01341,delegated_access,False,0.186
ID_00217,ID_00137,shared_credential,False,0.227
ID_01910,ID_01308,service_account_link,True,0.202
ID_00569,ID_00561,service_account_link,True,0.305
ID_01330,ID_00801,same_owner,False,0.211
ID_01718,ID_01856,derives_from,False,0.349
ID_01564,ID_01653,same_owner,False,0.298
ID_01664,ID_00453,shared_credential,False,0.365
ID_01642,ID_00986,delegated_access,False,0.289
ID_00063,ID_01359,service_account_link,True,0.445
ID_00061,ID_00729,service_account_link,True,0.131
ID_00502,ID_00154,same_owner,False,0.245
ID_01565,ID_01782,derives_from,False,0.232
ID_01070,ID_01894,service_account_link,True,0.164
ID_00493,ID_00239,delegated_access,False,0.213
ID_00874,ID_01232,delegated_access,False,0.162
ID_00622,ID_01254,delegated_access,False,0.104
ID_00478,ID_00851,derives_from,False,0.187
ID_01894,ID_01833,service_account_link,True,0.162
ID_01559,ID_00328,shared_credential,True,0.38
ID_01353,ID_01042,service_account_link,True,0.145
ID_01648,ID_00801,same_owner,False,0.052
ID_01373,ID_00260,delegated_access,False,0.017
ID_01942,ID_00104,service_account_link,True,0.177
ID_01735,ID_00779,derives_from,False,0.267
ID_01363,ID_00268,service_account_link,True,0.331
ID_01243,ID_00937,same_owner,False,0.077
ID_01768,ID_01321,same_owner,False,0.215
ID_01444,ID_01533,service_account_link,True,0.491
ID_01913,ID_01965,same_owner,False,0.428
ID_01435,ID_00277,service_account_link,False,0.071
ID_01693,ID_01950,shared_credential,True,0.28
ID_01835,ID_00697,service_account_link,False,0.425
ID_00546,ID_01676,service_account_link,True,0.111
ID_01215,ID_01522,derives_from,False,0.08
ID_00216,ID_00281,shared_credential,True,0.146
ID_01033,ID_01882,same_owner,False,0.07
ID_01082,ID_00439,same_owner,False,0.338
ID_01406,ID_01450,delegated_access,False,0.186
ID_01423,ID_01320,service_account_link,True,0.355
ID_00871,ID_00911,shared_credential,False,0.195
ID_01692,ID_01238,delegated_access,False,0.066
ID_00012,ID_01489,same_owner,False,0.108
ID_00798,ID_00585,same_owner,False,0.054
ID_00550,ID_00279,delegated_access,False,0.098
ID_01567,ID_00666,same_owner,False,0.274
ID_00225,ID_00974,service_account_link,True,0.093
ID_00118,ID_00771,delegated_access,False,0.109
ID_01023,ID_00531,delegated_access,False,0.15
ID_00389,ID_01483,derives_from,False,0.116
ID_00235,ID_01212,service_account_link,True,0.17
ID_01784,ID_01959,service_account_link,False,0.151
ID_01875,ID_00390,derives_from,False,0.178
ID_00510,ID_00005,same_owner,False,0.142
ID_01534,ID_00913,delegated_access,False,0.258
ID_01876,ID_01426,service_account_link,True,0.178
ID_01022,ID_01872,same_owner,False,0.098
ID_01222,ID_00145,shared_credential,True,0.206
ID_01613,ID_00822,service_account_link,False,0.43
ID_01100,ID_00046,shared_credential,True,0.166
ID_00541,ID_01689,service_account_link,True,0.214
ID_01397,ID_00548,shared_credential,True,0.122
ID_00943,ID_01279,derives_from,False,0.096
ID_00016,ID_00378,delegated_access,False,0.238
ID_01068,ID_00383,delegated_access,False,0.446
ID_00449,ID_01832,same_owner,False,0.095
ID_00143,ID_01162,derives_from,False,0.038
ID_00930,ID_00055,same_owner,False,0.126
ID_00321,ID_01538,derives_from,False,0.19
ID_01182,ID_00672,derives_from,False,0.129
ID_01758,ID_00234,delegated_access,False,0.039
ID_01021,ID_00413,shared_credential,True,0.102
ID_01518,ID_01187,delegated_access,False,0.291
ID_01375,ID_01363,derives_from,False,0.041
ID_00049,ID_00093,same_owner,False,0.096
ID_01305,ID_00057,service_account_link,True,0.177
ID_00443,ID_01905,service_account_link,True,0.112
ID_01888,ID_01858,shared_credential,True,0.393
ID_01902,ID_01200,delegated_access,False,0.208
ID_01625,ID_01775,delegated_access,False,0.304
ID_01315,ID_01032,shared_credential,True,0.087
ID_01235,ID_01141,delegated_access,False,0.323
ID_00117,ID_00791,shared_credential,True,0.05
ID_01993,ID_00923,shared_credential,False,0.193
ID_01090,ID_00398,same_owner,False,0.112
ID_01923,ID_00404,service_account_link,True,0.196
ID_00902,ID_01692,derives_from,False,0.129
ID_00795,ID_01239,same_owner,False,0.28
ID_01110,ID_00772,derives_from,False,0.035
ID_01819,ID_00438,derives_from,False,0.203
ID_01137,ID_01381,delegated_access,False,0.074
ID_01124,ID_01430,shared_credential,False,0.135
ID_01849,ID_01501,shared_credential,False,0.074
ID_01467,ID_00185,service_account_link,False,0.179
ID_00634,ID_01745,shared_credential,True,0.139
ID_00241,ID_00078,service_account_link,True,0.523
ID_01586,ID_00780,delegated_access,False,0.505
ID_00284,ID_01895,derives_from,False,0.148
ID_01047,ID_01031,derives_from,False,0.25
ID_00169,ID_01521,shared_credential,False,0.127
ID_00755,ID_00323,service_account_link,True,0.194
ID_01163,ID_01056,same_owner,False,0.479
ID_00908,ID_00357,delegated_access,False,0.156
ID_01124,ID_00575,shared_credential,True,0.26
ID_01049,ID_01212,same_owner,False,0.103
ID_00473,ID_01308,service_account_link,True,0.288
ID_01180,ID_00144,same_owner,False,0.154
ID_01531,ID_00995,same_owner,False,0.25
ID_01205,ID_00905,shared_credential,False,0.029
ID_00641,ID_01301,shared_credential,False,0.457
ID_01410,ID_00327,service_account_link,True,0.172
ID_00394,ID_01321,derives_from,False,0.413
ID_01095,ID_01375,delegated_access,False,0.04
ID_00283,ID_00868,derives_from,False,0.148
ID_01434,ID_00600,service_account_link,False,0.146
ID_00660,ID_01536,delegated_access,False,0.289
ID_01376,ID_00165,derives_from,False,0.149
ID_00956,ID_00495,shared_credential,False,0.286
ID_00800,ID_01861,service_account_link,False,0.347
ID_01377,ID_01274,same_owner,False,0.25
ID_00408,ID_00603,same_owner,False,0.176
ID_01514,ID_00667,shared_credential,False,0.206
ID_00475,ID_00108,shared_credential,False,0.303
ID_00637,ID_01466,delegated_access,False,0.031
ID_01574,ID_01900,delegated_access,False,0.053
ID_00197,ID_01727,service_account_link,True,0.152
ID_00699,ID_00719,delegated_access,False,0.181
ID_00031,ID_01869,delegated_access,False,0.096
ID_01425,ID_01577,delegated_access,False,0.116
ID_00107,ID_00849,delegated_access,False,0.277
ID_01992,ID_00457,derives_from,False,0.409
ID_01099,ID_00447,shared_credential,True,0.234
ID_00688,ID_01708,same_owner,False,0.298
ID_00464,ID_01244,delegated_access,False,0.368
ID_00376,ID_01165,delegated_access,False,0.088
ID_01691,ID_01459,delegated_access,False,0.096
ID_00350,ID_00018,service_account_link,True,0.234
ID_01464,ID_01593,shared_credential,True,0.12
ID_00303,ID_01622,service_account_link,True,0.131
ID_01336,ID_01026,same_owner,False,0.27
ID_00486,ID_01247,service_account_link,False,0.07
ID_01010,ID_00414,same_owner,False,0.281
ID_01545,ID_01809,service_account_link,True,0.427
ID_00254,ID_00812,delegated_access,False,0.235
ID_01687,ID_01211,shared_credential,True,0.348
ID_00873,ID_00667,derives_from,False,0.215
ID_00273,ID_01035,service_account_link,True,0.128
ID_00243,ID_01949,service_account_link,True,0.268
ID_01363,ID_00093,shared_credential,False,0.175
ID_01543,ID_00108,derives_from,False,0.437
ID_00468,ID_00714,derives_from,False,0.097
ID_01113,ID_01462,service_account_link,False,0.475
ID_01469,ID_01414,same_owner,False,0.146
ID_01716,ID_00568,same_owner,False,0.095
ID_01269,ID_00457,shared_credential,True,0.113
ID_00131,ID_01969,same_owner,False,0.166
ID_00756,ID_00622,derives_from,False,0.218
ID_01221,ID_00488,delegated_access,False,0.038
ID_00480,ID_01457,same_owner,False,0.169
ID_00060,ID_00521,service_account_link,False,0.385
ID_00189,ID_00217,delegated_access,False,0.19
ID_01369,ID_00808,delegated_access,False,0.261
ID_00389,ID_00110,same_owner,False,0.188
ID_01993,ID_01155,service_account_link,True,0.23
ID_01346,ID_01229,derives_from,False,0.089
ID_00776,ID_00044,derives_from,False,0.251
ID_01429,ID_00387,service_account_link,False,0.197
ID_00650,ID_01354,service_account_link,False,0.184
ID_01135,ID_00903,same_owner,False,0.353
ID_01173,ID_00633,service_account_link,True,0.208
ID_00693,ID_00756,delegated_access,False,0.424
ID_00393,ID_01304,same_owner,False,0.349
ID_00819,ID_01127,shared_credential,True,0.041
ID_01542,ID_01397,shared_credential,False,0.255
ID_00160,ID_01363,delegated_access,False,0.367
ID_01076,ID_00427,derives_from,False,0.32
ID_00334,ID_01509,delegated_access,False,0.345
ID_00200,ID_00264,same_owner,False,0.186
ID_00026,ID_00633,same_owner,False,0.348
ID_00312,ID_00093,shared_credential,True,0.135
ID_00876,ID_01869,service_account_link,True,0.183
ID_00235,ID_01734,same_owner,False,0.214
ID_00760,ID_01698,delegated_access,False,0.09
ID_00018,ID_01506,same_owner,False,0.059
ID_00281,ID_00364,derives_from,False,0.164
ID_00844,ID_01155,service_account_link,False,0.231
ID_00273,ID_00828,shared_credential,False,0.265
ID_00080,ID_00121,delegated_access,False,0.418
ID_01512,ID_00636,delegated_access,False,0.221
ID_01647,ID_01804,shared_credential,True,0.27
ID_01484,ID_01328,service_account_link,False,0.214
ID_01527,ID_01885,shared_credential,False,0.119
ID_00370,ID_00097,shared_credential,True,0.133
ID_00993,ID_01725,shared_credential,True,0.21
ID_00878,ID_01083,service_account_link,True,0.064
ID_01025,ID_01616,derives_from,False,0.065
ID_00991,ID_00914,service_account_link,False,0.105
ID_00927,ID_01207,same_owner,False,0.065
ID_00473,ID_00647,delegated_access,False,0.269
ID_00732,ID_01052,service_account_link,False,0.281
ID_01999,ID_01704,derives_from,False,0.114
ID_01044,ID_01769,derives_from,False,0.141
ID_00408,ID_01931,derives_from,False,0.113
ID_00815,ID_00856,delegated_access,False,0.056
ID_01358,ID_00786,delegated_access,False,0.293
ID_00255,ID_00569,service_account_link,True,0.184
ID_00367,ID_01924,derives_from,False,0.122
ID_01323,ID_00063,service_account_link,False,0.022
ID_01657,ID_01238,derives_from,False,0.041
ID_01940,ID_00308,derives_from,False,0.209
ID_01032,ID_00483,derives_from,False,0.234
ID_01084,ID_00995,delegated_access,False,0.134
ID_01273,ID_00003,same_owner,False,0.057
ID_00549,ID_01054,shared_credential,False,0.105
ID_01635,ID_01479,same_owner,False,0.06
ID_01648,ID_00343,derives_from,False,0.243
ID_01375,ID_00814,delegated_access,False,0.189
ID_01462,ID_00526,service_account_link,True,0.297
ID_01197,ID_00963,derives_from,False,0.132
ID_00545,ID_00406,shared_credential,False,0.134
ID_01032,ID_01741,delegated_access,False,0.366
ID_00961,ID_01099,same_owner,False,0.119
ID_01016,ID_01972,service_account_link,True,0.272
ID_01402,ID_00932,service_account_link,True,0.236
ID_00482,ID_01283,derives_from,False,0.217
ID_00904,ID_00010,derives_from,False,0.115
