identity_id,type,source_system,privilege_level,primary_zone,assigned_dept
ID_00001,contractor,KubernetesRBAC,3,PARTNER_VPN,HR
ID_00002,admin,HRSystem,3,PARTNER_VPN,Engineering
ID_00003,machine_identity,LocalAccounts,1,PARTNER_VPN,Finance
ID_00004,machine_identity,LocalAccounts,2,DMZ,DevOps
ID_00005,machine_identity,HRSystem,3,OT,IT
ID_00006,admin,KubernetesRBAC,1,USER_LAN,Security
ID_00007,service_account,CloudIAM,3,USER_LAN,Engineering
ID_00008,service_account,KubernetesRBAC,1,CLOUD,Finance
ID_00009,machine_identity,LocalAccounts,3,CLOUD,IT
ID_00010,service_account,LDAP,1,OT,Security
ID_00011,machine_identity,LocalAccounts,3,PARTNER_VPN,IT
ID_00012,contractor,CloudIAM,2,MGMT,IT
ID_00013,contractor,LocalAccounts,3,OT,Security
ID_00014,contractor,LDAP,3,EXTERNAL,IT
ID_00015,machine_identity,LocalAccounts,3,USER_LAN,IT
ID_00016,contractor,HRSystem,3,PARTNER_VPN,Engineering
ID_00017,admin,ActiveDirectory,3,EXTERNAL,IT
ID_00018,service_account,CloudIAM,1,MGMT,R&D
ID_00019,contractor,CloudIAM,1,EXTERNAL,Operations
ID_00020,admin,KubernetesRBAC,3,CLOUD,Operations
ID_00021,admin,LocalAccounts,1,CLOUD,R&D
ID_00022,admin,HRSystem,1,MGMT,DevOps
ID_00023,contractor,CloudIAM,3,MGMT,Security
ID_00024,service_account,HRSystem,2,SERVER_LAN,Engineering
ID_00025,service_account,LDAP,3,PARTNER_VPN,Operations
ID_00026,contractor,LDAP,3,SERVER_LAN,HR
ID_00027,machine_identity,KubernetesRBAC,3,PARTNER_VPN,IT
ID_00028,user,KubernetesRBAC,3,MGMT,Operations
ID_00029,admin,KubernetesRBAC,2,SERVER_LAN,DevOps
ID_00030,service_account,CloudIAM,2,SERVER_LAN,Operations
ID_00031,service_account,KubernetesRBAC,2,MGMT,Operations
ID_00032,user,HRSystem,3,CLOUD,DevOps
ID_00033,user,CloudIAM,2,SERVER_LAN,HR
ID_00034,user,KubernetesRBAC,3,SERVER_LAN,Security
ID_00035,machine_identity,ActiveDirectory,3,MGMT,Engineering
ID_00036,user,HRSystem,3,MGMT,DevOps
ID_00037,contractor,CloudIAM,2,DMZ,HR
ID_00038,contractor,KubernetesRBAC,3,CLOUD,R&D
ID_00039,admin,ActiveDirectory,1,EXTERNAL,R&D
ID_00040,user,LocalAccounts,3,USER_LAN,R&D
ID_00041,user,LDAP,1,EXTERNAL,Security
ID_00042,service_account,LocalAccounts,1,USER_LAN,R&D
ID_00043,machine_identity,LocalAccounts,2,PARTNER_VPN,IT
ID_00044,machine_identity,CloudIAM,3,DMZ,HR
ID_00045,user,LocalAccounts,1,OT,Security
ID_00046,service_account,LocalAccounts,1,DMZ,Finance
ID_00047,service_account,KubernetesRBAC,3,SERVER_LAN,Security
ID_00048,user,HRSystem,1,SERVER_LAN,DevOps
ID_00049,contractor,HRSystem,2,MGMT,Finance
ID_00050,user,ActiveDirectory,3,EXTERNAL,DevOps
ID_00051,admin,KubernetesRBAC,2,CLOUD,IT
ID_00052,service_account,ActiveDirectory,3,DMZ,Operations
ID_00053,admin,KubernetesRBAC,3,OT,HR
ID_00054,user,HRSystem,2,USER_LAN,DevOps
ID_00055,user,LocalAccounts,2,CLOUD,IT
ID_00056,user,ActiveDirectory,2,SERVER_LAN,Operations
ID_00057,machine_identity,HRSystem,1,CLOUD,R&D
ID_00058,service_account,LDAP,1,SERVER_LAN,Security
ID_00059,user,KubernetesRBAC,3,EXTERNAL,Operations
ID_00060,service_account,KubernetesRBAC,1,MGMT,HR
ID_00061,machine_identity,ActiveDirectory,2,OT,Finance
ID_00062,admin,CloudIAM,1,USER_LAN,DevOps
ID_00063,admin,ActiveDirectory,2,PARTNER_VPN,Security
ID_00064,user,KubernetesRBAC,1,CLOUD,Operations
ID_00065,contractor,HRSystem,1,SERVER_LAN,IT
ID_00066,user,LocalAccounts,3,SERVER_LAN,R&D
ID_00067,user,CloudIAM,3,USER_LAN,Security
ID_00068,user,HRSystem,3,PARTNER_VPN,DevOps
ID_00069,user,LDAP,1,DMZ,Security
ID_00070,contractor,HRSystem,1,EXTERNAL,Security
ID_00071,admin,HRSystem,2,PARTNER_VPN,Finance
ID_00072,admin,KubernetesRBAC,1,EXTERNAL,R&D
ID_00073,admin,KubernetesRBAC,1,OT,R&D
ID_00074,admin,LDAP,3,DMZ,Security
ID_00075,service_account,LocalAccounts,3,EXTERNAL,HR
ID_00076,user,LocalAccounts,1,CLOUD,Security
ID_00077,admin,ActiveDirectory,2,MGMT,Finance
ID_00078,contractor,HRSystem,3,SERVER_LAN,Operations
ID_00079,user,LDAP,1,PARTNER_VPN,Security
ID_00080,contractor,LocalAccounts,1,MGMT,Finance
ID_00081,admin,KubernetesRBAC,2,OT,DevOps
ID_00082,admin,ActiveDirectory,2,SERVER_LAN,DevOps
ID_00083,admin,LocalAccounts,1,OT,Engineering
ID_00084,user,CloudIAM,1,EXTERNAL,Operations
ID_00085,machine_identity,HRSystem,3,PARTNER_VPN,HR
ID_00086,contractor,HRSystem,3,CLOUD,R&D
ID_00087,user,KubernetesRBAC,1,SERVER_LAN,Engineering
ID_00088,service_account,KubernetesRBAC,2,SERVER_LAN,R&D
ID_00089,contractor,LDAP,2,SERVER_LAN,Operations
ID_00090,service_account,ActiveDirectory,2,PARTNER_VPN,HR
ID_00091,admin,LocalAccounts,3,OT,Engineering
ID_00092,user,ActiveDirectory,3,EXTERNAL,HR
ID_00093,admin,LocalAccounts,2,EXTERNAL,Finance
ID_00094,service_account,KubernetesRBAC,2,PARTNER_VPN,Operations
ID_00095,contractor,ActiveDirectory,2,DMZ,Operations
ID_00096,machine_identity,KubernetesRBAC,3,USER_LAN,IT
ID_00097,user,ActiveDirectory,3,MGMT,HR
ID_00098,service_account,LocalAccounts,1,CLOUD,IT
ID_00099,contractor,ActiveDirectory,3,CLOUD,DevOps
ID_00100,service_account,KubernetesRBAC,2,MGMT,Engineering
ID_00101,contractor,LocalAccounts,2,PARTNER_VPN,Engineering
ID_00102,contractor,HRSystem,2,EXTERNAL,IT
ID_00103,contractor,KubernetesRBAC,2,DMZ,Operations
ID_00104,machine_identity,HRSystem,1,USER_LAN,Finance
ID_00105,service_account,ActiveDirectory,3,EXTERNAL,Operations
ID_00106,admin,KubernetesRBAC,3,PARTNER_VPN,Engineering
ID_00107,machine_identity,LDAP,1,CLOUD,Engineering
ID_00108,admin,HRSystem,1,OT,Security
ID_00109,contractor,HRSystem,2,DMZ,DevOps
ID_00110,user,ActiveDirectory,1,OT,R&D
ID_00111,admin,HRSystem,1,CLOUD,DevOps
ID_00112,machine_identity,HRSystem,3,CLOUD,Security
ID_00113,machine_identity,LocalAccounts,3,EXTERNAL,R&D
ID_00114,admin,CloudIAM,3,EXTERNAL,R&D
ID_00115,contractor,CloudIAM,2,USER_LAN,Operations
ID_00116,machine_identity,ActiveDirectory,1,PARTNER_VPN,Finance
ID_00117,contractor,HRSystem,2,DMZ,Security
ID_00118,service_account,CloudIAM,2,EXTERNAL,R&D
ID_00119,service_account,CloudIAM,1,USER_LAN,Engineering
ID_00120,user,LocalAccounts,1,DMZ,Security
ID_00121,service_account,LDAP,3,SERVER_LAN,Operations
ID_00122,user,ActiveDirectory,1,EXTERNAL,Security
ID_00123,contractor,LocalAccounts,1,PARTNER_VPN,R&D
ID_00124,contractor,KubernetesRBAC,1,MGMT,Finance
ID_00125,contractor,CloudIAM,3,EXTERNAL,DevOps
ID_00126,contractor,KubernetesRBAC,2,PARTNER_VPN,R&D
ID_00127,admin,ActiveDirectory,2,OT,Finance
ID_00128,user,ActiveDirectory,1,OT,Engineering
ID_00129,user,LocalAccounts,1,MGMT,HR
ID_00130,service_account,ActiveDirectory,3,EXTERNAL,DevOps
ID_00131,admin,ActiveDirectory,1,OT,Operations
ID_00132,admin,HRSystem,1,SERVER_LAN,Security
ID_00133,admin,HRSystem,2,OT,Operations
ID_00134,user,KubernetesRBAC,3,OT,HR
ID_00135,admin,KubernetesRBAC,3,PARTNER_VPN,R&D
ID_00136,machine_identity,LDAP,2,OT,R&D
ID_00137,contractor,LDAP,3,OT,DevOps
ID_00138,user,LocalAccounts,3,PARTNER_VPN,R&D
ID_00139,user,CloudIAM,3,EXTERNAL,Engineering
ID_00140,admin,LDAP,2,SERVER_LAN,HR
ID_00141,admin,LDAP,2,PARTNER_VPN,IT
ID_00142,admin,HRSystem,1,PARTNER_VPN,R&D
ID_00143,contractor,HRSystem,1,EXTERNAL,Security
ID_00144,admin,CloudIAM,1,EXTERNAL,Engineering
ID_00145,contractor,HRSystem,3,SERVER_LAN,IT
ID_00146,admin,LocalAccounts,2,PARTNER_VPN,IT
ID_00147,service_account,KubernetesRBAC,2,DMZ,DevOps
ID_00148,user,LocalAccounts,1,DMZ,Security
ID_00149,machine_identity,LDAP,3,PARTNER_VPN,Operations
ID_00150,service_account,LDAP,1,MGMT,IT
ID_00151,contractor,KubernetesRBAC,2,EXTERNAL,R&D
ID_00152,admin,ActiveDirectory,3,OT,Finance
ID_00153,contractor,CloudIAM,2,CLOUD,R&D
ID_00154,admin,HRSystem,2,PARTNER_VPN,Engineering
ID_00155,service_account,LocalAccounts,1,USER_LAN,Engineering
ID_00156,contractor,HRSystem,3,CLOUD,R&D
ID_00157,admin,HRSystem,3,SERVER_LAN,DevOps
ID_00158,machine_identity,LocalAccounts,1,USER_LAN,Engineering
ID_00159,user,HRSystem,2,PARTNER_VPN,IT
ID_00160,service_account,HRSystem,2,DMZ,Finance
ID_00161,user,ActiveDirectory,3,MGMT,R&D
ID_00162,machine_identity,LocalAccounts,2,PARTNER_VPN,Security
ID_00163,admin,CloudIAM,3,DMZ,DevOps
ID_00164,machine_identity,LDAP,3,CLOUD,IT
ID_00165,service_account,ActiveDirectory,2,MGMT,Engineering
ID_00166,contractor,CloudIAM,3,OT,Operations
ID_00167,contractor,LDAP,3,EXTERNAL,Engineering
ID_00168,user,LDAP,2,OT,IT
ID_00169,user,HRSystem,2,MGMT,DevOps
ID_00170,contractor,LocalAccounts,3,SERVER_LAN,DevOps
ID_00171,service_account,KubernetesRBAC,2,MGMT,Finance
ID_00172,service_account,LDAP,2,DMZ,Finance
ID_00173,machine_identity,LocalAccounts,1,EXTERNAL,HR
ID_00174,admin,ActiveDirectory,1,MGMT,Operations
ID_00175,service_account,LocalAccounts,3,SERVER_LAN,Finance
ID_00176,service_account,KubernetesRBAC,1,MGMT,DevOps
ID_00177,admin,CloudIAM,1,USER_LAN,DevOps
ID_00178,user,ActiveDirectory,1,SERVER_LAN,R&D
ID_00179,user,LocalAccounts,3,CLOUD,Finance
ID_00180,contractor,CloudIAM,3,EXTERNAL,R&D
ID_00181,contractor,HRSystem,2,OT,IT
ID_00182,user,LDAP,2,MGMT,DevOps
ID_00183,contractor,ActiveDirectory,2,EXTERNAL,Security
ID_00184,admin,ActiveDirectory,1,OT,HR
ID_00185,machine_identity,CloudIAM,2,USER_LAN,DevOps
ID_00186,user,ActiveDirectory,3,EXTERNAL,Security
ID_00187,user,LDAP,2,CLOUD,Security
ID_00188,service_account,LocalAccounts,2,EXTERNAL,Security
ID_00189,admin,HRSystem,1,CLOUD,Engineering
ID_00190,admin,HRSystem,3,USER_LAN,IT
ID_00191,contractor,KubernetesRBAC,2,USER_LAN,DevOps
ID_00192,user,CloudIAM,2,DMZ,Finance
ID_00193,admin,LocalAccounts,2,OT,Engineering
ID_00194,user,HRSystem,1,MGMT,Security
ID_00195,user,LocalAccounts,1,MGMT,Engineering
ID_00196,admin,CloudIAM,2,EXTERNAL,Security
ID_00197,machine_identity,KubernetesRBAC,2,EXTERNAL,Finance
ID_00198,service_account,ActiveDirectory,1,SERVER_LAN,R&D
ID_00199,user,KubernetesRBAC,2,DMZ,DevOps
ID_00200,contractor,ActiveDirectory,2,CLOUD,Operations
ID_00201,contractor,ActiveDirectory,2,MGMT,Operations
ID_00202,admin,LocalAccounts,3,OT,Engineering
ID_00203,admin,LDAP,2,CLOUD,HR
ID_00204,contractor,KubernetesRBAC,1,PARTNER_VPN,R&D
ID_00205,contractor,LDAP,1,DMZ,Finance
ID_00206,contractor,ActiveDirectory,1,EXTERNAL,Operations
ID_00207,admin,KubernetesRBAC,2,DMZ,Security
ID_00208,machine_identity,HRSystem,2,OT,Operations
ID_00209,service_account,LDAP,3,PARTNER_VPN,HR
ID_00210,admin,CloudIAM,1,OT,Security
ID_00211,admin,LDAP,3,PARTNER_VPN,R&D
ID_00212,machine_identity,ActiveDirectory,3,MGMT,Security
ID_00213,contractor,CloudIAM,1,SERVER_LAN,Engineering
ID_00214,service_account,CloudIAM,1,EXTERNAL,Operations
ID_00215,service_account,HRSystem,1,SERVER_LAN,Security
ID_00216,machine_identity,LocalAccounts,1,USER_LAN,IT
ID_00217,user,ActiveDirectory,3,USER_LAN,Engineering
ID_00218,machine_identity,LDAP,2,MGMT,HR
ID_00219,contractor,CloudIAM,1,PARTNER_VPN,Engineering
ID_00220,contractor,LocalAccounts,2,USER_LAN,DevOps
ID_00221,admin,CloudIAM,1,OT,DevOps
ID_00222,contractor,CloudIAM,2,EXTERNAL,Security
ID_00223,machine_identity,LDAP,1,DMZ,Security
ID_00224,user,LDAP,2,PARTNER_VPN,Operations
ID_00225,contractor,CloudIAM,1,MGMT,Engineering
ID_00226,user,CloudIAM,3,PARTNER_VPN,Engineering
ID_00227,machine_identity,ActiveDirectory,2,MGMT,Finance
ID_00228,contractor,LocalAccounts,1,OT,Engineering
ID_00229,service_account,LDAP,3,OT,Engineering
ID_00230,service_account,LocalAccounts,3,DMZ,Finance
ID_00231,admin,ActiveDirectory,1,SERVER_LAN,Finance
ID_00232,contractor,HRSystem,1,SERVER_LAN,HR
ID_00233,machine_identity,ActiveDirectory,3,EXTERNAL,IT
ID_00234,service_account,CloudIAM,1,MGMT,IT
ID_00235,machine_identity,CloudIAM,1,EXTERNAL,Operations
ID_00236,admin,KubernetesRBAC,2,DMZ,R&D
ID_00237,service_account,HRSystem,3,EXTERNAL,HR
ID_00238,contractor,CloudIAM,2,PARTNER_VPN,IT
ID_00239,admin,ActiveDirectory,3,OT,Operations
ID_00240,user,ActiveDirectory,1,DMZ,Operations
ID_00241,admin,KubernetesRBAC,3,DMZ,DevOps
ID_00242,contractor,KubernetesRBAC,3,MGMT,R&D
ID_00243,user,HRSystem,3,SERVER_LAN,DevOps
ID_00244,service_account,HRSystem,1,DMZ,IT
ID_00245,machine_identity,ActiveDirectory,1,CLOUD,Engineering
ID_00246,service_account,LDAP,1,CLOUD,R&D
ID_00247,contractor,CloudIAM,2,MGMT,HR
ID_00248,service_account,LDAP,1,DMZ,Security
ID_00249,service_account,ActiveDirectory,3,USER_LAN,Finance
ID_00250,service_account,LDAP,1,SERVER_LAN,Finance
ID_00251,machine_identity,HRSystem,1,MGMT,HR
ID_00252,admin,LocalAccounts,1,EXTERNAL,DevOps
ID_00253,service_account,CloudIAM,3,SERVER_LAN,HR
ID_00254,contractor,HRSystem,3,SERVER_LAN,Operations
ID_00255,user,ActiveDirectory,2,OT,Finance
ID_00256,service_account,LocalAccounts,2,SERVER_LAN,Engineering
ID_00257,admin,LDAP,1,CLOUD,Finance
ID_00258,machine_identity,LDAP,1,DMZ,IT
ID_00259,contractor,CloudIAM,1,USER_LAN,Engineering
ID_00260,service_account,LocalAccounts,3,DMZ,IT
ID_00261,service_account,LDAP,2,DMZ,Finance
ID_00262,machine_identity,ActiveDirectory,2,CLOUD,DevOps
ID_00263,admin,LocalAccounts,3,PARTNER_VPN,Engineering
ID_00264,contractor,LDAP,1,SERVER_LAN,IT
ID_00265,user,HRSystem,1,OT,Engineering
ID_00266,service_account,LocalAccounts,1,DMZ,Engineering
ID_00267,contractor,ActiveDirectory,2,EXTERNAL,Engineering
ID_00268,contractor,KubernetesRBAC,3,MGMT,DevOps
ID_00269,contractor,HRSystem,3,USER_LAN,IT
ID_00270,service_account,CloudIAM,3,MGMT,DevOps
ID_00271,user,CloudIAM,2,CLOUD,IT
ID_00272,user,ActiveDirectory,2,OT,DevOps
ID_00273,machine_identity,HRSystem,3,PARTNER_VPN,DevOps
ID_00274,admin,CloudIAM,1,MGMT,HR
ID_00275,user,ActiveDirectory,1,PARTNER_VPN,IT
ID_00276,admin,LocalAccounts,2,PARTNER_VPN,R&D
ID_00277,contractor,CloudIAM,3,MGMT,IT
ID_00278,contractor,LocalAccounts,3,SERVER_LAN,R&D
ID_00279,contractor,LocalAccounts,2,CLOUD,Finance
ID_00280,admin,KubernetesRBAC,2,SERVER_LAN,HR
ID_00281,admin,KubernetesRBAC,3,CLOUD,HR
ID_00282,service_account,LocalAccounts,3,SERVER_LAN,Security
ID_00283,service_account,LDAP,2,PARTNER_VPN,HR
ID_00284,machine_identity,ActiveDirectory,2,SERVER_LAN,Security
ID_00285,user,CloudIAM,3,OT,Security
ID_00286,contractor,HRSystem,1,OT,Engineering
ID_00287,contractor,ActiveDirectory,1,CLOUD,DevOps
ID_00288,admin,ActiveDirectory,3,MGMT,Operations
ID_00289,service_account,HRSystem,1,PARTNER_VPN,IT
ID_00290,user,HRSystem,3,SERVER_LAN,DevOps
ID_00291,admin,ActiveDirectory,1,MGMT,IT
ID_00292,machine_identity,HRSystem,3,SERVER_LAN,R&D
ID_00293,admin,ActiveDirectory,3,OT,DevOps
ID_00294,machine_identity,ActiveDirectory,1,MGMT,IT
ID_00295,contractor,ActiveDirectory,1,OT,Engineering
ID_00296,contractor,CloudIAM,3,PARTNER_VPN,R&D
ID_00297,admin,ActiveDirectory,2,PARTNER_VPN,IT
ID_00298,contractor,HRSystem,3,EXTERNAL,Finance
ID_00299,user,LDAP,2,USER_LAN,Finance
ID_00300,user,LocalAccounts,2,MGMT,HR
ID_00301,admin,KubernetesRBAC,3,DMZ,Operations
ID_00302,user,LocalAccounts,3,SERVER_LAN,Engineering
ID_00303,admin,ActiveDirectory,3,MGMT,R&D
ID_00304,admin,CloudIAM,3,SERVER_LAN,Operations
ID_00305,service_account,LDAP,2,SERVER_LAN,DevOps
ID_00306,contractor,ActiveDirectory,1,MGMT,Engineering
ID_00307,user,LDAP,2,DMZ,Engineering
ID_00308,machine_identity,CloudIAM,2,EXTERNAL,HR
ID_00309,user,ActiveDirectory,1,USER_LAN,Finance
ID_00310,service_account,ActiveDirectory,2,PARTNER_VPN,Finance
ID_00311,machine_identity,ActiveDirectory,3,DMZ,Finance
ID_00312,machine_identity,HRSystem,1,MGMT,DevOps
ID_00313,contractor,LDAP,1,OT,Operations
ID_00314,admin,ActiveDirectory,1,DMZ,Finance
ID_00315,service_account,LocalAccounts,3,MGMT,Engineering
ID_00316,machine_identity,HRSystem,1,CLOUD,IT
ID_00317,service_account,CloudIAM,1,USER_LAN,HR
ID_00318,admin,KubernetesRBAC,1,DMZ,R&D
ID_00319,machine_identity,LocalAccounts,3,USER_LAN,R&D
ID_00320,contractor,KubernetesRBAC,1,OT,R&D
ID_00321,machine_identity,CloudIAM,3,DMZ,DevOps
ID_00322,user,LocalAccounts,2,DMZ,IT
ID_00323,user,CloudIAM,2,OT,DevOps
ID_00324,contractor,ActiveDirectory,2,EXTERNAL,HR
ID_00325,user,KubernetesRBAC,1,OT,Finance
ID_00326,machine_identity,CloudIAM,2,DMZ,R&D
ID_00327,admin,KubernetesRBAC,1,SERVER_LAN,IT
ID_00328,service_account,LDAP,3,CLOUD,R&D
ID_00329,admin,ActiveDirectory,3,DMZ,Operations
ID_00330,service_account,LocalAccounts,3,MGMT,Security
ID_00331,user,ActiveDirectory,3,CLOUD,R&D
ID_00332,contractor,KubernetesRBAC,3,CLOUD,Operations
ID_00333,service_account,ActiveDirectory,2,USER_LAN,IT
ID_00334,user,HRSystem,1,PARTNER_VPN,HR
ID_00335,service_account,CloudIAM,3,EXTERNAL,DevOps
ID_00336,admin,KubernetesRBAC,2,PARTNER_VPN,Operations
ID_00337,machine_identity,KubernetesRBAC,3,DMZ,Engineering
ID_00338,user,HRSystem,2,EXTERNAL,DevOps
ID_00339,admin,KubernetesRBAC,3,SERVER_LAN,Engineering
ID_00340,contractor,CloudIAM,3,CLOUD,DevOps
ID_00341,user,ActiveDirectory,1,OT,IT
ID_00342,service_account,CloudIAM,1,PARTNER_VPN,Engineering
ID_00343,contractor,LDAP,1,EXTERNAL,Finance
ID_00344,user,LDAP,2,OT,R&D
ID_00345,admin,KubernetesRBAC,1,SERVER_LAN,Operations
ID_00346,contractor,KubernetesRBAC,2,USER_LAN,IT
ID_00347,admin,LDAP,2,DMZ,IT
ID_00348,machine_identity,ActiveDirectory,1,USER_LAN,Finance
ID_00349,machine_identity,HRSystem,3,SERVER_LAN,DevOps
ID_00350,contractor,HRSystem,3,DMZ,R&D
ID_00351,user,CloudIAM,2,USER_LAN,Operations
ID_00352,admin,LocalAccounts,3,EXTERNAL,Security
ID_00353,service_account,LocalAccounts,2,CLOUD,IT
ID_00354,user,HRSystem,2,USER_LAN,Operations
ID_00355,service_account,LocalAccounts,3,PARTNER_VPN,HR
ID_00356,user,HRSystem,3,PARTNER_VPN,Engineering
ID_00357,machine_identity,LDAP,2,CLOUD,Finance
ID_00358,contractor,LDAP,2,CLOUD,Operations
ID_00359,contractor,ActiveDirectory,1,MGMT,Finance
ID_00360,machine_identity,KubernetesRBAC,2,USER_LAN,Operations
ID_00361,service_account,LDAP,1,DMZ,Security
ID_00362,user,HRSystem,3,SERVER_LAN,Finance
ID_00363,service_account,LocalAccounts,3,USER_LAN,HR
ID_00364,admin,CloudIAM,1,CLOUD,DevOps
ID_00365,user,ActiveDirectory,1,OT,HR
ID_00366,contractor,CloudIAM,1,CLOUD,Finance
ID_00367,machine_identity,LocalAccounts,1,CLOUD,Finance
ID_00368,machine_identity,LocalAccounts,1,PARTNER_VPN,R&D
ID_00369,service_account,KubernetesRBAC,1,DMZ,R&D
ID_00370,user,CloudIAM,1,MGMT,Operations
ID_00371,admin,ActiveDirectory,2,MGMT,Security
ID_00372,contractor,LDAP,2,EXTERNAL,Operations
ID_00373,user,LDAP,3,DMZ,R&D
ID_00374,contractor,KubernetesRBAC,3,CLOUD,HR
ID_00375,contractor,CloudIAM,3,USER_LAN,Engineering
ID_00376,contractor,KubernetesRBAC,1,CLOUD,IT
ID_00377,user,LocalAccounts,2,SERVER_LAN,IT
ID_00378,service_account,HRSystem,2,DMZ,R&D
ID_00379,user,ActiveDirectory,2,OT,HR
ID_00380,contractor,LDAP,1,DMZ,Security
ID_00381,user,KubernetesRBAC,1,PARTNER_VPN,Security
ID_00382,contractor,ActiveDirectory,1,OT,Engineering
ID_00383,contractor,CloudIAM,1,EXTERNAL,Finance
ID_00384,admin,KubernetesRBAC,1,MGMT,Finance
ID_00385,service_account,HRSystem,3,DMZ,R&D
ID_00386,machine_identity,HRSystem,3,SERVER_LAN,HR
ID_00387,contractor,ActiveDirectory,1,CLOUD,Finance
ID_00388,service_account,KubernetesRBAC,2,CLOUD,R&D
ID_00389,machine_identity,ActiveDirectory,1,PARTNER_VPN,R&D
ID_00390,user,LDAP,3,PARTNER_VPN,HR
ID_00391,admin,CloudIAM,2,DMZ,IT
ID_00392,admin,ActiveDirectory,2,OT,Operations
ID_00393,contractor,LocalAccounts,2,CLOUD,Finance
ID_00394,machine_identity,ActiveDirectory,3,DMZ,Engineering
ID_00395,admin,KubernetesRBAC,1,DMZ,DevOps
ID_00396,user,KubernetesRBAC,2,EXTERNAL,Finance
ID_00397,user,CloudIAM,1,MGMT,DevOps
ID_00398,admin,LDAP,3,USER_LAN,Security
ID_00399,contractor,HRSystem,3,OT,IT
ID_00400,machine_identity,CloudIAM,3,SERVER_LAN,DevOps
ID_00401,service_account,CloudIAM,1,EXTERNAL,IT
ID_00402,service_account,CloudIAM,1,CLOUD,Operations
ID_00403,contractor,HRSystem,3,EXTERNAL,IT
ID_00404,contractor,KubernetesRBAC,3,SERVER_LAN,DevOps
ID_00405,machine_identity,CloudIAM,3,PARTNER_VPN,IT
ID_00406,machine_identity,CloudIAM,3,SERVER_LAN,Security
ID_00407,user,KubernetesRBAC,2,DMZ,HR
ID_00408,contractor,HRSystem,3,MGMT,IT
ID_00409,contractor,ActiveDirectory,1,EXTERNAL,HR
ID_00410,contractor,KubernetesRBAC,3,SERVER_LAN,HR
ID_00411,contractor,CloudIAM,1,SERVER_LAN,Engineering
ID_00412,service_account,ActiveDirectory,2,MGMT,HR
ID_00413,service_account,HRSystem,1,SERVER_LAN,R&D
ID_00414,admin,KubernetesRBAC,1,CLOUD,Operations
ID_00415,machine_identity,LocalAccounts,3,DMZ,Engineering
ID_00416,contractor,HRSystem,2,OT,IT
ID_00417,user,LDAP,3,USER_LAN,IT
ID_00418,user,LocalAccounts,1,SERVER_LAN,Finance
ID_00419,user,LDAP,2,CLOUD,R&D
ID_00420,service_account,LocalAccounts,2,OT,R&D
ID_00421,machine_identity,LocalAccounts,1,USER_LAN,IT
ID_00422,contractor,CloudIAM,1,PARTNER_VPN,Engineering
ID_00423,admin,LocalAccounts,1,PARTNER_VPN,Finance
ID_00424,service_account,HRSystem,1,CLOUD,DevOps
ID_00425,user,CloudIAM,1,MGMT,DevOps
ID_00426,user,CloudIAM,2,DMZ,Engineering
ID_00427,admin,LDAP,2,PARTNER_VPN,DevOps
ID_00428,admin,HRSystem,1,DMZ,DevOps
ID_00429,admin,HRSystem,2,PARTNER_VPN,R&D
ID_00430,contractor,LocalAccounts,1,DMZ,Operations
ID_00431,service_account,HRSystem,1,PARTNER_VPN,Operations
ID_00432,service_account,KubernetesRBAC,1,USER_LAN,Engineering
ID_00433,user,HRSystem,3,OT,Engineering
ID_00434,service_account,LocalAccounts,3,MGMT,R&D
ID_00435,machine_identity,CloudIAM,3,USER_LAN,HR
ID_00436,machine_identity,LocalAccounts,3,MGMT,Finance
ID_00437,service_account,KubernetesRBAC,2,EXTERNAL,Security
ID_00438,user,CloudIAM,3,DMZ,R&D
ID_00439,machine_identity,CloudIAM,3,SERVER_LAN,IT
ID_00440,contractor,LocalAccounts,3,USER_LAN,Operations
ID_00441,user,KubernetesRBAC,2,MGMT,Finance
ID_00442,contractor,ActiveDirectory,1,SERVER_LAN,R&D
ID_00443,machine_identity,CloudIAM,3,PARTNER_VPN,DevOps
ID_00444,admin,LocalAccounts,2,OT,Operations
ID_00445,user,LDAP,2,CLOUD,R&D
ID_00446,machine_identity,LDAP,2,MGMT,DevOps
ID_00447,service_account,LocalAccounts,1,MGMT,IT
ID_00448,machine_identity,HRSystem,1,DMZ,Engineering
ID_00449,user,LocalAccounts,2,OT,Engineering
ID_00450,service_account,LocalAccounts,1,OT,HR
ID_00451,user,LocalAccounts,2,SERVER_LAN,DevOps
ID_00452,admin,KubernetesRBAC,2,CLOUD,HR
ID_00453,contractor,LocalAccounts,2,DMZ,R&D
ID_00454,admin,LocalAccounts,3,OT,R&D
ID_00455,user,LocalAccounts,3,SERVER_LAN,R&D
ID_00456,admin,ActiveDirectory,2,DMZ,Security
ID_00457,contractor,ActiveDirectory,1,DMZ,IT
ID_00458,service_account,LocalAccounts,1,OT,DevOps
ID_00459,user,HRSystem,2,MGMT,IT
ID_00460,machine_identity,LocalAccounts,1,EXTERNAL,Finance
ID_00461,admin,CloudIAM,2,EXTERNAL,Finance
ID_00462,user,LocalAccounts,3,PARTNER_VPN,Operations
ID_00463,user,KubernetesRBAC,2,SERVER_LAN,Security
ID_00464,admin,KubernetesRBAC,2,MGMT,Engineering
ID_00465,contractor,CloudIAM,3,PARTNER_VPN,Finance
ID_00466,contractor,CloudIAM,3,SERVER_LAN,Engineering
ID_00467,admin,ActiveDirectory,2,MGMT,DevOps
ID_00468,user,CloudIAM,1,PARTNER_VPN,HR
ID_00469,admin,LocalAccounts,1,USER_LAN,Operations
ID_00470,service_account,LDAP,2,DMZ,Operations
ID_00471,user,CloudIAM,3,OT,Engineering
ID_00472,admin,CloudIAM,3,USER_LAN,R&D
ID_00473,service_account,CloudIAM,3,EXTERNAL,IT
ID_00474,contractor,KubernetesRBAC,3,EXTERNAL,Security
ID_00475,admin,HRSystem,3,DMZ,IT
ID_00476,user,LDAP,2,CLOUD,Finance
ID_00477,service_account,ActiveDirectory,2,SERVER_LAN,IT
ID_00478,service_account,LDAP,1,MGMT,HR
ID_00479,machine_identity,ActiveDirectory,2,OT,Finance
ID_00480,machine_identity,KubernetesRBAC,1,EXTERNAL,Engineering
ID_00481,user,CloudIAM,3,DMZ,HR
ID_00482,machine_identity,HRSystem,3,CLOUD,Security
ID_00483,contractor,CloudIAM,2,SERVER_LAN,HR
ID_00484,service_account,KubernetesRBAC,1,CLOUD,Security
ID_00485,service_account,LDAP,1,OT,R&D
ID_00486,machine_identity,LDAP,1,EXTERNAL,Security
ID_00487,service_account,HRSystem,3,CLOUD,DevOps
ID_00488,machine_identity,LDAP,3,DMZ,HR
ID_00489,service_account,CloudIAM,2,USER_LAN,Engineering
ID_00490,contractor,HRSystem,3,SERVER_LAN,R&D
ID_00491,user,LDAP,2,EXTERNAL,HR
ID_00492,contractor,KubernetesRBAC,2,SERVER_LAN,DevOps
ID_00493,machine_identity,HRSystem,3,DMZ,DevOps
ID_00494,user,LocalAccounts,3,PARTNER_VPN,Finance
ID_00495,admin,ActiveDirectory,3,CLOUD,HR
ID_00496,admin,CloudIAM,1,EXTERNAL,IT
ID_00497,admin,HRSystem,2,EXTERNAL,Engineering
ID_00498,admin,KubernetesRBAC,1,EXTERNAL,HR
ID_00499,service_account,LDAP,2,EXTERNAL,Security
ID_00500,admin,ActiveDirectory,2,USER_LAN,R&D
ID_00501,service_account,HRSystem,1,OT,Finance
ID_00502,contractor,LocalAccounts,1,USER_LAN,Operations
ID_00503,admin,KubernetesRBAC,3,PARTNER_VPN,Finance
ID_00504,admin,CloudIAM,3,EXTERNAL,R&D
ID_00505,admin,KubernetesRBAC,3,MGMT,R&D
ID_00506,contractor,LocalAccounts,2,MGMT,R&D
ID_00507,service_account,LocalAccounts,3,DMZ,HR
ID_00508,user,LocalAccounts,3,MGMT,IT
ID_00509,service_account,ActiveDirectory,2,EXTERNAL,Operations
ID_00510,machine_identity,HRSystem,2,MGMT,IT
ID_00511,contractor,LDAP,1,EXTERNAL,IT
ID_00512,user,HRSystem,3,PARTNER_VPN,DevOps
ID_00513,user,ActiveDirectory,2,PARTNER_VPN,IT
ID_00514,contractor,HRSystem,1,SERVER_LAN,Security
ID_00515,user,KubernetesRBAC,2,EXTERNAL,Security
ID_00516,user,LocalAccounts,3,OT,Engineering
ID_00517,service_account,LDAP,2,EXTERNAL,IT
ID_00518,contractor,HRSystem,1,MGMT,R&D
ID_00519,admin,CloudIAM,1,DMZ,IT
ID_00520,admin,LDAP,2,CLOUD,IT
ID_00521,contractor,CloudIAM,3,CLOUD,DevOps
ID_00522,machine_identity,LDAP,2,MGMT,R&D
ID_00523,service_account,KubernetesRBAC,2,USER_LAN,Finance
ID_00524,admin,CloudIAM,2,DMZ,HR
ID_00525,user,LocalAccounts,2,CLOUD,Finance
ID_00526,user,KubernetesRBAC,2,SERVER_LAN,DevOps
ID_00527,user,HRSystem,2,SERVER_LAN,Operations
ID_00528,user,KubernetesRBAC,2,USER_LAN,DevOps
ID_00529,user,LDAP,1,SERVER_LAN,Finance
ID_00530,contractor,HRSystem,2,EXTERNAL,Finance
ID_00531,user,ActiveDirectory,3,PARTNER_VPN,Security
ID_00532,admin,LDAP,3,USER_LAN,HR
ID_00533,user,KubernetesRBAC,2,EXTERNAL,Security
ID_00534,machine_identity,CloudIAM,3,OT,Security
ID_00535,admin,LocalAccounts,2,DMZ,IT
ID_00536,machine_identity,HRSystem,1,CLOUD,Finance
ID_00537,contractor,LocalAccounts,3,PARTNER_VPN,DevOps
ID_00538,machine_identity,ActiveDirectory,2,PARTNER_VPN,Engineering
ID_00539,service_account,KubernetesRBAC,3,SERVER_LAN,R&D
ID_00540,machine_identity,HRSystem,1,EXTERNAL,HR
ID_00541,user,ActiveDirectory,2,PARTNER_VPN,DevOps
ID_00542,service_account,LDAP,2,DMZ,Operations
ID_00543,admin,ActiveDirectory,1,CLOUD,Finance
ID_00544,user,LocalAccounts,2,OT,Finance
ID_00545,admin,LDAP,2,OT,HR
ID_00546,user,HRSystem,2,PARTNER_VPN,Operations
ID_00547,admin,KubernetesRBAC,3,OT,IT
ID_00548,machine_identity,LDAP,2,CLOUD,Operations
ID_00549,user,LDAP,1,USER_LAN,Engineering
ID_00550,machine_identity,HRSystem,3,CLOUD,Operations
ID_00551,machine_identity,HRSystem,1,EXTERNAL,Finance
ID_00552,admin,KubernetesRBAC,3,EXTERNAL,IT
ID_00553,admin,LocalAccounts,1,EXTERNAL,R&D
ID_00554,user,CloudIAM,2,SERVER_LAN,Operations
ID_00555,user,CloudIAM,3,DMZ,R&D
ID_00556,machine_identity,KubernetesRBAC,3,DMZ,Finance
ID_00557,machine_identity,HRSystem,3,OT,IT
ID_00558,user,LDAP,2,SERVER_LAN,IT
ID_00559,user,HRSystem,2,PARTNER_VPN,Operations
ID_00560,service_account,KubernetesRBAC,1,MGMT,IT
ID_00561,service_account,LocalAccounts,2,OT,R&D
ID_00562,user,LDAP,1,OT,Operations
ID_00563,contractor,CloudIAM,2,OT,HR
ID_00564,service_account,HRSystem,2,CLOUD,Finance
ID_00565,contractor,ActiveDirectory,1,OT,Security
ID_00566,service_account,KubernetesRBAC,3,PARTNER_VPN,DevOps
ID_00567,contractor,LDAP,1,MGMT,DevOps
ID_00568,machine_identity,ActiveDirectory,3,DMZ,Security
ID_00569,admin,LocalAccounts,1,USER_LAN,R&D
ID_00570,machine_identity,LocalAccounts,3,USER_LAN,HR
ID_00571,user,LDAP,3,EXTERNAL,Security
ID_00572,service_account,LocalAccounts,3,MGMT,HR
ID_00573,admin,KubernetesRBAC,2,PARTNER_VPN,Engineering
ID_00574,service_account,LocalAccounts,3,SERVER_LAN,DevOps
ID_00575,user,ActiveDirectory,1,USER_LAN,R&D
ID_00576,user,HRSystem,3,EXTERNAL,Engineering
ID_00577,user,LDAP,1,OT,Security
ID_00578,service_account,HRSystem,2,MGMT,Operations
ID_00579,admin,LDAP,1,CLOUD,Engineering
ID_00580,service_account,HRSystem,1,OT,Operations
ID_00581,admin,KubernetesRBAC,3,SERVER_LAN,IT
ID_00582,admin,CloudIAM,3,MGMT,Operations
ID_00583,user,LocalAccounts,3,USER_LAN,IT
ID_00584,service_account,KubernetesRBAC,1,DMZ,HR
ID_00585,machine_identity,ActiveDirectory,2,OT,HR
ID_00586,machine_identity,LDAP,2,SERVER_LAN,Security
ID_00587,user,ActiveDirectory,3,USER_LAN,Engineering
ID_00588,service_account,ActiveDirectory,3,USER_LAN,Engineering
ID_00589,admin,LDAP,1,SERVER_LAN,Engineering
ID_00590,service_account,HRSystem,2,SERVER_LAN,Security
ID_00591,contractor,ActiveDirectory,2,OT,DevOps
ID_00592,machine_identity,HRSystem,3,EXTERNAL,Finance
ID_00593,service_account,LocalAccounts,1,SERVER_LAN,HR
ID_00594,service_account,LocalAccounts,2,EXTERNAL,IT
ID_00595,service_account,CloudIAM,3,CLOUD,HR
ID_00596,admin,HRSystem,2,USER_LAN,IT
ID_00597,user,CloudIAM,3,SERVER_LAN,IT
ID_00598,service_account,HRSystem,2,OT,IT
ID_00599,service_account,KubernetesRBAC,2,OT,DevOps
ID_00600,contractor,HRSystem,2,PARTNER_VPN,Engineering
ID_00601,service_account,LocalAccounts,3,CLOUD,R&D
ID_00602,service_account,CloudIAM,3,DMZ,HR
ID_00603,service_account,HRSystem,2,DMZ,R&D
ID_00604,service_account,HRSystem,2,OT,DevOps
ID_00605,service_account,LDAP,3,MGMT,DevOps
ID_00606,service_account,LDAP,1,PARTNER_VPN,Operations
ID_00607,machine_identity,CloudIAM,2,MGMT,IT
ID_00608,contractor,CloudIAM,3,DMZ,R&D
ID_00609,admin,KubernetesRBAC,2,CLOUD,Engineering
ID_00610,machine_identity,LDAP,1,MGMT,IT
ID_00611,contractor,LDAP,2,PARTNER_VPN,IT
ID_00612,machine_identity,HRSystem,1,PARTNER_VPN,DevOps
ID_00613,service_account,LocalAccounts,3,EXTERNAL,Finance
ID_00614,contractor,HRSystem,2,MGMT,DevOps
ID_00615,admin,KubernetesRBAC,1,MGMT,DevOps
ID_00616,admin,CloudIAM,3,MGMT,HR
ID_00617,admin,LDAP,2,PARTNER_VPN,HR
ID_00618,service_account,KubernetesRBAC,3,SERVER_LAN,Finance
ID_00619,admin,KubernetesRBAC,1,SERVER_LAN,Engineering
ID_00620,machine_identity,LocalAccounts,3,OT,HR
ID_00621,machine_identity,LDAP,1,MGMT,Operations
ID_00622,contractor,ActiveDirectory,2,MGMT,Operations
ID_00623,user,ActiveDirectory,1,EXTERNAL,Engineering
ID_00624,admin,ActiveDirectory,1,OT,DevOps
ID_00625,admin,HRSystem,2,SERVER_LAN,R&D
ID_00626,service_account,KubernetesRBAC,3,OT,IT
ID_00627,service_account,HRSystem,3,SERVER_LAN,HR
ID_00628,admin,HRSystem,3,MGMT,HR
ID_00629,machine_identity,HRSystem,3,EXTERNAL,Finance
ID_00630,user,HRSystem,3,PARTNER_VPN,Engineering
ID_00631,admin,LDAP,2,EXTERNAL,Engineering
ID_00632,contractor,LDAP,2,EXTERNAL,IT
ID_00633,machine_identity,HRSystem,1,SERVER_LAN,R&D
ID_00634,machine_identity,LDAP,3,EXTERNAL,R&D
ID_00635,service_account,HRSystem,3,OT,R&D
ID_00636,machine_identity,KubernetesRBAC,1,OT,Operations
ID_00637,machine_identity,LDAP,2,DMZ,HR
ID_00638,machine_identity,ActiveDirectory,1,CLOUD,HR
ID_00639,machine_identity,LocalAccounts,2,PARTNER_VPN,IT
ID_00640,contractor,ActiveDirectory,2,PARTNER_VPN,DevOps
ID_00641,contractor,KubernetesRBAC,1,CLOUD,IT
ID_00642,admin,LocalAccounts,1,PARTNER_VPN,R&D
ID_00643,contractor,LDAP,2,SERVER_LAN,Finance
ID_00644,admin,ActiveDirectory,2,USER_LAN,HR
ID_00645,contractor,LDAP,1,EXTERNAL,Engineering
ID_00646,contractor,CloudIAM,3,OT,Finance
ID_00647,service_account,HRSystem,1,DMZ,Finance
ID_00648,contractor,HRSystem,2,EXTERNAL,IT
ID_00649,machine_identity,LocalAccounts,3,MGMT,Security
ID_00650,contractor,LDAP,3,SERVER_LAN,R&D
ID_00651,admin,HRSystem,1,EXTERNAL,IT
ID_00652,user,LDAP,2,EXTERNAL,IT
ID_00653,service_account,LDAP,2,CLOUD,HR
ID_00654,machine_identity,LDAP,2,SERVER_LAN,Finance
ID_00655,contractor,KubernetesRBAC,1,USER_LAN,Operations
ID_00656,admin,KubernetesRBAC,3,MGMT,Finance
ID_00657,admin,HRSystem,1,USER_LAN,HR
ID_00658,contractor,HRSystem,1,MGMT,Security
ID_00659,user,HRSystem,2,DMZ,IT
ID_00660,machine_identity,HRSystem,3,CLOUD,R&D
ID_00661,service_account,KubernetesRBAC,1,PARTNER_VPN,Security
ID_00662,admin,ActiveDirectory,2,DMZ,Operations
ID_00663,machine_identity,LDAP,3,PARTNER_VPN,DevOps
ID_00664,admin,HRSystem,2,EXTERNAL,R&D
ID_00665,service_account,ActiveDirectory,2,SERVER_LAN,Engineering
ID_00666,service_account,LocalAccounts,1,PARTNER_VPN,R&D
ID_00667,contractor,LDAP,2,OT,HR
ID_00668,machine_identity,LocalAccounts,1,EXTERNAL,R&D
ID_00669,contractor,LocalAccounts,1,PARTNER_VPN,Engineering
ID_00670,contractor,ActiveDirectory,1,MGMT,R&D
ID_00671,user,KubernetesRBAC,1,CLOUD,IT
ID_00672,user,LocalAccounts,3,DMZ,IT
ID_00673,machine_identity,HRSystem,1,MGMT,R&D
ID_00674,admin,ActiveDirectory,2,EXTERNAL,Finance
ID_00675,machine_identity,ActiveDirectory,3,CLOUD,IT
ID_00676,service_account,LocalAccounts,2,SERVER_LAN,Engineering
ID_00677,user,CloudIAM,2,MGMT,R&D
ID_00678,contractor,CloudIAM,3,MGMT,IT
ID_00679,machine_identity,HRSystem,3,OT,R&D
ID_00680,machine_identity,LDAP,1,MGMT,Operations
ID_00681,machine_identity,KubernetesRBAC,1,MGMT,DevOps
ID_00682,contractor,CloudIAM,2,OT,Operations
ID_00683,user,CloudIAM,1,USER_LAN,IT
ID_00684,service_account,CloudIAM,1,EXTERNAL,Security
ID_00685,admin,LocalAccounts,3,PARTNER_VPN,IT
ID_00686,contractor,ActiveDirectory,1,MGMT,Finance
ID_00687,admin,LDAP,1,DMZ,R&D
ID_00688,contractor,CloudIAM,2,PARTNER_VPN,Finance
ID_00689,contractor,LDAP,1,USER_LAN,Engineering
ID_00690,admin,LDAP,3,CLOUD,R&D
ID_00691,contractor,CloudIAM,2,MGMT,IT
ID_00692,service_account,LocalAccounts,1,PARTNER_VPN,Security
ID_00693,admin,LocalAccounts,1,CLOUD,R&D
ID_00694,service_account,ActiveDirectory,2,CLOUD,HR
ID_00695,user,ActiveDirectory,1,MGMT,Engineering
ID_00696,machine_identity,LDAP,2,CLOUD,HR
ID_00697,service_account,KubernetesRBAC,1,DMZ,IT
ID_00698,user,KubernetesRBAC,1,USER_LAN,Security
ID_00699,contractor,HRSystem,1,OT,Security
ID_00700,user,LocalAccounts,1,DMZ,Security
ID_00701,service_account,LDAP,2,OT,Operations
ID_00702,service_account,KubernetesRBAC,2,EXTERNAL,R&D
ID_00703,contractor,LDAP,2,DMZ,Operations
ID_00704,user,LDAP,2,OT,HR
ID_00705,service_account,ActiveDirectory,3,USER_LAN,R&D
ID_00706,user,CloudIAM,3,USER_LAN,Engineering
ID_00707,user,HRSystem,1,CLOUD,Security
ID_00708,contractor,HRSystem,1,EXTERNAL,Security
ID_00709,contractor,HRSystem,3,EXTERNAL,R&D
ID_00710,machine_identity,LocalAccounts,3,DMZ,DevOps
ID_00711,contractor,ActiveDirectory,2,MGMT,R&D
ID_00712,service_account,LocalAccounts,1,OT,Operations
ID_00713,machine_identity,LocalAccounts,1,CLOUD,DevOps
ID_00714,machine_identity,LocalAccounts,2,OT,Engineering
ID_00715,admin,KubernetesRBAC,3,EXTERNAL,IT
ID_00716,contractor,ActiveDirectory,1,PARTNER_VPN,IT
ID_00717,admin,LocalAccounts,2,USER_LAN,R&D
ID_00718,user,ActiveDirectory,2,DMZ,DevOps
ID_00719,contractor,HRSystem,2,OT,IT
ID_00720,machine_identity,LDAP,3,SERVER_LAN,HR
ID_00721,machine_identity,LocalAccounts,3,USER_LAN,R&D
ID_00722,service_account,HRSystem,2,USER_LAN,DevOps
ID_00723,admin,HRSystem,1,OT,HR
ID_00724,service_account,ActiveDirectory,3,OT,Operations
ID_00725,admin,LocalAccounts,2,DMZ,HR
ID_00726,contractor,CloudIAM,1,MGMT,DevOps
ID_00727,machine_identity,LDAP,3,MGMT,Operations
ID_00728,admin,CloudIAM,1,USER_LAN,Engineering
ID_00729,machine_identity,LocalAccounts,2,SERVER_LAN,IT
ID_00730,admin,CloudIAM,1,CLOUD,R&D
ID_00731,contractor,LocalAccounts,1,SERVER_LAN,Operations
ID_00732,machine_identity,LocalAccounts,1,DMZ,Finance
ID_00733,machine_identity,LocalAccounts,1,USER_LAN,Operations
ID_00734,contractor,LocalAccounts,1,SERVER_LAN,Finance
ID_00735,machine_identity,CloudIAM,3,MGMT,IT
ID_00736,service_account,ActiveDirectory,2,MGMT,Security
ID_00737,machine_identity,CloudIAM,2,USER_LAN,HR
ID_00738,service_account,ActiveDirectory,3,DMZ,Security
ID_00739,machine_identity,HRSystem,1,DMZ,Engineering
ID_00740,service_account,CloudIAM,2,OT,Operations
ID_00741,machine_identity,ActiveDirectory,2,MGMT,Finance
ID_00742,admin,CloudIAM,2,USER_LAN,HR
ID_00743,machine_identity,LDAP,3,SERVER_LAN,R&D
ID_00744,service_account,CloudIAM,3,DMZ,Engineering
ID_00745,machine_identity,LocalAccounts,3,DMZ,Finance
ID_00746,admin,ActiveDirectory,1,MGMT,R&D
ID_00747,contractor,HRSystem,3,PARTNER_VPN,Security
ID_00748,admin,ActiveDirectory,2,DMZ,Security
ID_00749,contractor,CloudIAM,2,MGMT,Engineering
ID_00750,contractor,LocalAccounts,3,USER_LAN,Operations
ID_00751,user,LDAP,3,USER_LAN,DevOps
ID_00752,service_account,CloudIAM,1,OT,Finance
ID_00753,contractor,KubernetesRBAC,3,MGMT,Security
ID_00754,admin,LocalAccounts,3,CLOUD,Operations
ID_00755,machine_identity,HRSystem,2,CLOUD,Engineering
ID_00756,admin,LocalAccounts,2,OT,Security
ID_00757,contractor,LDAP,3,OT,DevOps
ID_00758,machine_identity,LocalAccounts,2,DMZ,Engineering
ID_00759,service_account,LDAP,1,EXTERNAL,HR
ID_00760,contractor,CloudIAM,3,EXTERNAL,Operations
ID_00761,service_account,LDAP,1,SERVER_LAN,Engineering
ID_00762,service_account,LocalAccounts,3,USER_LAN,DevOps
ID_00763,contractor,HRSystem,2,USER_LAN,Engineering
ID_00764,contractor,LDAP,3,OT,IT
ID_00765,service_account,CloudIAM,1,PARTNER_VPN,IT
ID_00766,user,ActiveDirectory,2,CLOUD,HR
ID_00767,user,KubernetesRBAC,1,CLOUD,Engineering
ID_00768,admin,KubernetesRBAC,1,MGMT,IT
ID_00769,user,ActiveDirectory,1,PARTNER_VPN,R&D
ID_00770,service_account,ActiveDirectory,3,PARTNER_VPN,DevOps
ID_00771,service_account,CloudIAM,2,DMZ,R&D
ID_00772,user,HRSystem,3,SERVER_LAN,Engineering
ID_00773,user,CloudIAM,1,MGMT,Security
ID_00774,admin,LDAP,1,USER_LAN,DevOps
ID_00775,machine_identity,CloudIAM,3,MGMT,Operations
ID_00776,machine_identity,HRSystem,2,CLOUD,HR
ID_00777,service_account,LocalAccounts,1,DMZ,R&D
ID_00778,contractor,ActiveDirectory,2,USER_LAN,R&D
ID_00779,service_account,KubernetesRBAC,2,SERVER_LAN,Operations
ID_00780,admin,KubernetesRBAC,2,OT,Finance
ID_00781,contractor,LocalAccounts,1,DMZ,R&D
ID_00782,service_account,LDAP,2,MGMT,DevOps
ID_00783,user,LDAP,2,USER_LAN,IT
ID_00784,machine_identity,LDAP,3,OT,R&D
ID_00785,admin,ActiveDirectory,1,SERVER_LAN,R&D
ID_00786,admin,KubernetesRBAC,2,EXTERNAL,Engineering
ID_00787,machine_identity,LocalAccounts,3,EXTERNAL,R&D
ID_00788,machine_identity,LDAP,3,EXTERNAL,R&D
ID_00789,machine_identity,LocalAccounts,1,PARTNER_VPN,Engineering
ID_00790,machine_identity,KubernetesRBAC,2,OT,Security
ID_00791,machine_identity,ActiveDirectory,2,PARTNER_VPN,Operations
ID_00792,machine_identity,LDAP,1,OT,R&D
ID_00793,user,ActiveDirectory,3,USER_LAN,HR
ID_00794,contractor,CloudIAM,1,SERVER_LAN,Finance
ID_00795,service_account,CloudIAM,3,OT,Finance
ID_00796,contractor,LocalAccounts,3,PARTNER_VPN,DevOps
ID_00797,user,CloudIAM,1,CLOUD,R&D
ID_00798,service_account,HRSystem,2,MGMT,Security
ID_00799,service_account,CloudIAM,2,DMZ,DevOps
ID_00800,admin,HRSystem,1,DMZ,R&D
ID_00801,user,CloudIAM,3,CLOUD,HR
ID_00802,user,LocalAccounts,1,DMZ,Finance
ID_00803,contractor,HRSystem,2,OT,Operations
ID_00804,machine_identity,CloudIAM,2,SERVER_LAN,DevOps
ID_00805,contractor,KubernetesRBAC,2,CLOUD,Engineering
ID_00806,contractor,KubernetesRBAC,2,SERVER_LAN,Operations
ID_00807,user,HRSystem,2,DMZ,IT
ID_00808,contractor,LDAP,2,PARTNER_VPN,Engineering
ID_00809,machine_identity,ActiveDirectory,3,USER_LAN,IT
ID_00810,service_account,HRSystem,1,PARTNER_VPN,R&D
ID_00811,user,LocalAccounts,1,CLOUD,HR
ID_00812,admin,LocalAccounts,3,PARTNER_VPN,Operations
ID_00813,admin,ActiveDirectory,3,DMZ,HR
ID_00814,service_account,CloudIAM,2,DMZ,IT
ID_00815,machine_identity,LocalAccounts,3,PARTNER_VPN,Engineering
ID_00816,service_account,LocalAccounts,1,CLOUD,DevOps
ID_00817,user,LDAP,3,USER_LAN,R&D
ID_00818,contractor,LDAP,2,USER_LAN,Operations
ID_00819,admin,CloudIAM,1,EXTERNAL,DevOps
ID_00820,user,LocalAccounts,1,SERVER_LAN,HR
ID_00821,user,CloudIAM,1,MGMT,Finance
ID_00822,service_account,HRSystem,1,MGMT,Finance
ID_00823,user,CloudIAM,2,EXTERNAL,R&D
ID_00824,admin,HRSystem,2,EXTERNAL,Operations
ID_00825,service_account,HRSystem,2,PARTNER_VPN,DevOps
ID_00826,user,LDAP,2,DMZ,DevOps
ID_00827,machine_identity,ActiveDirectory,2,USER_LAN,R&D
ID_00828,machine_identity,LDAP,2,CLOUD,R&D
ID_00829,contractor,CloudIAM,2,PARTNER_VPN,Security
ID_00830,admin,KubernetesRBAC,3,DMZ,R&D
ID_00831,contractor,LocalAccounts,3,SERVER_LAN,Engineering
ID_00832,service_account,LDAP,1,OT,Security
ID_00833,contractor,LDAP,1,USER_LAN,Engineering
ID_00834,contractor,ActiveDirectory,2,EXTERNAL,Engineering
ID_00835,user,KubernetesRBAC,2,EXTERNAL,DevOps
ID_00836,admin,ActiveDirectory,1,MGMT,DevOps
ID_00837,machine_identity,CloudIAM,2,SERVER_LAN,HR
ID_00838,service_account,LocalAccounts,1,CLOUD,IT
ID_00839,admin,LDAP,1,EXTERNAL,HR
ID_00840,user,CloudIAM,1,MGMT,Security
ID_00841,machine_identity,CloudIAM,3,USER_LAN,Engineering
ID_00842,service_account,CloudIAM,3,OT,HR
ID_00843,admin,LDAP,3,CLOUD,HR
ID_00844,contractor,CloudIAM,3,MGMT,DevOps
ID_00845,machine_identity,HRSystem,1,SERVER_LAN,HR
ID_00846,admin,KubernetesRBAC,3,EXTERNAL,DevOps
ID_00847,admin,ActiveDirectory,2,MGMT,Finance
ID_00848,machine_identity,CloudIAM,2,CLOUD,Engineering
ID_00849,machine_identity,KubernetesRBAC,3,SERVER_LAN,DevOps
ID_00850,admin,KubernetesRBAC,2,CLOUD,Operations
ID_00851,user,CloudIAM,3,PARTNER_VPN,Operations
ID_00852,admin,KubernetesRBAC,1,CLOUD,IT
ID_00853,user,LDAP,3,USER_LAN,R&D
ID_00854,admin,LocalAccounts,3,OT,Operations
ID_00855,user,KubernetesRBAC,1,OT,HR
ID_00856,service_account,HRSystem,1,OT,IT
ID_00857,contractor,HRSystem,2,CLOUD,Engineering
ID_00858,machine_identity,ActiveDirectory,1,PARTNER_VPN,DevOps
ID_00859,contractor,CloudIAM,1,OT,Security
ID_00860,user,CloudIAM,2,CLOUD,Finance
ID_00861,machine_identity,CloudIAM,2,DMZ,Finance
ID_00862,contractor,CloudIAM,1,MGMT,DevOps
ID_00863,service_account,HRSystem,1,PARTNER_VPN,Finance
ID_00864,user,LocalAccounts,3,EXTERNAL,Finance
ID_00865,service_account,ActiveDirectory,3,SERVER_LAN,Finance
ID_00866,contractor,LDAP,1,OT,Operations
ID_00867,admin,ActiveDirectory,1,EXTERNAL,Engineering
ID_00868,service_account,ActiveDirectory,1,OT,Engineering
ID_00869,service_account,HRSystem,3,DMZ,HR
ID_00870,user,CloudIAM,2,SERVER_LAN,Security
ID_00871,user,ActiveDirectory,2,MGMT,Finance
ID_00872,service_account,ActiveDirectory,1,DMZ,HR
ID_00873,admin,LocalAccounts,3,CLOUD,Finance
ID_00874,service_account,LDAP,1,EXTERNAL,DevOps
ID_00875,machine_identity,LocalAccounts,1,EXTERNAL,IT
ID_00876,contractor,ActiveDirectory,3,MGMT,R&D
ID_00877,user,KubernetesRBAC,3,DMZ,Security
ID_00878,admin,LDAP,3,EXTERNAL,R&D
ID_00879,admin,LDAP,2,OT,Finance
ID_00880,contractor,CloudIAM,1,MGMT,R&D
ID_00881,admin,HRSystem,2,SERVER_LAN,IT
ID_00882,machine_identity,LocalAccounts,2,PARTNER_VPN,R&D
ID_00883,admin,LDAP,3,MGMT,R&D
ID_00884,machine_identity,ActiveDirectory,3,OT,Finance
ID_00885,user,LDAP,1,CLOUD,HR
ID_00886,machine_identity,HRSystem,3,SERVER_LAN,Security
ID_00887,machine_identity,ActiveDirectory,3,PARTNER_VPN,Operations
ID_00888,service_account,ActiveDirectory,2,OT,Operations
ID_00889,service_account,LDAP,2,OT,HR
ID_00890,user,HRSystem,1,USER_LAN,IT
ID_00891,machine_identity,ActiveDirectory,2,DMZ,Finance
ID_00892,contractor,KubernetesRBAC,2,MGMT,R&D
ID_00893,contractor,LDAP,3,OT,Finance
ID_00894,machine_identity,LDAP,3,PARTNER_VPN,Security
ID_00895,admin,LocalAccounts,3,PARTNER_VPN,IT
ID_00896,machine_identity,HRSystem,3,OT,HR
ID_00897,service_account,CloudIAM,1,SERVER_LAN,R&D
ID_00898,admin,HRSystem,1,PARTNER_VPN,Finance
ID_00899,service_account,LDAP,2,DMZ,Security
ID_00900,admin,KubernetesRBAC,3,OT,Security
ID_00901,user,HRSystem,3,USER_LAN,HR
ID_00902,admin,LocalAccounts,2,EXTERNAL,Operations
ID_00903,machine_identity,LDAP,2,PARTNER_VPN,Finance
ID_00904,admin,LDAP,3,CLOUD,IT
ID_00905,admin,KubernetesRBAC,1,MGMT,DevOps
ID_00906,contractor,KubernetesRBAC,1,CLOUD,Operations
ID_00907,user,ActiveDirectory,3,OT,HR
ID_00908,machine_identity,HRSystem,3,DMZ,Engineering
ID_00909,machine_identity,LocalAccounts,1,USER_LAN,Engineering
ID_00910,admin,ActiveDirectory,2,OT,IT
ID_00911,admin,KubernetesRBAC,3,SERVER_LAN,IT
ID_00912,machine_identity,KubernetesRBAC,3,EXTERNAL,Security
ID_00913,user,HRSystem,2,MGMT,DevOps
ID_00914,service_account,CloudIAM,3,DMZ,Operations
ID_00915,machine_identity,ActiveDirectory,1,OT,IT
ID_00916,service_account,ActiveDirectory,3,CLOUD,Operations
ID_00917,admin,HRSystem,2,DMZ,Security
ID_00918,service_account,HRSystem,2,CLOUD,Security
ID_00919,machine_identity,LocalAccounts,2,SERVER_LAN,R&D
ID_00920,user,LocalAccounts,3,MGMT,R&D
ID_00921,machine_identity,KubernetesRBAC,3,SERVER_LAN,Security
ID_00922,contractor,KubernetesRBAC,2,MGMT,Finance
ID_00923,user,HRSystem,3,OT,IT
ID_00924,contractor,LDAP,1,SERVER_LAN,HR
ID_00925,user,CloudIAM,3,USER_LAN,Finance
ID_00926,contractor,LocalAccounts,1,CLOUD,HR
ID_00927,contractor,LocalAccounts,2,EXTERNAL,R&D
ID_00928,contractor,KubernetesRBAC,2,OT,IT
ID_00929,contractor,CloudIAM,1,EXTERNAL,Finance
ID_00930,user,KubernetesRBAC,3,USER_LAN,R&D
ID_00931,admin,CloudIAM,3,DMZ,Finance
ID_00932,service_account,ActiveDirectory,2,SERVER_LAN,Finance
ID_00933,machine_identity,KubernetesRBAC,3,CLOUD,Engineering
ID_00934,admin,LocalAccounts,2,OT,Finance
ID_00935,machine_identity,ActiveDirectory,1,MGMT,Finance
ID_00936,machine_identity,ActiveDirectory,1,MGMT,DevOps
ID_00937,admin,LocalAccounts,1,MGMT,Operations
ID_00938,user,KubernetesRBAC,3,EXTERNAL,DevOps
ID_00939,admin,HRSystem,1,SERVER_LAN,IT
ID_00940,admin,KubernetesRBAC,2,OT,Finance
ID_00941,admin,LDAP,3,EXTERNAL,Operations
ID_00942,user,LocalAccounts,2,OT,Finance
ID_00943,user,LocalAccounts,3,DMZ,Security
ID_00944,admin,CloudIAM,1,PARTNER_VPN,Finance
ID_00945,machine_identity,ActiveDirectory,3,SERVER_LAN,Finance
ID_00946,user,ActiveDirectory,1,SERVER_LAN,IT
ID_00947,machine_identity,HRSystem,2,EXTERNAL,Engineering
ID_00948,contractor,HRSystem,1,PARTNER_VPN,DevOps
ID_00949,machine_identity,CloudIAM,1,EXTERNAL,Operations
ID_00950,contractor,CloudIAM,1,USER_LAN,HR
ID_00951,user,CloudIAM,2,OT,HR
ID_00952,contractor,ActiveDirectory,3,SERVER_LAN,Engineering
ID_00953,admin,LocalAccounts,1,SERVER_LAN,IT
ID_00954,contractor,CloudIAM,2,EXTERNAL,DevOps
ID_00955,user,LDAP,1,EXTERNAL,HR
ID_00956,user,CloudIAM,2,OT,Finance
ID_00957,machine_identity,KubernetesRBAC,1,MGMT,R&D
ID_00958,contractor,CloudIAM,1,CLOUD,R&D
ID_00959,contractor,ActiveDirectory,3,PARTNER_VPN,Finance
ID_00960,service_account,CloudIAM,1,EXTERNAL,Finance
ID_00961,service_account,CloudIAM,3,EXTERNAL,IT
ID_00962,machine_identity,CloudIAM,1,SERVER_LAN,Engineering
ID_00963,machine_identity,ActiveDirectory,1,CLOUD,DevOps
ID_00964,user,KubernetesRBAC,1,CLOUD,Security
ID_00965,admin,CloudIAM,3,USER_LAN,R&D
ID_00966,user,LDAP,3,DMZ,HR
ID_00967,contractor,LocalAccounts,2,PARTNER_VPN,Finance
ID_00968,service_account,CloudIAM,1,CLOUD,Engineering
ID_00969,machine_identity,ActiveDirectory,2,EXTERNAL,HR
ID_00970,service_account,LocalAccounts,1,USER_LAN,DevOps
ID_00971,contractor,LDAP,3,CLOUD,R&D
ID_00972,service_account,LDAP,2,DMZ,DevOps
ID_00973,admin,ActiveDirectory,1,OT,Engineering
ID_00974,machine_identity,HRSystem,2,SERVER_LAN,IT
ID_00975,machine_identity,HRSystem,2,MGMT,Operations
ID_00976,admin,KubernetesRBAC,2,DMZ,R&D
ID_00977,machine_identity,LDAP,1,SERVER_LAN,Security
ID_00978,admin,KubernetesRBAC,2,DMZ,Security
ID_00979,contractor,ActiveDirectory,2,OT,Engineering
ID_00980,service_account,CloudIAM,1,USER_LAN,IT
ID_00981,admin,ActiveDirectory,1,EXTERNAL,DevOps
ID_00982,user,LocalAccounts,2,SERVER_LAN,Engineering
ID_00983,contractor,CloudIAM,3,DMZ,DevOps
ID_00984,machine_identity,LocalAccounts,1,DMZ,DevOps
ID_00985,service_account,KubernetesRBAC,1,MGMT,DevOps
ID_00986,admin,ActiveDirectory,1,PARTNER_VPN,R&D
ID_00987,contractor,LDAP,3,OT,DevOps
ID_00988,contractor,KubernetesRBAC,1,CLOUD,Engineering
ID_00989,admin,LDAP,2,USER_LAN,Security
ID_00990,machine_identity,KubernetesRBAC,1,USER_LAN,Security
ID_00991,service_account,LocalAccounts,2,EXTERNAL,Finance
ID_00992,service_account,KubernetesRBAC,1,MGMT,Operations
ID_00993,service_account,CloudIAM,1,USER_LAN,Finance
ID_00994,service_account,KubernetesRBAC,2,SERVER_LAN,IT
ID_00995,contractor,ActiveDirectory,3,PARTNER_VPN,IT
ID_00996,admin,LDAP,3,CLOUD,R&D
ID_00997,admin,ActiveDirectory,2,EXTERNAL,Finance
ID_00998,contractor,LocalAccounts,1,MGMT,Operations
ID_00999,machine_identity,ActiveDirectory,1,SERVER_LAN,Security
ID_01000,machine_identity,KubernetesRBAC,2,MGMT,DevOps
ID_01001,admin,HRSystem,3,MGMT,DevOps
ID_01002,admin,ActiveDirectory,2,OT,DevOps
ID_01003,machine_identity,KubernetesRBAC,2,SERVER_LAN,IT
ID_01004,machine_identity,LocalAccounts,1,EXTERNAL,Engineering
ID_01005,contractor,ActiveDirectory,3,SERVER_LAN,HR
ID_01006,user,KubernetesRBAC,3,EXTERNAL,Finance
ID_01007,user,LDAP,3,SERVER_LAN,HR
ID_01008,service_account,LDAP,3,DMZ,Finance
ID_01009,service_account,CloudIAM,3,CLOUD,Operations
ID_01010,machine_identity,LocalAccounts,2,DMZ,HR
ID_01011,contractor,KubernetesRBAC,1,USER_LAN,Operations
ID_01012,admin,LocalAccounts,3,MGMT,Security
ID_01013,service_account,LDAP,3,DMZ,Operations
ID_01014,machine_identity,ActiveDirectory,1,EXTERNAL,Finance
ID_01015,admin,ActiveDirectory,3,MGMT,R&D
ID_01016,contractor,ActiveDirectory,3,PARTNER_VPN,Operations
ID_01017,user,ActiveDirectory,2,OT,DevOps
ID_01018,service_account,CloudIAM,3,SERVER_LAN,HR
ID_01019,user,ActiveDirectory,1,USER_LAN,Engineering
ID_01020,machine_identity,CloudIAM,2,CLOUD,HR
ID_01021,service_account,HRSystem,2,MGMT,HR
ID_01022,service_account,CloudIAM,1,EXTERNAL,Engineering
ID_01023,contractor,LDAP,2,OT,DevOps
ID_01024,admin,CloudIAM,1,EXTERNAL,Security
ID_01025,contractor,LocalAccounts,2,PARTNER_VPN,Security
ID_01026,admin,HRSystem,3,PARTNER_VPN,Engineering
ID_01027,service_account,LocalAccounts,3,DMZ,IT
ID_01028,admin,KubernetesRBAC,1,SERVER_LAN,Operations
ID_01029,machine_identity,LocalAccounts,3,DMZ,R&D
ID_01030,service_account,LocalAccounts,2,DMZ,Finance
ID_01031,user,HRSystem,3,DMZ,IT
ID_01032,admin,LocalAccounts,1,EXTERNAL,Engineering
ID_01033,machine_identity,LocalAccounts,3,MGMT,HR
ID_01034,user,LocalAccounts,3,USER_LAN,DevOps
ID_01035,machine_identity,ActiveDirectory,3,OT,Finance
ID_01036,service_account,ActiveDirectory,1,MGMT,HR
ID_01037,contractor,CloudIAM,3,SERVER_LAN,HR
ID_01038,user,KubernetesRBAC,3,OT,Finance
ID_01039,admin,LDAP,3,SERVER_LAN,R&D
ID_01040,machine_identity,LocalAccounts,1,EXTERNAL,Finance
ID_01041,admin,ActiveDirectory,3,MGMT,R&D
ID_01042,user,KubernetesRBAC,1,SERVER_LAN,IT
ID_01043,contractor,KubernetesRBAC,3,PARTNER_VPN,HR
ID_01044,contractor,KubernetesRBAC,3,OT,HR
ID_01045,user,LocalAccounts,3,EXTERNAL,DevOps
ID_01046,service_account,LocalAccounts,1,PARTNER_VPN,R&D
ID_01047,service_account,HRSystem,3,OT,Security
ID_01048,user,ActiveDirectory,3,PARTNER_VPN,R&D
ID_01049,service_account,LDAP,1,CLOUD,DevOps
ID_01050,machine_identity,CloudIAM,2,SERVER_LAN,R&D
ID_01051,admin,HRSystem,3,MGMT,R&D
ID_01052,machine_identity,LocalAccounts,3,PARTNER_VPN,R&D
ID_01053,machine_identity,LDAP,1,EXTERNAL,Finance
ID_01054,service_account,CloudIAM,3,SERVER_LAN,DevOps
ID_01055,service_account,KubernetesRBAC,3,EXTERNAL,HR
ID_01056,admin,LDAP,3,SERVER_LAN,Engineering
ID_01057,user,LDAP,3,DMZ,Operations
ID_01058,machine_identity,LocalAccounts,2,OT,R&D
ID_01059,service_account,LocalAccounts,1,MGMT,HR
ID_01060,service_account,KubernetesRBAC,3,PARTNER_VPN,Operations
ID_01061,user,KubernetesRBAC,3,SERVER_LAN,R&D
ID_01062,contractor,HRSystem,3,CLOUD,Engineering
ID_01063,service_account,ActiveDirectory,3,DMZ,Security
ID_01064,admin,ActiveDirectory,2,USER_LAN,IT
ID_01065,machine_identity,ActiveDirectory,1,USER_LAN,HR
ID_01066,machine_identity,ActiveDirectory,2,SERVER_LAN,Engineering
ID_01067,admin,ActiveDirectory,2,PARTNER_VPN,IT
ID_01068,machine_identity,ActiveDirectory,3,DMZ,Engineering
ID_01069,user,HRSystem,3,DMZ,IT
ID_01070,user,LDAP,1,PARTNER_VPN,Finance
ID_01071,user,ActiveDirectory,1,DMZ,Finance
ID_01072,contractor,CloudIAM,2,USER_LAN,Security
ID_01073,admin,ActiveDirectory,3,USER_LAN,Operations
ID_01074,admin,CloudIAM,3,DMZ,Finance
ID_01075,user,CloudIAM,3,CLOUD,DevOps
ID_01076,admin,KubernetesRBAC,1,OT,IT
ID_01077,contractor,CloudIAM,3,EXTERNAL,Security
ID_01078,user,HRSystem,3,EXTERNAL,DevOps
ID_01079,user,ActiveDirectory,2,SERVER_LAN,DevOps
ID_01080,contractor,ActiveDirectory,1,OT,Security
ID_01081,contractor,LDAP,2,EXTERNAL,Security
ID_01082,admin,LocalAccounts,1,EXTERNAL,DevOps
ID_01083,service_account,ActiveDirectory,1,SERVER_LAN,IT
ID_01084,user,LocalAccounts,1,MGMT,HR
ID_01085,admin,ActiveDirectory,2,PARTNER_VPN,Engineering
ID_01086,contractor,LocalAccounts,2,DMZ,Engineering
ID_01087,contractor,HRSystem,2,USER_LAN,DevOps
ID_01088,user,KubernetesRBAC,3,DMZ,HR
ID_01089,machine_identity,LocalAccounts,2,CLOUD,HR
ID_01090,contractor,KubernetesRBAC,3,OT,DevOps
ID_01091,contractor,HRSystem,2,USER_LAN,Finance
ID_01092,admin,KubernetesRBAC,2,MGMT,Security
ID_01093,service_account,HRSystem,3,MGMT,Operations
ID_01094,admin,KubernetesRBAC,2,CLOUD,Engineering
ID_01095,service_account,LocalAccounts,1,CLOUD,Security
ID_01096,machine_identity,ActiveDirectory,3,SERVER_LAN,Finance
ID_01097,user,LDAP,2,OT,R&D
ID_01098,machine_identity,CloudIAM,3,MGMT,DevOps
ID_01099,service_account,LDAP,1,PARTNER_VPN,Finance
ID_01100,admin,CloudIAM,1,EXTERNAL,Engineering
ID_01101,contractor,ActiveDirectory,3,USER_LAN,HR
ID_01102,service_account,KubernetesRBAC,3,PARTNER_VPN,HR
ID_01103,contractor,CloudIAM,2,DMZ,Operations
ID_01104,user,CloudIAM,1,DMZ,HR
ID_01105,contractor,CloudIAM,3,OT,Finance
ID_01106,admin,LDAP,2,CLOUD,Security
ID_01107,contractor,CloudIAM,2,OT,Finance
ID_01108,machine_identity,LDAP,1,USER_LAN,Finance
ID_01109,user,HRSystem,3,USER_LAN,Operations
ID_01110,contractor,LDAP,3,CLOUD,Operations
ID_01111,contractor,LocalAccounts,3,DMZ,R&D
ID_01112,admin,ActiveDirectory,3,EXTERNAL,Security
ID_01113,user,CloudIAM,3,USER_LAN,Finance
ID_01114,service_account,LDAP,2,CLOUD,Engineering
ID_01115,admin,CloudIAM,1,OT,HR
ID_01116,admin,LocalAccounts,3,OT,R&D
ID_01117,service_account,ActiveDirectory,2,SERVER_LAN,Operations
ID_01118,service_account,KubernetesRBAC,2,PARTNER_VPN,Operations
ID_01119,user,LocalAccounts,1,CLOUD,IT
ID_01120,contractor,HRSystem,2,EXTERNAL,IT
ID_01121,contractor,HRSystem,1,USER_LAN,Engineering
ID_01122,contractor,HRSystem,2,CLOUD,Engineering
ID_01123,user,HRSystem,3,USER_LAN,Operations
ID_01124,contractor,LDAP,3,MGMT,IT
ID_01125,machine_identity,HRSystem,1,SERVER_LAN,R&D
ID_01126,service_account,KubernetesRBAC,3,MGMT,Security
ID_01127,admin,HRSystem,1,OT,DevOps
ID_01128,admin,LocalAccounts,1,CLOUD,DevOps
ID_01129,service_account,HRSystem,3,SERVER_LAN,R&D
ID_01130,contractor,ActiveDirectory,1,PARTNER_VPN,Operations
ID_01131,user,KubernetesRBAC,2,PARTNER_VPN,R&D
ID_01132,admin,LocalAccounts,1,SERVER_LAN,R&D
ID_01133,user,ActiveDirectory,3,SERVER_LAN,Security
ID_01134,contractor,KubernetesRBAC,2,OT,IT
ID_01135,machine_identity,HRSystem,3,USER_LAN,DevOps
ID_01136,service_account,ActiveDirectory,2,CLOUD,Finance
ID_01137,admin,HRSystem,2,EXTERNAL,Operations
ID_01138,contractor,CloudIAM,1,SERVER_LAN,Finance
ID_01139,user,LocalAccounts,3,EXTERNAL,Finance
ID_01140,machine_identity,CloudIAM,3,EXTERNAL,Operations
ID_01141,machine_identity,LocalAccounts,3,USER_LAN,Security
ID_01142,user,HRSystem,2,CLOUD,R&D
ID_01143,contractor,LDAP,3,CLOUD,Engineering
ID_01144,machine_identity,LocalAccounts,2,SERVER_LAN,Operations
ID_01145,machine_identity,LocalAccounts,1,PARTNER_VPN,Engineering
ID_01146,contractor,KubernetesRBAC,2,USER_LAN,IT
ID_01147,admin,LDAP,3,EXTERNAL,R&D
ID_01148,user,KubernetesRBAC,2,SERVER_LAN,HR
ID_01149,service_account,LDAP,1,DMZ,R&D
ID_01150,machine_identity,LDAP,3,PARTNER_VPN,DevOps
ID_01151,contractor,LocalAccounts,2,PARTNER_VPN,Operations
ID_01152,machine_identity,ActiveDirectory,3,CLOUD,DevOps
ID_01153,admin,LDAP,2,SERVER_LAN,DevOps
ID_01154,user,KubernetesRBAC,2,EXTERNAL,Security
ID_01155,admin,LDAP,2,OT,IT
ID_01156,service_account,HRSystem,1,CLOUD,Operations
ID_01157,service_account,HRSystem,2,OT,Engineering
ID_01158,contractor,HRSystem,1,OT,IT
ID_01159,machine_identity,KubernetesRBAC,1,EXTERNAL,Operations
ID_01160,contractor,HRSystem,2,CLOUD,Security
ID_01161,user,KubernetesRBAC,2,MGMT,Operations
ID_01162,contractor,LDAP,3,CLOUD,Finance
ID_01163,admin,LDAP,3,USER_LAN,R&D
ID_01164,admin,CloudIAM,1,PARTNER_VPN,Finance
ID_01165,service_account,LDAP,1,PARTNER_VPN,HR
ID_01166,user,HRSystem,1,EXTERNAL,HR
ID_01167,machine_identity,ActiveDirectory,2,PARTNER_VPN,Engineering
ID_01168,machine_identity,CloudIAM,3,DMZ,Finance
ID_01169,service_account,HRSystem,1,DMZ,Operations
ID_01170,machine_identity,LocalAccounts,1,EXTERNAL,Finance
ID_01171,service_account,LDAP,2,OT,DevOps
ID_01172,contractor,HRSystem,1,USER_LAN,HR
ID_01173,user,CloudIAM,3,MGMT,HR
ID_01174,service_account,LDAP,3,SERVER_LAN,DevOps
ID_01175,admin,CloudIAM,1,CLOUD,HR
ID_01176,contractor,KubernetesRBAC,2,OT,HR
ID_01177,admin,KubernetesRBAC,1,MGMT,DevOps
ID_01178,machine_identity,LDAP,1,DMZ,R&D
ID_01179,user,LDAP,2,PARTNER_VPN,Operations
ID_01180,contractor,LDAP,3,MGMT,Finance
ID_01181,service_account,ActiveDirectory,1,PARTNER_VPN,IT
ID_01182,admin,LDAP,2,SERVER_LAN,DevOps
ID_01183,admin,LocalAccounts,1,USER_LAN,DevOps
ID_01184,service_account,KubernetesRBAC,3,DMZ,Security
ID_01185,service_account,HRSystem,2,MGMT,HR
ID_01186,machine_identity,ActiveDirectory,3,EXTERNAL,Operations
ID_01187,admin,CloudIAM,2,SERVER_LAN,Engineering
ID_01188,user,ActiveDirectory,3,DMZ,Engineering
ID_01189,admin,HRSystem,3,EXTERNAL,HR
ID_01190,service_account,LocalAccounts,2,PARTNER_VPN,IT
ID_01191,machine_identity,LocalAccounts,1,SERVER_LAN,Operations
ID_01192,admin,HRSystem,3,OT,DevOps
ID_01193,admin,CloudIAM,1,OT,DevOps
ID_01194,service_account,ActiveDirectory,3,PARTNER_VPN,R&D
ID_01195,service_account,ActiveDirectory,1,SERVER_LAN,Finance
ID_01196,machine_identity,ActiveDirectory,1,PARTNER_VPN,R&D
ID_01197,contractor,KubernetesRBAC,1,SERVER_LAN,IT
ID_01198,machine_identity,KubernetesRBAC,2,MGMT,Operations
ID_01199,contractor,LDAP,2,DMZ,DevOps
ID_01200,user,CloudIAM,3,PARTNER_VPN,HR
ID_01201,contractor,HRSystem,3,SERVER_LAN,Operations
ID_01202,machine_identity,KubernetesRBAC,1,MGMT,R&D
ID_01203,user,LDAP,3,SERVER_LAN,HR
ID_01204,contractor,LDAP,1,CLOUD,Operations
ID_01205,contractor,LocalAccounts,2,CLOUD,Security
ID_01206,admin,CloudIAM,3,OT,Security
ID_01207,service_account,LDAP,2,OT,Finance
ID_01208,admin,LocalAccounts,3,SERVER_LAN,Finance
ID_01209,contractor,ActiveDirectory,3,DMZ,HR
ID_01210,user,ActiveDirectory,1,MGMT,IT
ID_01211,user,LocalAccounts,1,SERVER_LAN,Security
ID_01212,user,HRSystem,3,MGMT,DevOps
ID_01213,admin,HRSystem,3,CLOUD,Engineering
ID_01214,contractor,HRSystem,1,CLOUD,Finance
ID_01215,contractor,CloudIAM,2,SERVER_LAN,DevOps
ID_01216,user,HRSystem,1,EXTERNAL,Security
ID_01217,machine_identity,ActiveDirectory,1,SERVER_LAN,HR
ID_01218,user,LDAP,1,MGMT,HR
ID_01219,contractor,CloudIAM,2,USER_LAN,IT
ID_01220,machine_identity,HRSystem,3,PARTNER_VPN,Operations
ID_01221,user,LDAP,3,PARTNER_VPN,Engineering
ID_01222,machine_identity,HRSystem,1,MGMT,Security
ID_01223,machine_identity,KubernetesRBAC,2,USER_LAN,R&D
ID_01224,service_account,LDAP,2,CLOUD,DevOps
ID_01225,service_account,ActiveDirectory,2,CLOUD,Security
ID_01226,admin,LDAP,2,MGMT,Finance
ID_01227,admin,KubernetesRBAC,1,USER_LAN,Finance
ID_01228,service_account,ActiveDirectory,3,MGMT,HR
ID_01229,machine_identity,KubernetesRBAC,2,PARTNER_VPN,R&D
ID_01230,machine_identity,HRSystem,2,USER_LAN,R&D
ID_01231,user,LocalAccounts,2,MGMT,Finance
ID_01232,service_account,KubernetesRBAC,2,DMZ,Operations
ID_01233,contractor,LDAP,3,USER_LAN,IT
ID_01234,service_account,LocalAccounts,3,SERVER_LAN,Security
ID_01235,user,LocalAccounts,1,DMZ,Security
ID_01236,admin,HRSystem,2,USER_LAN,DevOps
ID_01237,user,HRSystem,3,MGMT,Engineering
ID_01238,machine_identity,KubernetesRBAC,1,EXTERNAL,Operations
ID_01239,admin,ActiveDirectory,1,CLOUD,DevOps
ID_01240,service_account,LDAP,3,SERVER_LAN,Engineering
ID_01241,service_account,HRSystem,2,USER_LAN,Operations
ID_01242,contractor,HRSystem,2,OT,Security
ID_01243,admin,LDAP,1,OT,DevOps
ID_01244,machine_identity,CloudIAM,1,MGMT,Engineering
ID_01245,contractor,ActiveDirectory,3,OT,DevOps
ID_01246,machine_identity,LDAP,1,SERVER_LAN,Security
ID_01247,user,LDAP,3,MGMT,HR
ID_01248,service_account,HRSystem,3,CLOUD,Finance
ID_01249,machine_identity,KubernetesRBAC,3,DMZ,Finance
ID_01250,user,ActiveDirectory,2,OT,HR
ID_01251,admin,KubernetesRBAC,3,SERVER_LAN,Finance
ID_01252,machine_identity,ActiveDirectory,2,OT,Engineering
ID_01253,admin,ActiveDirectory,1,DMZ,Operations
ID_01254,contractor,ActiveDirectory,3,DMZ,Security
ID_01255,service_account,LocalAccounts,2,OT,R&D
ID_01256,service_account,LocalAccounts,2,OT,R&D
ID_01257,contractor,KubernetesRBAC,2,OT,HR
ID_01258,admin,CloudIAM,3,MGMT,DevOps
ID_01259,machine_identity,LocalAccounts,1,DMZ,IT
ID_01260,machine_identity,CloudIAM,3,DMZ,Operations
ID_01261,contractor,LocalAccounts,3,EXTERNAL,DevOps
ID_01262,admin,HRSystem,2,USER_LAN,Finance
ID_01263,contractor,ActiveDirectory,2,OT,HR
ID_01264,contractor,LDAP,1,EXTERNAL,Security
ID_01265,user,LDAP,3,DMZ,R&D
ID_01266,user,CloudIAM,1,SERVER_LAN,Operations
ID_01267,user,ActiveDirectory,3,MGMT,Operations
ID_01268,machine_identity,CloudIAM,1,SERVER_LAN,DevOps
ID_01269,contractor,KubernetesRBAC,3,CLOUD,Security
ID_01270,machine_identity,KubernetesRBAC,3,CLOUD,Security
ID_01271,contractor,HRSystem,3,CLOUD,Security
ID_01272,contractor,HRSystem,3,CLOUD,Operations
ID_01273,service_account,LocalAccounts,3,CLOUD,DevOps
ID_01274,admin,KubernetesRBAC,3,DMZ,Engineering
ID_01275,user,CloudIAM,3,EXTERNAL,Finance
ID_01276,user,LocalAccounts,3,SERVER_LAN,Security
ID_01277,machine_identity,KubernetesRBAC,2,MGMT,DevOps
ID_01278,admin,ActiveDirectory,3,MGMT,Operations
ID_01279,contractor,ActiveDirectory,2,CLOUD,IT
ID_01280,contractor,ActiveDirectory,3,USER_LAN,HR
ID_01281,service_account,KubernetesRBAC,1,PARTNER_VPN,HR
ID_01282,user,ActiveDirectory,2,USER_LAN,Finance
ID_01283,contractor,KubernetesRBAC,3,USER_LAN,HR
ID_01284,service_account,CloudIAM,1,USER_LAN,R&D
ID_01285,machine_identity,HRSystem,2,USER_LAN,Engineering
ID_01286,service_account,CloudIAM,1,MGMT,Operations
ID_01287,machine_identity,KubernetesRBAC,3,PARTNER_VPN,DevOps
ID_01288,user,ActiveDirectory,3,DMZ,Security
ID_01289,service_account,HRSystem,1,SERVER_LAN,Finance
ID_01290,user,HRSystem,3,OT,Engineering
ID_01291,service_account,CloudIAM,1,EXTERNAL,Finance
ID_01292,user,LocalAccounts,3,USER_LAN,Finance
ID_01293,user,KubernetesRBAC,2,CLOUD,R&D
ID_01294,contractor,LDAP,2,SERVER_LAN,IT
ID_01295,service_account,ActiveDirectory,1,CLOUD,Operations
ID_01296,machine_identity,KubernetesRBAC,2,DMZ,Security
ID_01297,admin,ActiveDirectory,3,EXTERNAL,R&D
ID_01298,user,LocalAccounts,1,CLOUD,Finance
ID_01299,service_account,CloudIAM,1,CLOUD,DevOps
ID_01300,contractor,HRSystem,2,SERVER_LAN,IT
ID_01301,contractor,KubernetesRBAC,3,CLOUD,DevOps
ID_01302,admin,HRSystem,3,MGMT,Engineering
ID_01303,machine_identity,CloudIAM,2,DMZ,Engineering
ID_01304,machine_identity,LocalAccounts,3,MGMT,Operations
ID_01305,admin,HRSystem,1,PARTNER_VPN,Finance
ID_01306,user,CloudIAM,1,USER_LAN,Operations
ID_01307,service_account,LDAP,3,DMZ,HR
ID_01308,service_account,CloudIAM,1,OT,Security
ID_01309,user,HRSystem,2,PARTNER_VPN,Finance
ID_01310,service_account,ActiveDirectory,2,PARTNER_VPN,Operations
ID_01311,machine_identity,LocalAccounts,1,DMZ,Engineering
ID_01312,contractor,ActiveDirectory,2,PARTNER_VPN,HR
ID_01313,service_account,KubernetesRBAC,2,USER_LAN,Operations
ID_01314,service_account,HRSystem,3,SERVER_LAN,Operations
ID_01315,contractor,LocalAccounts,3,CLOUD,Operations
ID_01316,admin,LDAP,2,MGMT,IT
ID_01317,contractor,LocalAccounts,2,SERVER_LAN,R&D
ID_01318,contractor,HRSystem,3,USER_LAN,DevOps
ID_01319,service_account,LDAP,2,EXTERNAL,HR
ID_01320,service_account,HRSystem,3,MGMT,Engineering
ID_01321,service_account,HRSystem,2,OT,Engineering
ID_01322,admin,LDAP,2,DMZ,IT
ID_01323,user,KubernetesRBAC,3,EXTERNAL,Finance
ID_01324,admin,LocalAccounts,1,PARTNER_VPN,Security
ID_01325,user,LocalAccounts,3,PARTNER_VPN,R&D
ID_01326,service_account,KubernetesRBAC,1,CLOUD,R&D
ID_01327,admin,HRSystem,1,EXTERNAL,Operations
ID_01328,contractor,LocalAccounts,1,USER_LAN,Finance
ID_01329,machine_identity,LocalAccounts,2,MGMT,Operations
ID_01330,machine_identity,LocalAccounts,3,PARTNER_VPN,Operations
ID_01331,machine_identity,KubernetesRBAC,3,DMZ,DevOps
ID_01332,machine_identity,KubernetesRBAC,3,OT,Security
ID_01333,user,LDAP,2,PARTNER_VPN,DevOps
ID_01334,service_account,HRSystem,2,SERVER_LAN,Finance
ID_01335,contractor,KubernetesRBAC,2,PARTNER_VPN,HR
ID_01336,service_account,CloudIAM,2,SERVER_LAN,Operations
ID_01337,service_account,KubernetesRBAC,2,MGMT,Operations
ID_01338,contractor,LDAP,1,USER_LAN,HR
ID_01339,admin,LocalAccounts,2,PARTNER_VPN,IT
ID_01340,service_account,ActiveDirectory,3,MGMT,Finance
ID_01341,machine_identity,KubernetesRBAC,3,MGMT,Operations
ID_01342,user,HRSystem,3,SERVER_LAN,HR
ID_01343,admin,LDAP,3,MGMT,IT
ID_01344,service_account,LDAP,3,SERVER_LAN,Operations
ID_01345,service_account,HRSystem,1,CLOUD,Finance
ID_01346,contractor,HRSystem,1,MGMT,DevOps
ID_01347,service_account,CloudIAM,2,PARTNER_VPN,Operations
ID_01348,contractor,KubernetesRBAC,2,DMZ,HR
ID_01349,admin,KubernetesRBAC,2,SERVER_LAN,Security
ID_01350,contractor,LDAP,1,OT,DevOps
ID_01351,machine_identity,CloudIAM,1,EXTERNAL,IT
ID_01352,service_account,HRSystem,3,PARTNER_VPN,Finance
ID_01353,service_account,CloudIAM,3,USER_LAN,Security
ID_01354,contractor,HRSystem,1,MGMT,HR
ID_01355,service_account,CloudIAM,2,CLOUD,Security
ID_01356,contractor,HRSystem,1,PARTNER_VPN,Finance
ID_01357,user,ActiveDirectory,2,CLOUD,DevOps
ID_01358,contractor,CloudIAM,1,USER_LAN,Engineering
ID_01359,machine_identity,HRSystem,1,EXTERNAL,HR
ID_01360,service_account,LocalAccounts,1,DMZ,DevOps
ID_01361,machine_identity,HRSystem,3,DMZ,DevOps
ID_01362,admin,KubernetesRBAC,2,PARTNER_VPN,HR
ID_01363,service_account,CloudIAM,3,PARTNER_VPN,Security
ID_01364,service_account,CloudIAM,2,CLOUD,R&D
ID_01365,machine_identity,LocalAccounts,2,SERVER_LAN,R&D
ID_01366,service_account,CloudIAM,1,CLOUD,IT
ID_01367,contractor,KubernetesRBAC,1,MGMT,HR
ID_01368,user,CloudIAM,3,USER_LAN,HR
ID_01369,user,HRSystem,2,CLOUD,HR
ID_01370,service_account,ActiveDirectory,2,PARTNER_VPN,HR
ID_01371,machine_identity,LocalAccounts,2,USER_LAN,Engineering
ID_01372,contractor,LocalAccounts,1,CLOUD,R&D
ID_01373,admin,LDAP,1,USER_LAN,Engineering
ID_01374,service_account,HRSystem,3,MGMT,R&D
ID_01375,service_account,CloudIAM,1,OT,Engineering
ID_01376,contractor,KubernetesRBAC,2,CLOUD,Operations
ID_01377,contractor,LDAP,3,PARTNER_VPN,Engineering
ID_01378,admin,LDAP,2,CLOUD,Engineering
ID_01379,machine_identity,CloudIAM,2,PARTNER_VPN,IT
ID_01380,contractor,LocalAccounts,2,DMZ,Engineering
ID_01381,user,CloudIAM,1,SERVER_LAN,Finance
ID_01382,admin,HRSystem,3,OT,DevOps
ID_01383,user,HRSystem,2,OT,R&D
ID_01384,contractor,HRSystem,2,MGMT,HR
ID_01385,contractor,CloudIAM,3,SERVER_LAN,HR
ID_01386,contractor,LDAP,3,CLOUD,R&D
ID_01387,service_account,HRSystem,1,OT,Engineering
ID_01388,contractor,KubernetesRBAC,3,CLOUD,R&D
ID_01389,admin,CloudIAM,2,PARTNER_VPN,Finance
ID_01390,admin,CloudIAM,1,PARTNER_VPN,IT
ID_01391,service_account,ActiveDirectory,3,MGMT,Security
ID_01392,machine_identity,LocalAccounts,1,PARTNER_VPN,Operations
ID_01393,user,KubernetesRBAC,3,EXTERNAL,IT
ID_01394,user,LDAP,1,OT,DevOps
ID_01395,user,LDAP,2,EXTERNAL,Engineering
ID_01396,admin,KubernetesRBAC,1,OT,Finance
ID_01397,contractor,ActiveDirectory,1,CLOUD,Operations
ID_01398,contractor,LocalAccounts,2,USER_LAN,Operations
ID_01399,admin,KubernetesRBAC,3,PARTNER_VPN,IT
ID_01400,machine_identity,LocalAccounts,1,DMZ,Finance
ID_01401,user,LDAP,1,CLOUD,R&D
ID_01402,user,HRSystem,2,PARTNER_VPN,HR
ID_01403,contractor,HRSystem,2,SERVER_LAN,DevOps
ID_01404,service_account,CloudIAM,2,EXTERNAL,HR
ID_01405,user,LDAP,3,PARTNER_VPN,Operations
ID_01406,machine_identity,KubernetesRBAC,2,EXTERNAL,HR
ID_01407,machine_identity,CloudIAM,2,SERVER_LAN,Finance
ID_01408,contractor,LDAP,1,DMZ,IT
ID_01409,service_account,HRSystem,1,PARTNER_VPN,R&D
ID_01410,contractor,LocalAccounts,1,MGMT,Security
ID_01411,service_account,KubernetesRBAC,1,DMZ,Operations
ID_01412,machine_identity,ActiveDirectory,3,EXTERNAL,R&D
ID_01413,service_account,LDAP,3,PARTNER_VPN,R&D
ID_01414,user,KubernetesRBAC,3,OT,DevOps
ID_01415,admin,ActiveDirectory,3,PARTNER_VPN,R&D
ID_01416,machine_identity,LocalAccounts,3,CLOUD,Operations
ID_01417,service_account,ActiveDirectory,3,USER_LAN,R&D
ID_01418,contractor,HRSystem,1,OT,Operations
ID_01419,service_account,ActiveDirectory,1,EXTERNAL,Security
ID_01420,machine_identity,ActiveDirectory,1,USER_LAN,Security
ID_01421,contractor,HRSystem,2,OT,Security
ID_01422,service_account,ActiveDirectory,2,USER_LAN,Engineering
ID_01423,service_account,LDAP,3,CLOUD,DevOps
ID_01424,admin,HRSystem,2,EXTERNAL,DevOps
ID_01425,user,LocalAccounts,1,SERVER_LAN,R&D
ID_01426,contractor,KubernetesRBAC,2,EXTERNAL,Security
ID_01427,machine_identity,HRSystem,3,USER_LAN,HR
ID_01428,user,HRSystem,2,CLOUD,HR
ID_01429,service_account,KubernetesRBAC,3,PARTNER_VPN,R&D
ID_01430,admin,CloudIAM,2,SERVER_LAN,Security
ID_01431,service_account,LDAP,3,CLOUD,HR
ID_01432,machine_identity,KubernetesRBAC,3,SERVER_LAN,R&D
ID_01433,machine_identity,ActiveDirectory,1,EXTERNAL,R&D
ID_01434,machine_identity,ActiveDirectory,1,OT,DevOps
ID_01435,admin,LocalAccounts,2,USER_LAN,R&D
ID_01436,service_account,CloudIAM,1,EXTERNAL,R&D
ID_01437,machine_identity,HRSystem,1,PARTNER_VPN,Engineering
ID_01438,service_account,ActiveDirectory,1,EXTERNAL,IT
ID_01439,contractor,HRSystem,3,SERVER_LAN,Security
ID_01440,admin,ActiveDirectory,2,USER_LAN,R&D
ID_01441,contractor,CloudIAM,2,PARTNER_VPN,IT
ID_01442,contractor,ActiveDirectory,3,OT,DevOps
ID_01443,machine_identity,LocalAccounts,1,MGMT,Operations
ID_01444,machine_identity,HRSystem,1,OT,Operations
ID_01445,service_account,KubernetesRBAC,2,SERVER_LAN,Operations
ID_01446,user,CloudIAM,1,SERVER_LAN,HR
ID_01447,service_account,LocalAccounts,1,DMZ,R&D
ID_01448,service_account,LDAP,2,SERVER_LAN,Finance
ID_01449,user,CloudIAM,3,USER_LAN,HR
ID_01450,machine_identity,HRSystem,2,SERVER_LAN,Security
ID_01451,service_account,LocalAccounts,2,PARTNER_VPN,Finance
ID_01452,admin,KubernetesRBAC,1,EXTERNAL,Security
ID_01453,user,ActiveDirectory,3,SERVER_LAN,Operations
ID_01454,machine_identity,LocalAccounts,2,DMZ,R&D
ID_01455,admin,HRSystem,3,MGMT,R&D
ID_01456,contractor,LocalAccounts,1,DMZ,Operations
ID_01457,contractor,ActiveDirectory,1,CLOUD,Engineering
ID_01458,service_account,LDAP,3,DMZ,IT
ID_01459,service_account,KubernetesRBAC,1,SERVER_LAN,Security
ID_01460,user,CloudIAM,2,MGMT,Finance
ID_01461,service_account,LDAP,3,PARTNER_VPN,IT
ID_01462,user,LocalAccounts,1,MGMT,R&D
ID_01463,user,LDAP,2,CLOUD,Operations
ID_01464,service_account,ActiveDirectory,2,MGMT,IT
ID_01465,contractor,KubernetesRBAC,3,USER_LAN,Engineering
ID_01466,service_account,ActiveDirectory,1,MGMT,Finance
ID_01467,user,LocalAccounts,3,USER_LAN,Engineering
ID_01468,service_account,LDAP,2,OT,HR
ID_01469,user,ActiveDirectory,2,OT,DevOps
ID_01470,admin,LDAP,2,MGMT,Finance
ID_01471,service_account,CloudIAM,1,MGMT,Security
ID_01472,service_account,ActiveDirectory,3,EXTERNAL,IT
ID_01473,admin,KubernetesRBAC,2,EXTERNAL,DevOps
ID_01474,contractor,KubernetesRBAC,1,MGMT,R&D
ID_01475,user,LDAP,1,USER_LAN,DevOps
ID_01476,machine_identity,CloudIAM,3,SERVER_LAN,Finance
ID_01477,machine_identity,CloudIAM,1,PARTNER_VPN,Engineering
ID_01478,machine_identity,LDAP,2,USER_LAN,IT
ID_01479,user,CloudIAM,1,USER_LAN,Security
ID_01480,machine_identity,HRSystem,3,SERVER_LAN,DevOps
ID_01481,machine_identity,ActiveDirectory,2,EXTERNAL,Engineering
ID_01482,admin,KubernetesRBAC,3,SERVER_LAN,DevOps
ID_01483,machine_identity,KubernetesRBAC,2,CLOUD,Operations
ID_01484,contractor,CloudIAM,1,EXTERNAL,HR
ID_01485,user,CloudIAM,1,USER_LAN,HR
ID_01486,user,LDAP,2,DMZ,Operations
ID_01487,admin,KubernetesRBAC,2,CLOUD,R&D
ID_01488,contractor,LDAP,2,EXTERNAL,R&D
ID_01489,contractor,CloudIAM,2,SERVER_LAN,HR
ID_01490,user,CloudIAM,2,SERVER_LAN,DevOps
ID_01491,user,LocalAccounts,2,SERVER_LAN,Operations
ID_01492,service_account,ActiveDirectory,3,USER_LAN,Operations
ID_01493,user,LDAP,3,SERVER_LAN,HR
ID_01494,user,LocalAccounts,1,SERVER_LAN,DevOps
ID_01495,admin,LDAP,2,CLOUD,Operations
ID_01496,user,ActiveDirectory,1,DMZ,R&D
ID_01497,service_account,CloudIAM,3,EXTERNAL,Operations
ID_01498,machine_identity,LDAP,1,OT,HR
ID_01499,user,LocalAccounts,3,CLOUD,R&D
ID_01500,machine_identity,KubernetesRBAC,1,USER_LAN,R&D
ID_01501,contractor,ActiveDirectory,3,PARTNER_VPN,Finance
ID_01502,service_account,LDAP,1,SERVER_LAN,Security
ID_01503,machine_identity,CloudIAM,3,USER_LAN,Security
ID_01504,machine_identity,LDAP,2,MGMT,Security
ID_01505,user,CloudIAM,2,CLOUD,R&D
ID_01506,admin,CloudIAM,2,CLOUD,Finance
ID_01507,user,ActiveDirectory,1,USER_LAN,Security
ID_01508,user,LocalAccounts,1,CLOUD,DevOps
ID_01509,service_account,HRSystem,2,CLOUD,Finance
ID_01510,machine_identity,LocalAccounts,2,OT,IT
ID_01511,machine_identity,LocalAccounts,1,OT,DevOps
ID_01512,machine_identity,KubernetesRBAC,2,DMZ,Finance
ID_01513,contractor,CloudIAM,2,EXTERNAL,DevOps
ID_01514,user,HRSystem,1,CLOUD,HR
ID_01515,contractor,CloudIAM,1,OT,Operations
ID_01516,service_account,HRSystem,1,PARTNER_VPN,Security
ID_01517,service_account,CloudIAM,1,MGMT,DevOps
ID_01518,user,ActiveDirectory,3,EXTERNAL,Operations
ID_01519,machine_identity,ActiveDirectory,2,DMZ,R&D
ID_01520,user,LDAP,1,EXTERNAL,Finance
ID_01521,service_account,LDAP,2,CLOUD,IT
ID_01522,user,ActiveDirectory,2,CLOUD,HR
ID_01523,service_account,HRSystem,1,OT,Engineering
ID_01524,admin,KubernetesRBAC,3,OT,Finance
ID_01525,admin,LocalAccounts,1,CLOUD,HR
ID_01526,contractor,CloudIAM,1,SERVER_LAN,Security
ID_01527,admin,CloudIAM,3,EXTERNAL,DevOps
ID_01528,service_account,HRSystem,1,EXTERNAL,Security
ID_01529,machine_identity,KubernetesRBAC,2,CLOUD,HR
ID_01530,contractor,LDAP,3,SERVER_LAN,HR
ID_01531,machine_identity,KubernetesRBAC,1,OT,Finance
ID_01532,machine_identity,ActiveDirectory,2,MGMT,Engineering
ID_01533,admin,CloudIAM,3,PARTNER_VPN,Finance
ID_01534,user,LocalAccounts,3,PARTNER_VPN,Operations
ID_01535,contractor,LocalAccounts,3,PARTNER_VPN,Finance
ID_01536,service_account,ActiveDirectory,1,EXTERNAL,DevOps
ID_01537,machine_identity,KubernetesRBAC,1,DMZ,Finance
ID_01538,machine_identity,ActiveDirectory,2,DMZ,Operations
ID_01539,user,KubernetesRBAC,3,OT,Engineering
ID_01540,machine_identity,CloudIAM,3,USER_LAN,R&D
ID_01541,contractor,HRSystem,3,PARTNER_VPN,HR
ID_01542,machine_identity,LDAP,3,EXTERNAL,R&D
ID_01543,contractor,CloudIAM,2,DMZ,R&D
ID_01544,service_account,HRSystem,3,MGMT,Security
ID_01545,machine_identity,HRSystem,1,USER_LAN,Operations
ID_01546,admin,HRSystem,3,USER_LAN,Finance
ID_01547,user,LDAP,3,PARTNER_VPN,IT
ID_01548,machine_identity,LDAP,1,CLOUD,IT
ID_01549,service_account,LocalAccounts,2,EXTERNAL,Operations
ID_01550,machine_identity,HRSystem,3,EXTERNAL,HR
ID_01551,machine_identity,LocalAccounts,1,DMZ,IT
ID_01552,contractor,LDAP,1,SERVER_LAN,Security
ID_01553,contractor,LocalAccounts,2,USER_LAN,IT
ID_01554,admin,LocalAccounts,3,DMZ,Operations
ID_01555,contractor,LDAP,3,USER_LAN,IT
ID_01556,user,LocalAccounts,1,USER_LAN,HR
ID_01557,user,ActiveDirectory,1,MGMT,HR
ID_01558,machine_identity,KubernetesRBAC,2,PARTNER_VPN,Finance
ID_01559,service_account,KubernetesRBAC,1,USER_LAN,Operations
ID_01560,user,LocalAccounts,3,PARTNER_VPN,Security
ID_01561,service_account,LDAP,1,OT,R&D
ID_01562,contractor,LocalAccounts,1,USER_LAN,Engineering
ID_01563,user,LocalAccounts,3,OT,IT
ID_01564,user,LDAP,1,MGMT,Operations
ID_01565,service_account,CloudIAM,3,DMZ,Engineering
ID_01566,machine_identity,ActiveDirectory,1,OT,Security
ID_01567,machine_identity,LDAP,3,PARTNER_VPN,Security
ID_01568,machine_identity,ActiveDirectory,3,CLOUD,Operations
ID_01569,contractor,LDAP,2,PARTNER_VPN,Engineering
ID_01570,contractor,ActiveDirectory,2,MGMT,IT
ID_01571,machine_identity,KubernetesRBAC,3,USER_LAN,Finance
ID_01572,contractor,HRSystem,2,MGMT,Security
ID_01573,contractor,KubernetesRBAC,2,OT,Finance
ID_01574,contractor,CloudIAM,1,SERVER_LAN,Security
ID_01575,contractor,CloudIAM,1,OT,HR
ID_01576,admin,LDAP,3,USER_LAN,IT
ID_01577,contractor,LocalAccounts,2,SERVER_LAN,DevOps
ID_01578,contractor,HRSystem,3,EXTERNAL,Engineering
ID_01579,service_account,LDAP,1,SERVER_LAN,Engineering
ID_01580,machine_identity,KubernetesRBAC,2,DMZ,R&D
ID_01581,user,ActiveDirectory,3,EXTERNAL,HR
ID_01582,service_account,LocalAccounts,2,OT,DevOps
ID_01583,service_account,CloudIAM,2,CLOUD,Operations
ID_01584,service_account,LocalAccounts,1,DMZ,Finance
ID_01585,contractor,LDAP,3,DMZ,Operations
ID_01586,machine_identity,LDAP,1,OT,Operations
ID_01587,admin,LDAP,3,SERVER_LAN,Security
ID_01588,service_account,LDAP,3,USER_LAN,Engineering
ID_01589,contractor,HRSystem,2,DMZ,Finance
ID_01590,contractor,HRSystem,3,CLOUD,Operations
ID_01591,service_account,CloudIAM,2,MGMT,R&D
ID_01592,admin,CloudIAM,1,MGMT,Security
ID_01593,contractor,KubernetesRBAC,3,OT,R&D
ID_01594,service_account,LDAP,1,USER_LAN,IT
ID_01595,machine_identity,HRSystem,2,PARTNER_VPN,Operations
ID_01596,contractor,KubernetesRBAC,2,PARTNER_VPN,Operations
ID_01597,user,ActiveDirectory,2,PARTNER_VPN,Finance
ID_01598,service_account,KubernetesRBAC,1,USER_LAN,R&D
ID_01599,contractor,KubernetesRBAC,1,USER_LAN,Engineering
ID_01600,contractor,HRSystem,3,USER_LAN,Security
ID_01601,admin,CloudIAM,1,SERVER_LAN,Operations
ID_01602,admin,ActiveDirectory,2,EXTERNAL,Engineering
ID_01603,contractor,KubernetesRBAC,3,CLOUD,IT
ID_01604,admin,LDAP,3,CLOUD,Security
ID_01605,user,HRSystem,1,EXTERNAL,R&D
ID_01606,user,LocalAccounts,1,OT,Engineering
ID_01607,service_account,ActiveDirectory,1,SERVER_LAN,IT
ID_01608,user,HRSystem,3,MGMT,IT
ID_01609,admin,CloudIAM,2,EXTERNAL,Operations
ID_01610,service_account,LDAP,3,OT,DevOps
ID_01611,admin,ActiveDirectory,2,MGMT,IT
ID_01612,user,CloudIAM,3,SERVER_LAN,HR
ID_01613,admin,CloudIAM,2,DMZ,HR
ID_01614,machine_identity,HRSystem,2,CLOUD,Finance
ID_01615,service_account,LDAP,3,DMZ,IT
ID_01616,admin,ActiveDirectory,2,CLOUD,Security
ID_01617,admin,CloudIAM,2,MGMT,Security
ID_01618,service_account,CloudIAM,3,USER_LAN,Engineering
ID_01619,admin,KubernetesRBAC,2,MGMT,IT
ID_01620,service_account,ActiveDirectory,1,CLOUD,Operations
ID_01621,admin,LocalAccounts,3,CLOUD,IT
ID_01622,user,LocalAccounts,2,PARTNER_VPN,Security
ID_01623,user,LocalAccounts,1,DMZ,Engineering
ID_01624,user,CloudIAM,1,OT,DevOps
ID_01625,user,ActiveDirectory,2,OT,IT
ID_01626,contractor,LDAP,2,PARTNER_VPN,Finance
ID_01627,service_account,ActiveDirectory,2,OT,Operations
ID_01628,admin,KubernetesRBAC,3,PARTNER_VPN,DevOps
ID_01629,admin,ActiveDirectory,3,PARTNER_VPN,DevOps
ID_01630,user,ActiveDirectory,1,USER_LAN,R&D
ID_01631,machine_identity,LDAP,3,CLOUD,Security
ID_01632,user,KubernetesRBAC,2,MGMT,Operations
ID_01633,machine_identity,ActiveDirectory,2,MGMT,Engineering
ID_01634,service_account,ActiveDirectory,3,DMZ,HR
ID_01635,machine_identity,CloudIAM,2,EXTERNAL,Operations
ID_01636,admin,HRSystem,3,USER_LAN,Finance
ID_01637,service_account,HRSystem,2,DMZ,Security
ID_01638,admin,LDAP,2,MGMT,R&D
ID_01639,contractor,LocalAccounts,1,SERVER_LAN,Engineering
ID_01640,service_account,LocalAccounts,2,EXTERNAL,Engineering
ID_01641,user,LocalAccounts,1,OT,DevOps
ID_01642,service_account,KubernetesRBAC,1,DMZ,HR
ID_01643,contractor,ActiveDirectory,1,PARTNER_VPN,DevOps
ID_01644,machine_identity,LocalAccounts,3,PARTNER_VPN,R&D
ID_01645,machine_identity,LDAP,3,MGMT,HR
ID_01646,contractor,ActiveDirectory,2,EXTERNAL,DevOps
ID_01647,machine_identity,ActiveDirectory,2,PARTNER_VPN,Engineering
ID_01648,service_account,HRSystem,1,PARTNER_VPN,Security
ID_01649,service_account,LocalAccounts,2,OT,Engineering
ID_01650,admin,KubernetesRBAC,2,DMZ,Finance
ID_01651,contractor,KubernetesRBAC,1,DMZ,Operations
ID_01652,user,KubernetesRBAC,1,SERVER_LAN,Operations
ID_01653,machine_identity,CloudIAM,1,EXTERNAL,Engineering
ID_01654,service_account,LocalAccounts,2,CLOUD,IT
ID_01655,machine_identity,ActiveDirectory,1,PARTNER_VPN,Security
ID_01656,machine_identity,LocalAccounts,2,SERVER_LAN,Operations
ID_01657,user,LocalAccounts,2,OT,Engineering
ID_01658,contractor,KubernetesRBAC,3,CLOUD,Engineering
ID_01659,contractor,ActiveDirectory,1,MGMT,Security
ID_01660,machine_identity,KubernetesRBAC,2,MGMT,Security
ID_01661,admin,ActiveDirectory,3,PARTNER_VPN,R&D
ID_01662,user,HRSystem,3,SERVER_LAN,Security
ID_01663,machine_identity,KubernetesRBAC,1,USER_LAN,IT
ID_01664,contractor,ActiveDirectory,1,SERVER_LAN,Finance
ID_01665,admin,ActiveDirectory,1,EXTERNAL,Operations
ID_01666,admin,ActiveDirectory,3,DMZ,Operations
ID_01667,service_account,KubernetesRBAC,3,PARTNER_VPN,HR
ID_01668,admin,KubernetesRBAC,1,SERVER_LAN,R&D
ID_01669,user,ActiveDirectory,3,OT,Engineering
ID_01670,contractor,HRSystem,2,CLOUD,R&D
ID_01671,service_account,ActiveDirectory,3,SERVER_LAN,Operations
ID_01672,user,LocalAccounts,1,OT,Finance
ID_01673,contractor,ActiveDirectory,2,MGMT,Engineering
ID_01674,contractor,HRSystem,1,OT,DevOps
ID_01675,admin,ActiveDirectory,3,CLOUD,Security
ID_01676,machine_identity,ActiveDirectory,3,CLOUD,Security
ID_01677,user,KubernetesRBAC,2,PARTNER_VPN,HR
ID_01678,contractor,ActiveDirectory,3,OT,Security
ID_01679,admin,ActiveDirectory,1,OT,HR
ID_01680,machine_identity,KubernetesRBAC,2,EXTERNAL,Security
ID_01681,contractor,ActiveDirectory,3,OT,DevOps
ID_01682,user,HRSystem,2,OT,Engineering
ID_01683,machine_identity,ActiveDirectory,3,EXTERNAL,Finance
ID_01684,contractor,ActiveDirectory,1,OT,Finance
ID_01685,contractor,HRSystem,2,SERVER_LAN,Operations
ID_01686,admin,ActiveDirectory,2,MGMT,Engineering
ID_01687,service_account,HRSystem,3,USER_LAN,IT
ID_01688,contractor,ActiveDirectory,3,DMZ,HR
ID_01689,machine_identity,LocalAccounts,1,MGMT,HR
ID_01690,machine_identity,CloudIAM,3,MGMT,Finance
ID_01691,user,LocalAccounts,2,EXTERNAL,IT
ID_01692,user,HRSystem,1,EXTERNAL,DevOps
ID_01693,user,LocalAccounts,2,SERVER_LAN,HR
ID_01694,contractor,HRSystem,1,EXTERNAL,IT
ID_01695,admin,CloudIAM,2,DMZ,Engineering
ID_01696,admin,KubernetesRBAC,2,USER_LAN,Security
ID_01697,admin,HRSystem,3,MGMT,Operations
ID_01698,admin,LocalAccounts,3,OT,Finance
ID_01699,service_account,LDAP,1,CLOUD,Finance
ID_01700,contractor,ActiveDirectory,1,USER_LAN,Finance
ID_01701,admin,HRSystem,3,SERVER_LAN,Security
ID_01702,admin,KubernetesRBAC,2,MGMT,Engineering
ID_01703,service_account,LocalAccounts,1,DMZ,Operations
ID_01704,contractor,LDAP,1,EXTERNAL,DevOps
ID_01705,user,LocalAccounts,2,CLOUD,R&D
ID_01706,user,ActiveDirectory,3,USER_LAN,Finance
ID_01707,admin,HRSystem,2,EXTERNAL,Operations
ID_01708,admin,KubernetesRBAC,3,MGMT,Engineering
ID_01709,service_account,LDAP,3,USER_LAN,IT
ID_01710,user,LDAP,1,EXTERNAL,Operations
ID_01711,admin,HRSystem,1,OT,Security
ID_01712,contractor,LDAP,2,EXTERNAL,DevOps
ID_01713,admin,LocalAccounts,1,PARTNER_VPN,R&D
ID_01714,user,LDAP,2,EXTERNAL,R&D
ID_01715,user,LocalAccounts,3,MGMT,IT
ID_01716,contractor,LDAP,2,CLOUD,HR
ID_01717,contractor,CloudIAM,3,CLOUD,Finance
ID_01718,user,KubernetesRBAC,1,USER_LAN,DevOps
ID_01719,user,LocalAccounts,3,OT,R&D
ID_01720,machine_identity,HRSystem,1,OT,Operations
ID_01721,machine_identity,HRSystem,3,CLOUD,Operations
ID_01722,contractor,KubernetesRBAC,3,DMZ,Security
ID_01723,user,ActiveDirectory,2,PARTNER_VPN,Operations
ID_01724,contractor,LocalAccounts,2,CLOUD,R&D
ID_01725,service_account,LocalAccounts,2,CLOUD,Finance
ID_01726,contractor,LocalAccounts,1,USER_LAN,HR
ID_01727,service_account,LocalAccounts,2,USER_LAN,R&D
ID_01728,admin,KubernetesRBAC,1,MGMT,Security
ID_01729,user,KubernetesRBAC,2,EXTERNAL,IT
ID_01730,contractor,LDAP,2,OT,Finance
ID_01731,service_account,LocalAccounts,1,SERVER_LAN,DevOps
ID_01732,service_account,LDAP,2,CLOUD,Operations
ID_01733,admin,HRSystem,3,DMZ,DevOps
ID_01734,machine_identity,KubernetesRBAC,3,OT,Finance
ID_01735,contractor,LDAP,2,MGMT,Operations
ID_01736,machine_identity,LocalAccounts,1,EXTERNAL,Engineering
ID_01737,machine_identity,ActiveDirectory,3,EXTERNAL,Engineering
ID_01738,machine_identity,KubernetesRBAC,2,OT,DevOps
ID_01739,admin,HRSystem,1,USER_LAN,Security
ID_01740,contractor,KubernetesRBAC,2,CLOUD,Finance
ID_01741,user,LDAP,1,SERVER_LAN,R&D
ID_01742,user,LocalAccounts,1,SERVER_LAN,HR
ID_01743,admin,ActiveDirectory,3,DMZ,DevOps
ID_01744,service_account,CloudIAM,1,PARTNER_VPN,Operations
ID_01745,contractor,CloudIAM,1,CLOUD,Finance
ID_01746,contractor,CloudIAM,2,DMZ,Engineering
ID_01747,service_account,KubernetesRBAC,3,PARTNER_VPN,HR
ID_01748,contractor,LDAP,3,USER_LAN,HR
ID_01749,admin,HRSystem,1,MGMT,HR
ID_01750,admin,LDAP,1,EXTERNAL,Security
ID_01751,service_account,HRSystem,3,PARTNER_VPN,R&D
ID_01752,admin,CloudIAM,1,OT,Operations
ID_01753,admin,HRSystem,1,OT,Operations
ID_01754,contractor,LocalAccounts,2,CLOUD,IT
ID_01755,service_account,LocalAccounts,2,EXTERNAL,IT
ID_01756,service_account,CloudIAM,3,DMZ,R&D
ID_01757,service_account,CloudIAM,2,EXTERNAL,Operations
ID_01758,service_account,KubernetesRBAC,1,OT,Security
ID_01759,admin,KubernetesRBAC,1,DMZ,Security
ID_01760,admin,KubernetesRBAC,1,MGMT,Finance
ID_01761,contractor,LDAP,3,USER_LAN,Operations
ID_01762,user,ActiveDirectory,3,USER_LAN,DevOps
ID_01763,machine_identity,ActiveDirectory,1,DMZ,Engineering
ID_01764,machine_identity,LDAP,2,DMZ,R&D
ID_01765,machine_identity,KubernetesRBAC,3,SERVER_LAN,Operations
ID_01766,user,CloudIAM,2,MGMT,Finance
ID_01767,admin,CloudIAM,1,EXTERNAL,DevOps
ID_01768,contractor,HRSystem,2,EXTERNAL,Engineering
ID_01769,admin,LDAP,1,USER_LAN,Security
ID_01770,admin,ActiveDirectory,1,EXTERNAL,IT
ID_01771,machine_identity,KubernetesRBAC,2,USER_LAN,DevOps
ID_01772,admin,CloudIAM,1,DMZ,DevOps
ID_01773,contractor,ActiveDirectory,3,PARTNER_VPN,Engineering
ID_01774,admin,HRSystem,3,SERVER_LAN,DevOps
ID_01775,service_account,HRSystem,2,SERVER_LAN,Finance
ID_01776,service_account,ActiveDirectory,1,MGMT,Engineering
ID_01777,admin,LocalAccounts,3,PARTNER_VPN,Operations
ID_01778,machine_identity,LocalAccounts,3,OT,Engineering
ID_01779,contractor,KubernetesRBAC,2,SERVER_LAN,IT
ID_01780,contractor,LDAP,1,USER_LAN,Finance
ID_01781,machine_identity,ActiveDirectory,2,MGMT,R&D
ID_01782,service_account,LDAP,3,USER_LAN,R&D
ID_01783,service_account,KubernetesRBAC,3,MGMT,HR
ID_01784,user,CloudIAM,1,OT,Finance
ID_01785,user,ActiveDirectory,2,CLOUD,Finance
ID_01786,admin,ActiveDirectory,1,MGMT,IT
ID_01787,service_account,HRSystem,2,OT,Security
ID_01788,contractor,LocalAccounts,2,PARTNER_VPN,R&D
ID_01789,admin,LocalAccounts,2,MGMT,Security
ID_01790,contractor,ActiveDirectory,3,MGMT,Security
ID_01791,admin,LDAP,2,SERVER_LAN,DevOps
ID_01792,contractor,KubernetesRBAC,1,SERVER_LAN,R&D
ID_01793,user,KubernetesRBAC,3,SERVER_LAN,Security
ID_01794,contractor,CloudIAM,3,OT,Security
ID_01795,user,LDAP,2,USER_LAN,R&D
ID_01796,user,LocalAccounts,1,SERVER_LAN,Finance
ID_01797,admin,HRSystem,3,USER_LAN,Finance
ID_01798,contractor,ActiveDirectory,3,CLOUD,Finance
ID_01799,user,HRSystem,2,USER_LAN,Engineering
ID_01800,user,HRSystem,1,SERVER_LAN,Operations
ID_01801,user,ActiveDirectory,2,CLOUD,Finance
ID_01802,service_account,CloudIAM,2,OT,DevOps
ID_01803,contractor,LocalAccounts,1,EXTERNAL,Operations
ID_01804,machine_identity,HRSystem,3,CLOUD,Operations
ID_01805,user,KubernetesRBAC,2,OT,R&D
ID_01806,contractor,ActiveDirectory,1,PARTNER_VPN,Operations
ID_01807,machine_identity,HRSystem,1,CLOUD,IT
ID_01808,machine_identity,LDAP,3,DMZ,Operations
ID_01809,contractor,HRSystem,2,SERVER_LAN,Finance
ID_01810,contractor,LocalAccounts,3,CLOUD,Security
ID_01811,user,HRSystem,1,USER_LAN,IT
ID_01812,user,KubernetesRBAC,3,SERVER_LAN,DevOps
ID_01813,machine_identity,LocalAccounts,2,USER_LAN,Operations
ID_01814,machine_identity,LDAP,2,DMZ,R&D
ID_01815,service_account,LocalAccounts,1,EXTERNAL,IT
ID_01816,user,ActiveDirectory,1,EXTERNAL,Security
ID_01817,contractor,LDAP,2,EXTERNAL,HR
ID_01818,contractor,HRSystem,1,USER_LAN,DevOps
ID_01819,contractor,ActiveDirectory,1,SERVER_LAN,Operations
ID_01820,contractor,ActiveDirectory,3,SERVER_LAN,R&D
ID_01821,service_account,LocalAccounts,2,CLOUD,Finance
ID_01822,admin,LocalAccounts,2,OT,Operations
ID_01823,machine_identity,LDAP,1,EXTERNAL,R&D
ID_01824,user,LocalAccounts,2,PARTNER_VPN,DevOps
ID_01825,contractor,CloudIAM,3,CLOUD,Operations
ID_01826,service_account,HRSystem,3,OT,IT
ID_01827,admin,LDAP,2,OT,IT
ID_01828,user,CloudIAM,3,MGMT,R&D
ID_01829,service_account,HRSystem,3,OT,Operations
ID_01830,machine_identity,LocalAccounts,1,EXTERNAL,HR
ID_01831,admin,HRSystem,1,DMZ,DevOps
ID_01832,admin,HRSystem,1,CLOUD,DevOps
ID_01833,service_account,KubernetesRBAC,2,PARTNER_VPN,Finance
ID_01834,contractor,LocalAccounts,3,EXTERNAL,Security
ID_01835,user,HRSystem,3,OT,R&D
ID_01836,contractor,HRSystem,3,CLOUD,Finance
ID_01837,contractor,ActiveDirectory,2,USER_LAN,IT
ID_01838,service_account,KubernetesRBAC,2,OT,HR
ID_01839,user,CloudIAM,1,PARTNER_VPN,Security
ID_01840,contractor,LocalAccounts,1,EXTERNAL,Engineering
ID_01841,admin,ActiveDirectory,3,USER_LAN,IT
ID_01842,admin,LDAP,3,OT,Operations
ID_01843,user,KubernetesRBAC,2,DMZ,Finance
ID_01844,user,HRSystem,3,MGMT,Security
ID_01845,admin,LDAP,3,OT,DevOps
ID_01846,user,CloudIAM,1,DMZ,HR
ID_01847,user,ActiveDirectory,1,OT,Security
ID_01848,user,LDAP,3,USER_LAN,Security
ID_01849,machine_identity,LDAP,1,MGMT,HR
ID_01850,service_account,CloudIAM,2,OT,Engineering
ID_01851,user,KubernetesRBAC,3,DMZ,IT
ID_01852,admin,KubernetesRBAC,1,PARTNER_VPN,IT
ID_01853,service_account,ActiveDirectory,1,OT,Finance
ID_01854,user,CloudIAM,1,SERVER_LAN,Finance
ID_01855,service_account,KubernetesRBAC,1,DMZ,Finance
ID_01856,machine_identity,LocalAccounts,3,MGMT,IT
ID_01857,user,LocalAccounts,2,MGMT,Operations
ID_01858,machine_identity,KubernetesRBAC,1,CLOUD,IT
ID_01859,service_account,HRSystem,2,EXTERNAL,IT
ID_01860,user,LDAP,1,MGMT,DevOps
ID_01861,user,LDAP,3,DMZ,IT
ID_01862,service_account,LDAP,2,USER_LAN,Security
ID_01863,machine_identity,CloudIAM,2,CLOUD,Operations
ID_01864,contractor,CloudIAM,1,CLOUD,R&D
ID_01865,machine_identity,HRSystem,2,PARTNER_VPN,HR
ID_01866,machine_identity,KubernetesRBAC,2,DMZ,Engineering
ID_01867,contractor,HRSystem,2,USER_LAN,Engineering
ID_01868,user,HRSystem,2,OT,IT
ID_01869,machine_identity,HRSystem,2,MGMT,DevOps
ID_01870,admin,KubernetesRBAC,3,OT,Finance
ID_01871,user,LocalAccounts,2,SERVER_LAN,Security
ID_01872,admin,CloudIAM,1,CLOUD,HR
ID_01873,service_account,LocalAccounts,2,PARTNER_VPN,Security
ID_01874,service_account,HRSystem,1,MGMT,IT
ID_01875,service_account,LDAP,2,SERVER_LAN,Engineering
ID_01876,user,CloudIAM,1,DMZ,HR
ID_01877,user,ActiveDirectory,2,OT,Finance
ID_01878,admin,ActiveDirectory,1,USER_LAN,IT
ID_01879,user,HRSystem,1,USER_LAN,Operations
ID_01880,admin,KubernetesRBAC,2,EXTERNAL,Security
ID_01881,admin,HRSystem,1,SERVER_LAN,Security
ID_01882,machine_identity,CloudIAM,2,SERVER_LAN,DevOps
ID_01883,admin,LDAP,1,CLOUD,IT
ID_01884,machine_identity,KubernetesRBAC,2,DMZ,Engineering
ID_01885,user,LocalAccounts,1,MGMT,HR
ID_01886,service_account,ActiveDirectory,3,MGMT,R&D
ID_01887,contractor,CloudIAM,1,USER_LAN,R&D
ID_01888,admin,LocalAccounts,3,EXTERNAL,HR
ID_01889,service_account,ActiveDirectory,2,CLOUD,DevOps
ID_01890,service_account,CloudIAM,3,CLOUD,Engineering
ID_01891,user,CloudIAM,1,EXTERNAL,R&D
ID_01892,service_account,CloudIAM,1,MGMT,IT
ID_01893,user,HRSystem,1,CLOUD,Security
ID_01894,admin,ActiveDirectory,1,MGMT,IT
ID_01895,machine_identity,CloudIAM,1,PARTNER_VPN,IT
ID_01896,admin,LDAP,3,CLOUD,DevOps
ID_01897,contractor,LDAP,2,PARTNER_VPN,Finance
ID_01898,admin,LDAP,3,DMZ,Finance
ID_01899,user,HRSystem,3,EXTERNAL,Operations
ID_01900,user,LocalAccounts,3,CLOUD,Finance
ID_01901,admin,KubernetesRBAC,1,PARTNER_VPN,Operations
ID_01902,contractor,LDAP,3,DMZ,Security
ID_01903,admin,ActiveDirectory,2,CLOUD,DevOps
ID_01904,service_account,CloudIAM,1,MGMT,Security
ID_01905,machine_identity,LDAP,3,SERVER_LAN,R&D
ID_01906,admin,HRSystem,2,USER_LAN,Security
ID_01907,service_account,HRSystem,1,USER_LAN,HR
ID_01908,service_account,KubernetesRBAC,2,SERVER_LAN,Operations
ID_01909,service_account,HRSystem,3,PARTNER_VPN,Operations
ID_01910,admin,LDAP,1,SERVER_LAN,Finance
ID_01911,service_account,HRSystem,3,USER_LAN,Operations
ID_01912,service_account,ActiveDirectory,2,MGMT,IT
ID_01913,contractor,LocalAccounts,3,SERVER_LAN,Operations
ID_01914,user,LDAP,2,OT,R&D
ID_01915,admin,LDAP,3,CLOUD,Finance
ID_01916,user,HRSystem,1,SERVER_LAN,Finance
ID_01917,contractor,HRSystem,3,OT,Operations
ID_01918,user,LDAP,1,EXTERNAL,IT
ID_01919,user,CloudIAM,1,USER_LAN,Finance
ID_01920,contractor,LDAP,2,PARTNER_VPN,Operations
ID_01921,machine_identity,ActiveDirectory,3,USER_LAN,Finance
ID_01922,user,LocalAccounts,3,EXTERNAL,DevOps
ID_01923,user,LocalAccounts,3,PARTNER_VPN,DevOps
ID_01924,admin,KubernetesRBAC,3,CLOUD,IT
ID_01925,contractor,LocalAccounts,3,DMZ,Operations
ID_01926,contractor,LocalAccounts,1,CLOUD,Finance
ID_01927,admin,LocalAccounts,1,SERVER_LAN,Operations
ID_01928,admin,LDAP,1,EXTERNAL,Engineering
ID_01929,machine_identity,HRSystem,1,EXTERNAL,Engineering
ID_01930,admin,CloudIAM,2,PARTNER_VPN,Security
ID_01931,admin,LDAP,1,MGMT,DevOps
ID_01932,user,LDAP,1,SERVER_LAN,DevOps
ID_01933,user,LocalAccounts,1,OT,R&D
ID_01934,machine_identity,CloudIAM,2,PARTNER_VPN,HR
ID_01935,service_account,LDAP,3,OT,R&D
ID_01936,machine_identity,LDAP,1,SERVER_LAN,Operations
ID_01937,admin,LDAP,3,MGMT,Operations
ID_01938,contractor,ActiveDirectory,3,SERVER_LAN,IT
ID_01939,admin,HRSystem,3,MGMT,IT
ID_01940,machine_identity,CloudIAM,2,MGMT,Security
ID_01941,admin,KubernetesRBAC,1,MGMT,Operations
ID_01942,machine_identity,CloudIAM,1,USER_LAN,R&D
ID_01943,service_account,KubernetesRBAC,2,CLOUD,Security
ID_01944,contractor,CloudIAM,1,DMZ,R&D
ID_01945,contractor,ActiveDirectory,2,CLOUD,Engineering
ID_01946,machine_identity,ActiveDirectory,1,OT,Security
ID_01947,contractor,LDAP,2,CLOUD,Operations
ID_01948,service_account,ActiveDirectory,3,PARTNER_VPN,Operations
ID_01949,user,LDAP,1,MGMT,Operations
ID_01950,service_account,KubernetesRBAC,1,USER_LAN,DevOps
ID_01951,contractor,KubernetesRBAC,2,MGMT,Finance
ID_01952,service_account,LocalAccounts,2,EXTERNAL,DevOps
ID_01953,user,KubernetesRBAC,1,EXTERNAL,Operations
ID_01954,service_account,HRSystem,1,EXTERNAL,IT
ID_01955,service_account,LocalAccounts,3,CLOUD,DevOps
ID_01956,machine_identity,LDAP,2,MGMT,DevOps
ID_01957,admin,CloudIAM,3,OT,Finance
ID_01958,machine_identity,KubernetesRBAC,2,CLOUD,R&D
ID_01959,admin,KubernetesRBAC,3,USER_LAN,HR
ID_01960,user,LocalAccounts,1,CLOUD,DevOps
ID_01961,contractor,LDAP,2,CLOUD,IT
ID_01962,user,LocalAccounts,1,USER_LAN,Security
ID_01963,service_account,HRSystem,3,EXTERNAL,IT
ID_01964,user,LocalAccounts,3,OT,HR
ID_01965,user,LocalAccounts,3,CLOUD,Operations
ID_01966,admin,CloudIAM,1,EXTERNAL,Security
ID_01967,admin,LocalAccounts,1,EXTERNAL,Finance
ID_01968,user,ActiveDirectory,3,PARTNER_VPN,Finance
ID_01969,contractor,HRSystem,1,EXTERNAL,R&D
ID_01970,contractor,ActiveDirectory,3,USER_LAN,Engineering
ID_01971,service_account,LocalAccounts,3,SERVER_LAN,IT
ID_01972,service_account,HRSystem,3,PARTNER_VPN,DevOps
ID_01973,user,HRSystem,3,USER_LAN,DevOps
ID_01974,contractor,LocalAccounts,3,USER_LAN,Engineering
ID_01975,service_account,KubernetesRBAC,1,PARTNER_VPN,Finance
ID_01976,contractor,LDAP,2,PARTNER_VPN,HR
ID_01977,service_account,CloudIAM,1,PARTNER_VPN,DevOps
ID_01978,user,LDAP,3,PARTNER_VPN,DevOps
ID_01979,contractor,KubernetesRBAC,2,PARTNER_VPN,HR
ID_01980,admin,KubernetesRBAC,3,SERVER_LAN,DevOps
ID_01981,contractor,CloudIAM,2,CLOUD,HR
ID_01982,service_account,HRSystem,1,EXTERNAL,Operations
ID_01983,user,KubernetesRBAC,1,PARTNER_VPN,R&D
ID_01984,contractor,CloudIAM,3,SERVER_LAN,Engineering
ID_01985,machine_identity,CloudIAM,1,EXTERNAL,Operations
ID_01986,admin,CloudIAM,2,CLOUD,Security
ID_01987,admin,ActiveDirectory,1,EXTERNAL,Engineering
ID_01988,user,LocalAccounts,2,OT,Security
ID_01989,user,ActiveDirectory,2,USER_LAN,IT
ID_01990,user,LocalAccounts,3,CLOUD,Engineering
ID_01991,admin,HRSystem,2,CLOUD,HR
ID_01992,contractor,LocalAccounts,2,PARTNER_VPN,Operations
ID_01993,machine_identity,HRSystem,2,PARTNER_VPN,Engineering
ID_01994,user,CloudIAM,2,DMZ,R&D
ID_01995,machine_identity,KubernetesRBAC,3,MGMT,IT
ID_01996,service_account,ActiveDirectory,2,MGMT,Engineering
ID_01997,contractor,LocalAccounts,2,USER_LAN,DevOps
ID_01998,user,ActiveDirectory,1,MGMT,HR
ID_01999,contractor,LDAP,1,MGMT,IT
ID_02000,machine_identity,CloudIAM,3,PARTNER_VPN,Engineering
