subject_id,subject_type,object_id,object_type,privilege_type,power_level,scope
ID_00725,identity,N01412,node,write,3,zone
ID_00238,identity,N01543,node,access_secret,6,node
ID_00834,identity,N00696,node,execute,4,node
ID_00933,identity,N01643,node,read,2,node
ID_01718,identity,N01464,node,admin,9,node
ID_01820,identity,N01813,node,execute,3,node
ID_00894,identity,N01873,node,write,2,node
ID_01859,identity,N00167,node,execute,3,node
ID_01799,identity,N01468,node,admin,10,node
ID_00201,identity,N01521,node,access_secret,7,node
ID_00013,identity,N00103,node,write,3,node
ID_01827,identity,N00496,node,write,3,zone
ID_01264,identity,N00006,node,access_secret,7,node
ID_01097,identity,N00081,node,impersonate,8,node
ID_00482,identity,N01570,node,modify_config,5,zone
ID_01415,identity,N00800,node,admin,9,zone
ID_01559,identity,N00297,node,execute,4,zone
ID_01899,identity,N01462,node,write,3,node
ID_01988,identity,N01047,node,access_secret,6,global
ID_01609,identity,N00635,node,read,1,node
ID_01021,identity,N00934,node,modify_config,6,node
ID_00357,identity,N01478,node,read,2,node
ID_00178,identity,N01374,node,impersonate,7,node
ID_01194,identity,N01360,node,admin,10,node
ID_00921,identity,N00811,node,execute,3,tenant
ID_01635,identity,N00656,node,access_secret,7,node
ID_00654,identity,N00293,node,modify_config,6,node
ID_01752,identity,N01424,node,read,2,node
ID_00407,identity,N00369,node,impersonate,7,tenant
ID_00820,identity,N00802,node,execute,3,zone
ID_01599,identity,N00028,node,impersonate,6,node
ID_01591,identity,N01924,node,write,2,node
ID_01485,identity,N01109,node,read,2,zone
ID_01692,identity,N00863,node,access_secret,6,node
ID_00767,identity,N01759,node,read,2,zone
ID_01011,identity,N01496,node,write,3,zone
ID_01247,identity,N00425,node,read,2,node
ID_01324,identity,N01696,node,write,3,node
ID_01373,identity,N00364,node,impersonate,6,zone
ID_00106,identity,N01422,node,modify_config,5,node
ID_01404,identity,N01809,node,admin,8,node
ID_00908,identity,N01483,node,access_secret,6,node
ID_00490,identity,N00412,node,admin,7,tenant
ID_01409,identity,N00839,node,admin,10,node
ID_00808,identity,N00391,node,impersonate,8,node
ID_01593,identity,N00859,node,access_secret,6,node
ID_01741,identity,N01355,node,read,1,node
ID_01802,identity,N01983,node,write,3,node
ID_00917,identity,N00007,node,write,2,node
ID_00528,identity,N01379,node,write,2,zone
ID_00213,identity,N00381,node,modify_config,5,node
ID_00216,identity,N01721,node,execute,3,node
ID_01681,identity,N00173,node,impersonate,8,global
ID_00668,identity,N00878,node,impersonate,8,node
ID_01999,identity,N00270,node,execute,3,zone
ID_00392,identity,N00367,node,read,1,node
ID_01086,identity,N00696,node,write,2,node
ID_01022,identity,N01888,node,impersonate,7,node
ID_01999,identity,N00668,node,read,1,node
ID_00054,identity,N01858,node,admin,9,node
ID_01788,identity,N01612,node,impersonate,7,node
ID_00153,identity,N00415,node,read,1,node
ID_01396,identity,N01582,node,access_secret,5,node
ID_00999,identity,N00211,node,admin,9,node
ID_00292,identity,N00231,node,execute,4,zone
ID_01380,identity,N00168,node,impersonate,6,node
ID_01586,identity,N01129,node,access_secret,6,node
ID_01644,identity,N01385,node,modify_config,6,node
ID_01830,identity,N00341,node,read,1,node
ID_01045,identity,N00139,node,execute,4,zone
ID_01976,identity,N00054,node,execute,4,zone
ID_01056,identity,N01217,node,read,2,node
ID_01733,identity,N00025,node,admin,7,node
ID_00793,identity,N00788,node,access_secret,5,node
ID_01161,identity,N00504,node,write,2,zone
ID_01147,identity,N00455,node,execute,3,zone
ID_01652,identity,N00079,node,modify_config,4,node
ID_01099,identity,N01107,node,access_secret,5,node
ID_01478,identity,N00504,node,impersonate,8,node
ID_01329,identity,N01191,node,write,2,node
ID_01322,identity,N00968,node,impersonate,8,node
ID_01303,identity,N01024,node,access_secret,5,tenant
ID_00109,identity,N00623,node,access_secret,7,node
ID_01856,identity,N00099,node,impersonate,6,node
ID_00456,identity,N01877,node,read,2,node
ID_00338,identity,N01523,node,admin,9,node
ID_01955,identity,N00359,node,execute,4,node
ID_01248,identity,N00815,node,write,2,tenant
ID_00393,identity,N00872,node,access_secret,5,node
ID_01079,identity,N01151,node,modify_config,6,tenant
ID_00613,identity,N01263,node,impersonate,8,node
ID_00055,identity,N01941,node,write,3,node
ID_00468,identity,N00610,node,write,2,zone
ID_00248,identity,N00285,node,impersonate,8,node
ID_00420,identity,N00644,node,execute,3,zone
ID_01529,identity,N01694,node,admin,10,node
ID_00356,identity,N00098,node,access_secret,6,zone
ID_00216,identity,N00810,node,access_secret,6,node
ID_00457,identity,N01595,node,impersonate,8,node
ID_00490,identity,N01076,node,impersonate,8,node
ID_01511,identity,N00302,node,access_secret,7,node
ID_00887,identity,N01827,node,modify_config,5,tenant
ID_00964,identity,N00132,node,write,2,tenant
ID_01266,identity,N00425,node,access_secret,5,node
ID_00183,identity,N00345,node,access_secret,5,node
ID_01469,identity,N01797,node,modify_config,6,node
ID_00667,identity,N01059,node,write,3,node
ID_00407,identity,N01805,node,modify_config,4,node
ID_01917,identity,N00825,node,access_secret,5,node
ID_00496,identity,N01266,node,modify_config,4,node
ID_00214,identity,N01623,node,execute,3,node
ID_00768,identity,N01565,node,access_secret,7,zone
ID_01005,identity,N00367,node,modify_config,6,node
ID_00242,identity,N01536,node,write,3,node
ID_01611,identity,N01135,node,admin,7,node
ID_00932,identity,N00952,node,read,1,zone
ID_00327,identity,N01914,node,execute,3,node
ID_01984,identity,N00950,node,access_secret,5,zone
ID_00598,identity,N00057,node,read,1,global
ID_01372,identity,N00208,node,execute,4,node
ID_00045,identity,N00138,node,admin,9,tenant
ID_00692,identity,N01689,node,read,2,zone
ID_00268,identity,N01121,node,admin,8,zone
ID_00387,identity,N01149,node,admin,7,node
ID_01568,identity,N01208,node,read,1,node
ID_00291,identity,N00848,node,write,3,node
ID_00739,identity,N01752,node,admin,9,node
ID_01638,identity,N01609,node,modify_config,5,node
ID_00263,identity,N00226,node,read,2,node
ID_00444,identity,N00736,node,impersonate,8,tenant
ID_01767,identity,N01057,node,write,2,node
ID_01632,identity,N00732,node,access_secret,6,node
ID_00386,identity,N01724,node,execute,3,tenant
ID_01004,identity,N00871,node,execute,4,zone
ID_01030,identity,N00408,node,write,3,node
ID_01834,identity,N00118,node,read,1,node
ID_00903,identity,N01441,node,access_secret,7,node
ID_01478,identity,N00207,node,admin,7,tenant
ID_01385,identity,N01967,node,admin,8,tenant
ID_00119,identity,N00102,node,write,3,zone
ID_01186,identity,N01655,node,read,2,node
ID_01138,identity,N01354,node,modify_config,4,zone
ID_00280,identity,N01910,node,admin,9,node
ID_01861,identity,N00498,node,execute,3,node
ID_00841,identity,N00086,node,impersonate,8,tenant
ID_00585,identity,N01406,node,modify_config,5,node
ID_00234,identity,N00183,node,access_secret,5,node
ID_01954,identity,N00122,node,admin,10,node
ID_01053,identity,N01547,node,execute,4,node
ID_01333,identity,N01621,node,access_secret,7,node
ID_00059,identity,N00834,node,admin,7,node
ID_00264,identity,N01425,node,read,1,node
ID_00509,identity,N01874,node,admin,10,node
ID_00933,identity,N01936,node,admin,9,node
ID_00656,identity,N00376,node,impersonate,8,node
ID_00680,identity,N01922,node,execute,3,node
ID_00047,identity,N01768,node,execute,4,node
ID_01811,identity,N01085,node,access_secret,6,node
ID_01841,identity,N00652,node,modify_config,5,zone
ID_01049,identity,N01918,node,access_secret,5,node
ID_00267,identity,N01339,node,execute,4,node
ID_00026,identity,N01455,node,read,2,tenant
ID_00040,identity,N00365,node,write,2,zone
ID_01870,identity,N01327,node,modify_config,4,node
ID_00754,identity,N01218,node,impersonate,7,zone
ID_01804,identity,N01099,node,access_secret,7,tenant
ID_01905,identity,N00846,node,admin,10,node
ID_00706,identity,N00332,node,modify_config,6,tenant
ID_00026,identity,N01681,node,access_secret,5,tenant
ID_01159,identity,N00714,node,execute,3,tenant
ID_01014,identity,N00705,node,admin,10,node
ID_01049,identity,N00184,node,write,2,zone
ID_00386,identity,N00586,node,access_secret,7,node
ID_00947,identity,N00666,node,access_secret,5,node
ID_00367,identity,N01207,node,read,1,node
ID_00002,identity,N00185,node,access_secret,7,zone
ID_00529,identity,N00552,node,admin,10,node
ID_01616,identity,N01657,node,admin,9,node
ID_01186,identity,N00262,node,write,2,node
ID_01552,identity,N00150,node,execute,3,node
ID_01283,identity,N01061,node,execute,4,node
ID_01085,identity,N01465,node,execute,3,zone
ID_01348,identity,N01727,node,modify_config,5,zone
ID_00003,identity,N01187,node,modify_config,6,node
ID_00983,identity,N01067,node,modify_config,4,zone
ID_01664,identity,N00285,node,execute,3,node
ID_00820,identity,N00268,node,write,2,node
ID_00449,identity,N00675,node,execute,4,node
ID_01979,identity,N01816,node,impersonate,7,node
ID_01162,identity,N00085,node,impersonate,6,zone
ID_01006,identity,N01603,node,impersonate,6,node
ID_00439,identity,N01153,node,write,2,node
ID_01127,identity,N00694,node,write,3,node
ID_01251,identity,N01801,node,access_secret,6,node
ID_01115,identity,N01511,node,write,3,node
ID_00864,identity,N01820,node,impersonate,6,tenant
ID_01635,identity,N00520,node,write,3,zone
ID_01158,identity,N01736,node,modify_config,5,node
ID_00009,identity,N00420,node,access_secret,6,node
ID_01492,identity,N01269,node,execute,4,zone
ID_01581,identity,N01167,node,modify_config,6,node
ID_01319,identity,N00487,node,impersonate,7,node
ID_00071,identity,N01372,node,impersonate,8,node
ID_01418,identity,N01319,node,read,1,node
ID_00916,identity,N01893,node,impersonate,7,zone
ID_00733,identity,N00455,node,access_secret,6,node
ID_01344,identity,N01845,node,read,1,node
ID_00751,identity,N00228,node,access_secret,5,node
ID_01868,identity,N00652,node,write,3,zone
ID_01872,identity,N01161,node,impersonate,7,zone
ID_01754,identity,N01876,node,write,2,node
ID_00615,identity,N00884,node,read,2,node
ID_01318,identity,N01384,node,write,2,node
ID_01197,identity,N00978,node,modify_config,4,zone
ID_00298,identity,N00996,node,read,1,node
ID_01142,identity,N01300,node,admin,10,node
ID_01266,identity,N00622,node,read,2,node
ID_00507,identity,N01473,node,access_secret,5,zone
ID_00814,identity,N00963,node,write,2,node
ID_01388,identity,N00399,node,read,2,node
ID_01727,identity,N00564,node,access_secret,6,node
ID_01619,identity,N00738,node,admin,7,zone
ID_01409,identity,N00210,node,write,3,zone
ID_01219,identity,N00769,node,read,1,zone
ID_00661,identity,N01346,node,access_secret,6,node
ID_00211,identity,N00093,node,write,3,node
ID_00404,identity,N01992,node,modify_config,6,tenant
ID_00776,identity,N01878,node,write,2,node
ID_01900,identity,N00065,node,admin,10,node
ID_00729,identity,N01323,node,read,1,node
ID_00052,identity,N01418,node,write,2,node
ID_01600,identity,N01564,node,admin,9,node
ID_01090,identity,N00903,node,read,2,node
ID_01986,identity,N00599,node,execute,4,node
ID_01851,identity,N00981,node,admin,8,node
ID_01560,identity,N01287,node,access_secret,5,node
ID_01974,identity,N00805,node,impersonate,7,node
ID_00900,identity,N01993,node,write,2,node
ID_01650,identity,N01813,node,impersonate,6,node
ID_01664,identity,N01607,node,impersonate,6,node
ID_00286,identity,N01177,node,impersonate,8,node
ID_01358,identity,N00581,node,write,2,node
ID_01827,identity,N01141,node,access_secret,7,tenant
ID_00118,identity,N00058,node,write,2,node
ID_00905,identity,N00476,node,modify_config,5,tenant
ID_00911,identity,N00179,node,execute,3,node
ID_00085,identity,N01497,node,execute,4,node
ID_00875,identity,N00049,node,impersonate,6,node
ID_00078,identity,N00006,node,write,2,node
ID_00298,identity,N01680,node,admin,7,node
ID_00050,identity,N01190,node,access_secret,6,tenant
ID_00655,identity,N01407,node,write,3,node
ID_00399,identity,N01713,node,admin,7,node
ID_01417,identity,N01248,node,execute,4,node
ID_00094,identity,N01899,node,modify_config,4,node
ID_01128,identity,N00578,node,modify_config,5,node
ID_01992,identity,N00332,node,admin,7,zone
ID_00681,identity,N01859,node,read,2,node
ID_01347,identity,N00054,node,read,2,tenant
ID_00022,identity,N01163,node,write,3,node
ID_00921,identity,N00980,node,read,1,node
ID_00309,identity,N01326,node,access_secret,7,zone
ID_01172,identity,N01599,node,admin,7,node
ID_01928,identity,N00788,node,access_secret,6,node
ID_00262,identity,N01661,node,read,1,node
ID_00154,identity,N00870,node,admin,8,zone
ID_01875,identity,N01636,node,execute,3,node
ID_01473,identity,N00599,node,execute,4,node
ID_00010,identity,N00266,node,write,3,node
ID_00307,identity,N01167,node,modify_config,4,node
ID_01344,identity,N01241,node,impersonate,8,node
ID_01736,identity,N00887,node,access_secret,5,node
ID_01794,identity,N01790,node,admin,7,zone
ID_01478,identity,N00705,node,impersonate,8,node
ID_00994,identity,N01040,node,impersonate,7,tenant
ID_00899,identity,N00749,node,read,1,node
ID_01447,identity,N01884,node,execute,4,zone
ID_00051,identity,N00784,node,execute,3,node
ID_01408,identity,N00028,node,write,2,node
ID_01289,identity,N01656,node,execute,4,node
ID_00423,identity,N01035,node,modify_config,6,zone
ID_00331,identity,N01843,node,execute,4,node
ID_01612,identity,N01717,node,impersonate,6,zone
ID_01387,identity,N01408,node,modify_config,4,zone
ID_00586,identity,N00474,node,impersonate,8,node
ID_00473,identity,N01479,node,access_secret,5,zone
ID_01652,identity,N01598,node,admin,10,node
ID_00824,identity,N00735,node,access_secret,5,zone
ID_01311,identity,N00397,node,admin,10,node
ID_01854,identity,N00360,node,admin,10,zone
ID_00749,identity,N00391,node,admin,7,node
ID_00724,identity,N01720,node,impersonate,8,node
ID_01012,identity,N00769,node,access_secret,5,zone
ID_01183,identity,N00507,node,impersonate,8,node
ID_00424,identity,N01470,node,write,3,node
ID_00762,identity,N01627,node,read,1,global
ID_00959,identity,N00972,node,execute,3,node
ID_01247,identity,N01350,node,admin,10,node
ID_00614,identity,N00308,node,execute,4,node
ID_01023,identity,N01032,node,impersonate,6,zone
ID_00138,identity,N01540,node,read,1,node
ID_00763,identity,N01161,node,modify_config,5,node
ID_00463,identity,N00973,node,impersonate,8,node
ID_00038,identity,N01239,node,access_secret,5,node
ID_01919,identity,N01308,node,modify_config,6,node
ID_01693,identity,N00391,node,read,2,node
ID_00359,identity,N01485,node,modify_config,4,node
ID_01912,identity,N00597,node,write,2,zone
ID_01338,identity,N01306,node,impersonate,6,node
ID_00365,identity,N00108,node,access_secret,6,zone
ID_00015,identity,N01526,node,write,2,zone
ID_00936,identity,N01373,node,read,2,zone
ID_01466,identity,N00933,node,modify_config,4,zone
ID_01515,identity,N01959,node,impersonate,6,global
ID_00991,identity,N00639,node,impersonate,7,node
ID_00815,identity,N00871,node,impersonate,8,zone
ID_00843,identity,N00490,node,admin,8,node
ID_00322,identity,N00389,node,execute,4,node
ID_01856,identity,N00581,node,access_secret,5,node
ID_01280,identity,N01066,node,modify_config,4,global
ID_01919,identity,N01681,node,execute,3,node
ID_01233,identity,N00498,node,access_secret,6,zone
ID_01263,identity,N01531,node,execute,4,node
ID_01005,identity,N00362,node,impersonate,8,zone
ID_01902,identity,N00484,node,impersonate,8,node
ID_01066,identity,N00143,node,impersonate,8,node
ID_01458,identity,N00462,node,write,3,node
ID_01077,identity,N00283,node,write,3,node
ID_01219,identity,N00546,node,read,2,node
ID_00853,identity,N01965,node,admin,7,node
ID_01196,identity,N01650,node,access_secret,6,node
ID_00556,identity,N00143,node,access_secret,5,zone
ID_00809,identity,N01141,node,impersonate,8,node
ID_01689,identity,N00778,node,write,3,node
ID_00612,identity,N01332,node,read,2,node
ID_01012,identity,N00442,node,admin,10,node
ID_01240,identity,N00856,node,execute,3,node
ID_01248,identity,N00043,node,write,2,node
ID_00115,identity,N01339,node,read,2,node
ID_00936,identity,N00201,node,read,1,node
ID_00322,identity,N00267,node,read,2,node
ID_00579,identity,N01485,node,impersonate,6,node
ID_00607,identity,N00478,node,modify_config,5,node
ID_01590,identity,N00120,node,modify_config,4,zone
ID_01669,identity,N00210,node,read,2,tenant
ID_01541,identity,N01959,node,impersonate,6,node
ID_00704,identity,N00743,node,read,2,zone
ID_00502,identity,N01402,node,write,3,node
ID_01552,identity,N01241,node,write,2,node
ID_01936,identity,N01786,node,impersonate,8,zone
ID_01896,identity,N01591,node,modify_config,6,zone
ID_00655,identity,N00379,node,impersonate,7,node
ID_01244,identity,N00111,node,access_secret,7,node
ID_01833,identity,N01965,node,write,2,zone
ID_01370,identity,N00548,node,admin,10,node
ID_01669,identity,N01200,node,execute,4,node
ID_01946,identity,N00663,node,access_secret,5,node
ID_00755,identity,N00034,node,modify_config,5,zone
ID_00379,identity,N01406,node,modify_config,6,node
ID_01816,identity,N01881,node,execute,3,node
ID_00777,identity,N01696,node,modify_config,5,node
ID_00420,identity,N00576,node,admin,10,node
ID_01184,identity,N00737,node,execute,3,node
ID_01638,identity,N00236,node,access_secret,6,node
ID_01287,identity,N00646,node,modify_config,5,node
ID_01186,identity,N01912,node,write,2,node
ID_00606,identity,N01095,node,write,3,node
ID_00655,identity,N00965,node,modify_config,6,node
ID_01771,identity,N00750,node,read,2,node
ID_01901,identity,N01009,node,impersonate,8,node
ID_01764,identity,N00722,node,execute,3,tenant
ID_01475,identity,N01789,node,write,3,zone
ID_00439,identity,N00318,node,write,3,zone
ID_00866,identity,N01929,node,access_secret,6,zone
ID_00490,identity,N00018,node,write,2,node
ID_00004,identity,N00813,node,access_secret,5,zone
ID_01409,identity,N00776,node,admin,9,zone
ID_01770,identity,N00479,node,impersonate,8,node
ID_00875,identity,N00381,node,admin,8,tenant
ID_01862,identity,N00759,node,modify_config,6,node
ID_01138,identity,N00350,node,impersonate,6,zone
ID_00575,identity,N00530,node,execute,4,zone
ID_01084,identity,N01457,node,modify_config,6,zone
ID_01612,identity,N01106,node,execute,3,node
ID_01057,identity,N00273,node,read,1,zone
ID_00059,identity,N01990,node,execute,3,node
ID_00805,identity,N00802,node,execute,4,node
ID_00921,identity,N00366,node,read,1,node
ID_00725,identity,N00214,node,access_secret,6,node
ID_00633,identity,N01303,node,access_secret,6,node
ID_01673,identity,N00193,node,read,1,tenant
ID_01035,identity,N01425,node,write,3,zone
ID_01352,identity,N01115,node,write,3,zone
ID_00200,identity,N00994,node,admin,9,node
ID_00510,identity,N00314,node,execute,4,node
ID_00252,identity,N00202,node,modify_config,5,node
ID_01875,identity,N01352,node,admin,8,node
ID_01810,identity,N01502,node,impersonate,7,node
ID_00948,identity,N00476,node,modify_config,5,node
ID_01927,identity,N01832,node,admin,10,node
ID_00306,identity,N01978,node,access_secret,7,node
ID_01778,identity,N00508,node,impersonate,6,node
ID_00068,identity,N01879,node,access_secret,7,zone
ID_01424,identity,N01845,node,execute,3,node
ID_01822,identity,N01872,node,admin,10,global
ID_01246,identity,N01866,node,read,1,zone
ID_00009,identity,N01597,node,execute,4,node
ID_01816,identity,N00284,node,admin,9,node
ID_00054,identity,N01664,node,admin,9,node
ID_00152,identity,N00316,node,access_secret,7,node
ID_01430,identity,N00151,node,impersonate,8,node
ID_00291,identity,N01725,node,admin,10,node
ID_01261,identity,N02000,node,admin,7,node
ID_01335,identity,N00097,node,execute,3,node
ID_01891,identity,N00903,node,write,3,node
ID_01798,identity,N01324,node,read,2,node
ID_01698,identity,N01825,node,impersonate,6,node
ID_01232,identity,N01899,node,execute,4,node
ID_01941,identity,N01565,node,impersonate,7,node
ID_01260,identity,N01971,node,execute,4,zone
ID_01782,identity,N01175,node,impersonate,8,node
ID_01037,identity,N01131,node,admin,10,node
ID_01742,identity,N00628,node,access_secret,6,zone
ID_01649,identity,N01111,node,impersonate,8,node
ID_01511,identity,N01887,node,access_secret,6,node
ID_00799,identity,N01817,node,read,1,node
ID_01502,identity,N00558,node,impersonate,7,node
ID_01260,identity,N00758,node,execute,3,node
ID_00297,identity,N00011,node,execute,4,node
ID_01379,identity,N01040,node,impersonate,8,node
ID_00268,identity,N00561,node,modify_config,6,node
ID_01062,identity,N01500,node,execute,4,node
ID_01204,identity,N00706,node,write,2,node
ID_00953,identity,N00531,node,write,3,node
ID_00692,identity,N01597,node,access_secret,6,node
ID_00344,identity,N00461,node,execute,4,zone
ID_01130,identity,N00059,node,execute,3,zone
ID_01715,identity,N00486,node,admin,8,zone
ID_01255,identity,N00042,node,access_secret,6,node
ID_01481,identity,N01649,node,admin,10,node
ID_01307,identity,N01458,node,admin,9,tenant
ID_00221,identity,N01779,node,impersonate,7,node
ID_00892,identity,N01521,node,write,2,node
ID_01965,identity,N01639,node,execute,3,node
ID_00619,identity,N01410,node,access_secret,7,node
ID_00229,identity,N01469,node,impersonate,8,tenant
ID_01420,identity,N01316,node,impersonate,7,node
ID_01470,identity,N00903,node,write,3,zone
ID_01872,identity,N01060,node,read,2,node
ID_01856,identity,N00667,node,access_secret,5,node
ID_00676,identity,N01310,node,admin,10,node
ID_00670,identity,N01442,node,admin,10,node
ID_01931,identity,N00010,node,access_secret,5,node
ID_01224,identity,N01723,node,write,2,zone
ID_01993,identity,N01305,node,read,2,node
ID_00293,identity,N01710,node,admin,8,zone
ID_01238,identity,N00021,node,execute,4,node
ID_01486,identity,N00934,node,execute,4,node
ID_01228,identity,N00056,node,access_secret,5,node
ID_01907,identity,N01894,node,impersonate,7,node
ID_00960,identity,N00752,node,admin,7,node
ID_01199,identity,N00330,node,modify_config,5,node
ID_01600,identity,N00031,node,admin,7,tenant
ID_01683,identity,N01645,node,admin,10,tenant
ID_01113,identity,N00747,node,execute,3,node
ID_00515,identity,N00211,node,impersonate,7,zone
ID_01650,identity,N01801,node,execute,4,zone
ID_01313,identity,N00345,node,access_secret,7,zone
ID_00513,identity,N00696,node,read,2,node
ID_01432,identity,N01304,node,access_secret,6,node
ID_01257,identity,N00898,node,admin,7,zone
ID_01911,identity,N00751,node,modify_config,5,zone
ID_00571,identity,N01110,node,execute,4,tenant
ID_01117,identity,N01415,node,execute,4,node
ID_00044,identity,N01742,node,access_secret,6,node
ID_00411,identity,N01439,node,admin,8,node
ID_01077,identity,N00712,node,admin,10,node
ID_01816,identity,N01468,node,execute,3,node
ID_00306,identity,N00968,node,write,2,node
ID_00278,identity,N01934,node,impersonate,8,node
ID_00730,identity,N00773,node,modify_config,6,node
ID_01300,identity,N01785,node,write,3,node
ID_00924,identity,N01370,node,execute,3,node
ID_00363,identity,N01104,node,access_secret,5,node
ID_01646,identity,N01211,node,admin,10,zone
ID_00153,identity,N01397,node,execute,3,zone
ID_01850,identity,N01811,node,modify_config,4,zone
ID_01837,identity,N00459,node,access_secret,5,node
ID_00062,identity,N01739,node,read,1,node
ID_00774,identity,N01376,node,impersonate,6,node
ID_00897,identity,N01118,node,execute,4,node
ID_01891,identity,N00912,node,write,2,node
ID_01373,identity,N01682,node,impersonate,6,zone
ID_01676,identity,N01361,node,write,2,node
ID_01241,identity,N00321,node,write,3,zone
ID_01056,identity,N00962,node,modify_config,4,zone
ID_01314,identity,N01371,node,execute,3,node
ID_00223,identity,N00797,node,admin,9,node
ID_00426,identity,N01373,node,write,3,node
ID_01249,identity,N01881,node,modify_config,6,node
ID_01355,identity,N00181,node,execute,3,node
ID_01055,identity,N01529,node,admin,8,node
ID_00157,identity,N01724,node,modify_config,5,zone
ID_00026,identity,N00316,node,read,2,node
ID_00425,identity,N00087,node,execute,3,node
ID_01426,identity,N01822,node,admin,8,node
ID_00392,identity,N01283,node,admin,7,global
ID_00153,identity,N00531,node,execute,4,tenant
ID_00004,identity,N01440,node,modify_config,4,zone
ID_00879,identity,N01801,node,modify_config,6,node
ID_01537,identity,N01154,node,read,1,node
ID_00675,identity,N01044,node,execute,4,node
ID_01841,identity,N01958,node,read,2,node
ID_01430,identity,N01354,node,modify_config,6,node
ID_01042,identity,N01932,node,write,3,node
ID_01699,identity,N01343,node,execute,3,global
ID_01003,identity,N01369,node,access_secret,6,tenant
ID_01164,identity,N01279,node,admin,10,node
ID_00236,identity,N01493,node,modify_config,5,node
ID_01723,identity,N00450,node,read,2,node
ID_01691,identity,N00689,node,read,2,node
ID_00764,identity,N00932,node,admin,8,node
ID_01027,identity,N00800,node,read,2,node
ID_00888,identity,N01940,node,impersonate,6,node
ID_00855,identity,N00401,node,access_secret,6,node
ID_00496,identity,N00091,node,modify_config,6,node
ID_00467,identity,N01683,node,execute,4,node
ID_00889,identity,N00189,node,execute,4,zone
ID_01194,identity,N00522,node,read,2,zone
ID_01436,identity,N01601,node,read,1,zone
ID_01116,identity,N01424,node,read,1,zone
ID_00180,identity,N00098,node,impersonate,7,node
ID_00909,identity,N01424,node,write,3,node
ID_00070,identity,N00702,node,read,2,node
ID_01657,identity,N00735,node,execute,4,tenant
ID_01462,identity,N01582,node,modify_config,6,node
ID_00771,identity,N01616,node,admin,10,node
ID_00913,identity,N01099,node,modify_config,6,tenant
ID_01125,identity,N00812,node,admin,9,node
ID_00298,identity,N00177,node,execute,4,node
ID_01437,identity,N00699,node,modify_config,5,node
ID_01305,identity,N00581,node,read,1,node
ID_01725,identity,N01832,node,write,3,node
ID_01506,identity,N00456,node,access_secret,5,node
ID_00689,identity,N01910,node,access_secret,7,node
ID_00862,identity,N01826,node,read,2,node
ID_00211,identity,N00576,node,read,1,global
ID_01465,identity,N01084,node,modify_config,6,node
ID_00624,identity,N00092,node,admin,8,node
ID_01716,identity,N00614,node,modify_config,6,node
ID_01068,identity,N01300,node,read,1,node
ID_00816,identity,N01207,node,modify_config,4,zone
ID_00533,identity,N00942,node,execute,3,zone
ID_00286,identity,N01297,node,execute,3,node
ID_00141,identity,N01896,node,execute,4,tenant
ID_01897,identity,N00494,node,read,1,node
ID_01909,identity,N01998,node,impersonate,6,node
ID_01213,identity,N00539,node,modify_config,5,node
ID_01886,identity,N00902,node,access_secret,7,node
ID_00603,identity,N00636,node,modify_config,4,node
ID_00363,identity,N01082,node,admin,8,node
ID_01275,identity,N01675,node,admin,7,node
ID_00042,identity,N00742,node,admin,8,node
ID_00106,identity,N00928,node,modify_config,5,node
ID_00798,identity,N01804,node,admin,9,node
ID_01162,identity,N01850,node,read,1,node
ID_00107,identity,N01736,node,admin,7,node
ID_00375,identity,N00030,node,access_secret,6,node
ID_00938,identity,N00822,node,execute,3,zone
ID_01979,identity,N00148,node,impersonate,7,node
ID_01142,identity,N00221,node,write,3,node
ID_00836,identity,N00563,node,access_secret,5,node
ID_00512,identity,N00328,node,access_secret,5,tenant
ID_00624,identity,N01938,node,impersonate,8,node
ID_00785,identity,N01048,node,write,2,node
ID_01185,identity,N01511,node,read,1,node
ID_01501,identity,N01931,node,admin,7,node
ID_00839,identity,N00825,node,modify_config,6,node
ID_01765,identity,N00213,node,access_secret,7,node
ID_00412,identity,N01063,node,impersonate,7,node
ID_01799,identity,N00744,node,execute,4,zone
ID_00715,identity,N00009,node,write,3,node
ID_00928,identity,N01591,node,impersonate,6,node
ID_01250,identity,N00744,node,admin,8,zone
ID_00090,identity,N01951,node,execute,3,node
ID_00726,identity,N01593,node,modify_config,6,zone
ID_01678,identity,N01599,node,execute,3,node
ID_00149,identity,N00271,node,modify_config,4,node
ID_01614,identity,N00387,node,impersonate,8,node
ID_00401,identity,N00503,node,admin,9,node
ID_01148,identity,N00896,node,impersonate,6,node
ID_01253,identity,N00201,node,access_secret,6,zone
ID_01156,identity,N01754,node,modify_config,5,node
ID_01173,identity,N01906,node,write,3,node
ID_01711,identity,N00343,node,write,2,tenant
ID_00508,identity,N00885,node,read,2,node
ID_00202,identity,N00362,node,access_secret,5,node
ID_01197,identity,N01033,node,execute,3,node
ID_00064,identity,N01870,node,execute,3,node
ID_01215,identity,N01006,node,impersonate,7,node
ID_01087,identity,N01817,node,access_secret,5,zone
ID_00509,identity,N01483,node,write,3,node
ID_01299,identity,N00672,node,access_secret,5,node
ID_01649,identity,N00239,node,read,1,zone
ID_00186,identity,N00333,node,modify_config,5,zone
ID_00955,identity,N01830,node,impersonate,6,node
ID_00058,identity,N01019,node,write,3,zone
ID_01395,identity,N00361,node,admin,7,tenant
ID_01801,identity,N01617,node,execute,4,node
ID_00495,identity,N00064,node,read,1,node
ID_00152,identity,N00196,node,read,1,node
ID_01952,identity,N01971,node,access_secret,7,tenant
ID_01954,identity,N01099,node,modify_config,6,node
ID_01459,identity,N00057,node,access_secret,6,node
ID_01627,identity,N01494,node,access_secret,7,node
ID_00290,identity,N01235,node,execute,3,node
ID_00906,identity,N01329,node,modify_config,6,node
ID_01530,identity,N00801,node,admin,9,node
ID_01491,identity,N01255,node,access_secret,5,zone
ID_01965,identity,N01915,node,execute,4,zone
ID_00452,identity,N00540,node,access_secret,5,node
ID_01525,identity,N01233,node,admin,10,node
ID_01864,identity,N00480,node,modify_config,4,node
ID_01597,identity,N00530,node,admin,9,node
ID_00220,identity,N00111,node,write,3,node
ID_01449,identity,N01681,node,admin,9,zone
ID_00885,identity,N01587,node,access_secret,5,node
ID_01070,identity,N00635,node,modify_config,6,node
ID_01106,identity,N01774,node,impersonate,8,node
ID_01001,identity,N00635,node,read,1,node
ID_00929,identity,N00399,node,execute,3,node
ID_01027,identity,N00834,node,read,2,node
ID_00316,identity,N00256,node,write,2,node
ID_00095,identity,N00763,node,read,1,zone
ID_00049,identity,N00349,node,access_secret,5,node
ID_00151,identity,N00002,node,execute,3,node
ID_01676,identity,N00100,node,write,2,zone
ID_01309,identity,N00495,node,read,2,node
ID_01523,identity,N01285,node,impersonate,8,node
ID_01309,identity,N01310,node,impersonate,8,node
ID_01147,identity,N01743,node,admin,9,node
ID_01383,identity,N01178,node,impersonate,6,zone
ID_01738,identity,N00348,node,impersonate,7,node
ID_00122,identity,N01934,node,write,2,node
ID_00646,identity,N01705,node,modify_config,5,node
ID_01211,identity,N00673,node,modify_config,4,zone
ID_01043,identity,N00720,node,admin,7,global
ID_00591,identity,N00801,node,access_secret,5,node
ID_01814,identity,N01400,node,access_secret,5,node
ID_00502,identity,N00756,node,access_secret,7,node
ID_01720,identity,N00026,node,impersonate,7,node
ID_00606,identity,N00951,node,admin,7,tenant
ID_01691,identity,N00456,node,access_secret,7,node
ID_00584,identity,N01504,node,impersonate,7,node
ID_01044,identity,N00710,node,read,1,node
ID_00890,identity,N00882,node,execute,3,node
ID_00740,identity,N01630,node,admin,9,node
ID_01700,identity,N01611,node,access_secret,7,zone
ID_00431,identity,N00173,node,impersonate,6,node
ID_01079,identity,N00079,node,modify_config,4,node
ID_00466,identity,N00826,node,execute,3,zone
ID_01859,identity,N01840,node,write,2,node
ID_00691,identity,N00973,node,read,1,node
ID_01864,identity,N00502,node,admin,10,node
ID_01529,identity,N01921,node,write,3,node
ID_01147,identity,N01387,node,modify_config,6,node
ID_01215,identity,N00619,node,read,1,node
ID_00935,identity,N01340,node,read,1,node
ID_01085,identity,N00989,node,read,1,node
ID_00823,identity,N00863,node,write,3,tenant
ID_01418,identity,N01503,node,impersonate,6,zone
ID_01627,identity,N00755,node,impersonate,6,node
ID_01813,identity,N01963,node,execute,3,node
ID_01972,identity,N01336,node,impersonate,7,zone
ID_01244,identity,N00191,node,read,2,node
ID_00867,identity,N00485,node,access_secret,5,global
ID_01905,identity,N01636,node,impersonate,6,node
ID_01472,identity,N01331,node,modify_config,5,zone
ID_00873,identity,N01859,node,read,2,node
ID_01340,identity,N00248,node,access_secret,5,node
ID_00188,identity,N01277,node,read,1,node
ID_01153,identity,N01845,node,execute,3,node
ID_01690,identity,N01021,node,write,2,zone
ID_00640,identity,N00570,node,read,1,node
ID_01550,identity,N00760,node,modify_config,4,node
ID_00752,identity,N01113,node,write,3,global
ID_01446,identity,N00798,node,write,3,node
ID_01079,identity,N00060,node,access_secret,7,node
ID_00072,identity,N00769,node,execute,4,node
ID_00927,identity,N01143,node,modify_config,6,node
ID_01927,identity,N00810,node,write,2,node
ID_00048,identity,N00902,node,read,1,node
ID_01410,identity,N00185,node,impersonate,6,node
ID_00976,identity,N00446,node,execute,3,node
ID_00413,identity,N00788,node,read,1,zone
ID_01102,identity,N00598,node,access_secret,7,node
ID_00456,identity,N01241,node,modify_config,4,node
ID_01077,identity,N00854,node,read,1,node
ID_01785,identity,N01019,node,modify_config,4,node
ID_00326,identity,N01375,node,execute,4,node
ID_00857,identity,N01078,node,execute,4,node
ID_01735,identity,N01093,node,read,2,global
ID_00612,identity,N01578,node,write,3,node
ID_01399,identity,N01756,node,access_secret,5,zone
ID_00592,identity,N00994,node,access_secret,5,node
ID_01273,identity,N00306,node,write,2,node
ID_00229,identity,N01848,node,write,3,zone
ID_01049,identity,N01060,node,write,3,zone
ID_00797,identity,N01819,node,write,3,node
ID_00887,identity,N01926,node,impersonate,6,node
ID_01166,identity,N01845,node,access_secret,5,zone
ID_00566,identity,N01357,node,execute,3,node
ID_00802,identity,N00426,node,admin,10,node
ID_01881,identity,N00031,node,impersonate,6,node
ID_00758,identity,N00549,node,execute,4,node
ID_01849,identity,N00626,node,read,2,zone
ID_01901,identity,N01168,node,impersonate,6,node
ID_01493,identity,N01227,node,impersonate,7,node
ID_00510,identity,N01216,node,execute,4,zone
ID_01448,identity,N01328,node,impersonate,7,node
ID_01400,identity,N00992,node,execute,4,node
ID_00709,identity,N01387,node,execute,3,node
ID_00450,identity,N00405,node,impersonate,7,node
ID_01539,identity,N01135,node,read,2,node
ID_01374,identity,N01961,node,execute,3,node
ID_00528,identity,N01036,node,write,3,node
ID_00203,identity,N01140,node,execute,4,zone
ID_01394,identity,N01306,node,access_secret,5,tenant
ID_01783,identity,N01976,node,read,1,node
ID_01531,identity,N00130,node,execute,4,node
ID_00851,identity,N00698,node,write,3,node
ID_01298,identity,N01633,node,impersonate,6,node
ID_00529,identity,N01721,node,modify_config,5,node
ID_01110,identity,N01900,node,modify_config,6,node
ID_01752,identity,N00266,node,admin,9,node
ID_00941,identity,N00925,node,read,2,zone
ID_00713,identity,N01796,node,admin,7,node
ID_01137,identity,N01856,node,access_secret,7,zone
ID_00343,identity,N01664,node,access_secret,7,node
ID_01417,identity,N00139,node,read,1,node
ID_00680,identity,N01885,node,execute,4,node
ID_01492,identity,N01270,node,write,3,zone
ID_01881,identity,N01280,node,impersonate,8,node
ID_00649,identity,N01197,node,impersonate,8,global
ID_00501,identity,N01266,node,modify_config,6,node
ID_01397,identity,N01814,node,admin,10,node
ID_01529,identity,N00795,node,read,1,zone
ID_01625,identity,N00242,node,impersonate,7,node
ID_00947,identity,N01439,node,impersonate,7,tenant
ID_01047,identity,N00070,node,access_secret,5,node
ID_01386,identity,N00738,node,read,2,node
ID_00796,identity,N01922,node,write,3,zone
ID_01333,identity,N00587,node,write,2,tenant
ID_01962,identity,N00486,node,admin,9,node
ID_00245,identity,N00315,node,admin,9,node
ID_00324,identity,N00818,node,access_secret,6,node
ID_01677,identity,N01231,node,execute,3,node
ID_01343,identity,N01039,node,write,3,node
ID_00792,identity,N01117,node,impersonate,8,zone
ID_01634,identity,N00117,node,read,2,node
ID_01355,identity,N01603,node,access_secret,6,node
ID_01808,identity,N01877,node,execute,4,node
ID_00309,identity,N01748,node,admin,9,node
ID_00886,identity,N01298,node,modify_config,5,node
ID_00632,identity,N00026,node,modify_config,4,node
ID_01056,identity,N01770,node,read,2,node
ID_00439,identity,N01543,node,write,2,tenant
ID_00788,identity,N01668,node,access_secret,6,node
ID_01210,identity,N00833,node,execute,4,node
ID_01800,identity,N01557,node,modify_config,6,zone
ID_01082,identity,N01431,node,admin,9,node
ID_00237,identity,N00969,node,access_secret,6,node
ID_01546,identity,N00732,node,read,1,node
ID_00286,identity,N01361,node,admin,9,zone
ID_00279,identity,N00180,node,write,3,node
ID_00496,identity,N01477,node,execute,3,zone
ID_00198,identity,N01796,node,modify_config,4,node
ID_00808,identity,N00733,node,access_secret,7,tenant
ID_00292,identity,N01714,node,admin,10,node
ID_01466,identity,N00400,node,impersonate,8,node
ID_00569,identity,N00712,node,modify_config,5,node
ID_01433,identity,N00562,node,modify_config,5,node
ID_00237,identity,N01946,node,read,2,node
ID_00528,identity,N00738,node,read,1,node
ID_00588,identity,N01445,node,read,2,zone
ID_00239,identity,N01563,node,write,3,zone
ID_00209,identity,N00195,node,read,1,node
ID_00244,identity,N00458,node,admin,8,node
ID_01744,identity,N01326,node,access_secret,7,global
ID_01640,identity,N01771,node,read,2,node
ID_00790,identity,N01507,node,admin,7,node
ID_01203,identity,N00796,node,admin,8,node
ID_00251,identity,N01042,node,execute,4,node
ID_00534,identity,N00279,node,admin,10,node
ID_00176,identity,N00551,node,admin,7,zone
ID_00095,identity,N01128,node,read,2,node
ID_01494,identity,N00929,node,execute,4,zone
ID_01227,identity,N00465,node,access_secret,6,node
ID_00609,identity,N01073,node,write,3,zone
ID_01778,identity,N01117,node,write,2,node
ID_01466,identity,N01771,node,impersonate,7,node
ID_01059,identity,N01332,node,admin,10,node
ID_01557,identity,N01848,node,access_secret,5,node
ID_00254,identity,N01181,node,access_secret,6,zone
ID_00107,identity,N00131,node,read,2,node
ID_00239,identity,N01251,node,impersonate,8,node
ID_01079,identity,N00710,node,read,2,node
ID_01806,identity,N01136,node,execute,4,node
ID_01925,identity,N01738,node,execute,3,node
ID_00446,identity,N01089,node,admin,8,zone
ID_01485,identity,N00158,node,impersonate,6,node
ID_01525,identity,N01746,node,read,2,global
ID_01174,identity,N01653,node,modify_config,5,node
ID_00621,identity,N01022,node,read,2,node
ID_01425,identity,N00666,node,modify_config,4,zone
ID_00773,identity,N00081,node,admin,10,node
ID_01353,identity,N01886,node,write,3,node
ID_01955,identity,N01789,node,read,1,node
ID_00236,identity,N01157,node,execute,4,node
ID_00882,identity,N00137,node,write,3,node
ID_00564,identity,N01633,node,write,3,zone
ID_01387,identity,N01308,node,admin,10,node
ID_00828,identity,N01676,node,execute,3,zone
ID_00664,identity,N00164,node,execute,4,tenant
ID_00415,identity,N01160,node,access_secret,6,node
ID_01090,identity,N00697,node,admin,7,node
ID_01478,identity,N00837,node,impersonate,7,node
ID_00877,identity,N00115,node,read,2,tenant
ID_01571,identity,N01774,node,execute,3,node
ID_00188,identity,N00914,node,admin,9,tenant
ID_00109,identity,N01380,node,read,1,node
ID_00669,identity,N01143,node,impersonate,6,node
ID_01548,identity,N01481,node,execute,4,node
ID_00434,identity,N01991,node,read,2,node
ID_00420,identity,N00928,node,read,2,node
ID_01862,identity,N01535,node,execute,4,zone
ID_00554,identity,N00285,node,admin,9,zone
ID_00891,identity,N00672,node,write,2,node
ID_00611,identity,N00016,node,admin,9,node
ID_00250,identity,N00485,node,write,2,zone
ID_01614,identity,N00092,node,write,3,global
ID_00421,identity,N01750,node,access_secret,5,node
ID_00371,identity,N01962,node,read,1,node
ID_01078,identity,N00374,node,admin,10,tenant
ID_00904,identity,N01789,node,admin,8,zone
ID_01196,identity,N00058,node,impersonate,6,node
ID_01155,identity,N01154,node,impersonate,7,node
ID_01293,identity,N00194,node,read,2,node
ID_01281,identity,N00755,node,access_secret,7,node
ID_00131,identity,N01202,node,admin,10,node
ID_01142,identity,N00655,node,impersonate,6,node
ID_01531,identity,N00966,node,impersonate,6,node
ID_01241,identity,N00022,node,read,1,node
ID_00729,identity,N01257,node,modify_config,6,zone
ID_01701,identity,N01097,node,access_secret,7,node
ID_01928,identity,N01341,node,impersonate,7,node
ID_00202,identity,N00341,node,execute,4,node
ID_01852,identity,N01820,node,impersonate,6,node
ID_00143,identity,N00033,node,write,3,node
ID_01194,identity,N01882,node,write,2,node
ID_01277,identity,N00639,node,impersonate,6,node
ID_01909,identity,N01764,node,access_secret,6,node
ID_01818,identity,N00303,node,impersonate,8,node
ID_01900,identity,N00736,node,impersonate,7,node
ID_00994,identity,N00785,node,read,1,node
ID_00228,identity,N00766,node,write,3,node
ID_00661,identity,N00542,node,admin,8,zone
ID_00151,identity,N01121,node,impersonate,7,node
ID_01582,identity,N00925,node,access_secret,6,zone
ID_01890,identity,N00724,node,admin,10,node
ID_00101,identity,N01445,node,admin,8,global
ID_01733,identity,N01982,node,access_secret,6,node
ID_00458,identity,N00021,node,write,3,node
ID_00377,identity,N00762,node,read,2,node
ID_00277,identity,N00105,node,write,2,node
ID_01402,identity,N00179,node,read,2,tenant
ID_00260,identity,N01706,node,write,2,node
ID_00351,identity,N01243,node,admin,8,node
ID_01212,identity,N01395,node,write,3,zone
ID_00871,identity,N01732,node,write,2,node
ID_00633,identity,N01735,node,write,3,tenant
ID_01828,identity,N00677,node,impersonate,7,node
ID_00744,identity,N01908,node,read,2,tenant
ID_00496,identity,N00879,node,execute,3,node
ID_00114,identity,N00231,node,access_secret,7,node
ID_00465,identity,N00838,node,write,2,node
ID_00254,identity,N01222,node,impersonate,7,node
ID_00670,identity,N00346,node,impersonate,7,node
ID_00577,identity,N00134,node,admin,10,node
ID_00954,identity,N01111,node,write,3,global
ID_01290,identity,N00045,node,access_secret,6,node
ID_01070,identity,N00842,node,modify_config,6,node
ID_01243,identity,N00046,node,access_secret,6,node
ID_01287,identity,N01813,node,impersonate,6,node
ID_01186,identity,N01293,node,execute,4,tenant
ID_00611,identity,N01143,node,admin,10,node
ID_00425,identity,N01864,node,execute,3,node
ID_01610,identity,N00086,node,impersonate,6,zone
ID_01277,identity,N00920,node,modify_config,6,node
ID_00428,identity,N01233,node,write,3,node
ID_01005,identity,N01295,node,access_secret,5,tenant
ID_00041,identity,N00453,node,execute,4,node
ID_01896,identity,N00075,node,write,2,node
ID_01402,identity,N00667,node,modify_config,6,node
ID_01404,identity,N00727,node,admin,9,node
ID_00379,identity,N00519,node,admin,10,node
ID_00082,identity,N00053,node,access_secret,7,tenant
ID_01977,identity,N01388,node,admin,10,zone
ID_01118,identity,N00270,node,impersonate,7,zone
ID_00205,identity,N00977,node,write,2,node
ID_01628,identity,N00206,node,read,1,node
ID_01595,identity,N01373,node,modify_config,6,node
ID_00142,identity,N00619,node,impersonate,6,node
ID_00276,identity,N00513,node,read,2,node
ID_01845,identity,N00796,node,admin,7,zone
ID_01888,identity,N01455,node,modify_config,6,node
ID_01198,identity,N01025,node,read,1,node
ID_01349,identity,N00739,node,read,2,node
ID_01548,identity,N01345,node,execute,4,node
ID_01593,identity,N01969,node,access_secret,6,node
ID_00797,identity,N00362,node,impersonate,8,node
ID_00235,identity,N00527,node,access_secret,6,node
ID_00485,identity,N00330,node,access_secret,5,node
ID_01554,identity,N01374,node,read,2,node
ID_00389,identity,N00760,node,impersonate,6,node
ID_00279,identity,N01760,node,write,3,node
ID_01258,identity,N00132,node,access_secret,6,node
ID_00646,identity,N00154,node,access_secret,6,node
ID_00391,identity,N00741,node,write,2,node
ID_00442,identity,N01773,node,access_secret,7,node
ID_00959,identity,N01621,node,write,3,node
ID_01383,identity,N00013,node,modify_config,6,zone
ID_00845,identity,N01106,node,write,3,node
ID_00157,identity,N00439,node,execute,3,node
ID_00713,identity,N00014,node,execute,3,node
ID_01264,identity,N00443,node,impersonate,6,zone
ID_00854,identity,N01316,node,impersonate,7,node
ID_01674,identity,N01851,node,access_secret,6,node
ID_01735,identity,N01215,node,read,1,node
ID_01638,identity,N01075,node,read,2,node
ID_00077,identity,N01357,node,admin,7,node
ID_00841,identity,N00015,node,admin,8,node
ID_01519,identity,N00418,node,write,2,node
ID_01354,identity,N00982,node,access_secret,7,zone
ID_01649,identity,N01188,node,modify_config,4,tenant
ID_01238,identity,N00826,node,read,1,tenant
ID_01725,identity,N01732,node,admin,9,node
ID_00735,identity,N00726,node,access_secret,5,node
ID_00446,identity,N00337,node,write,3,zone
ID_01265,identity,N01536,node,execute,4,zone
ID_00247,identity,N00619,node,execute,4,zone
ID_01570,identity,N00173,node,execute,3,node
ID_00421,identity,N00222,node,impersonate,6,node
ID_01184,identity,N01433,node,access_secret,7,node
ID_00593,identity,N00606,node,read,2,tenant
ID_00527,identity,N01372,node,write,3,node
ID_01424,identity,N00962,node,admin,9,node
ID_00819,identity,N00712,node,admin,7,tenant
ID_00618,identity,N00629,node,modify_config,4,tenant
ID_01317,identity,N00456,node,write,2,node
ID_00342,identity,N01351,node,execute,3,global
ID_00033,identity,N01828,node,access_secret,5,node
ID_00629,identity,N01055,node,modify_config,5,node
ID_01859,identity,N01679,node,write,2,node
ID_00048,identity,N01015,node,read,1,node
ID_01429,identity,N00481,node,modify_config,5,zone
ID_01431,identity,N00086,node,impersonate,6,zone
ID_00604,identity,N00563,node,impersonate,7,tenant
ID_00645,identity,N01260,node,modify_config,6,node
ID_01702,identity,N00683,node,access_secret,6,node
ID_01339,identity,N01094,node,admin,8,zone
ID_00306,identity,N01938,node,access_secret,6,node
ID_00010,identity,N00878,node,access_secret,7,node
ID_01057,identity,N01819,node,admin,8,zone
ID_01529,identity,N01488,node,admin,10,zone
ID_00588,identity,N00525,node,write,2,zone
ID_01619,identity,N01298,node,execute,3,node
ID_00266,identity,N00802,node,impersonate,6,node
ID_00206,identity,N00204,node,modify_config,4,node
ID_01772,identity,N00054,node,modify_config,4,node
ID_00375,identity,N01465,node,write,3,zone
ID_01373,identity,N00708,node,admin,8,node
ID_00290,identity,N00687,node,modify_config,5,zone
ID_01205,identity,N01420,node,execute,4,node
ID_00315,identity,N01672,node,modify_config,4,node
ID_01644,identity,N01554,node,modify_config,6,tenant
ID_00270,identity,N01197,node,admin,8,node
ID_01681,identity,N00931,node,write,2,node
ID_01396,identity,N00298,node,impersonate,7,node
ID_00201,identity,N01525,node,access_secret,5,node
ID_00795,identity,N01670,node,write,3,node
ID_01678,identity,N00659,node,read,2,zone
ID_00824,identity,N01036,node,impersonate,8,node
ID_01213,identity,N01648,node,access_secret,5,zone
ID_00312,identity,N01604,node,read,1,node
ID_01156,identity,N00907,node,modify_config,5,node
ID_00529,identity,N01301,node,read,1,tenant
ID_00197,identity,N00324,node,access_secret,5,node
ID_01869,identity,N01544,node,access_secret,5,node
ID_01114,identity,N00583,node,execute,4,zone
ID_00994,identity,N01058,node,admin,9,node
ID_01233,identity,N01863,node,read,1,node
ID_01465,identity,N01830,node,write,2,node
ID_01606,identity,N00122,node,admin,8,node
ID_00250,identity,N01665,node,write,3,node
ID_00366,identity,N01243,node,modify_config,5,node
ID_00509,identity,N01487,node,write,3,node
ID_00389,identity,N01573,node,execute,3,node
ID_00233,identity,N01813,node,read,1,node
ID_00377,identity,N01854,node,admin,9,node
ID_00508,identity,N00862,node,execute,4,node
ID_00987,identity,N01082,node,read,1,node
ID_00448,identity,N00753,node,modify_config,5,node
ID_01055,identity,N01932,node,write,2,global
ID_00303,identity,N00415,node,access_secret,5,zone
ID_00551,identity,N01234,node,execute,3,node
ID_01232,identity,N00514,node,read,1,tenant
ID_01114,identity,N01076,node,admin,7,node
ID_01683,identity,N00814,node,execute,4,node
ID_00234,identity,N00819,node,execute,3,node
ID_00822,identity,N00395,node,execute,4,node
ID_01276,identity,N01164,node,execute,4,node
ID_01204,identity,N00430,node,write,3,tenant
ID_00347,identity,N01893,node,write,2,zone
ID_00880,identity,N01297,node,read,1,node
ID_01416,identity,N01895,node,impersonate,6,node
ID_01818,identity,N00538,node,write,2,zone
ID_01819,identity,N00987,node,impersonate,8,node
ID_00098,identity,N00051,node,execute,4,node
ID_00311,identity,N01454,node,admin,7,node
ID_01087,identity,N00845,node,modify_config,6,node
ID_01211,identity,N01056,node,admin,7,node
ID_00446,identity,N01990,node,execute,4,node
ID_01599,identity,N01822,node,write,3,node
ID_01985,identity,N00336,node,modify_config,6,node
ID_00105,identity,N01134,node,impersonate,6,zone
ID_00283,identity,N00510,node,execute,3,node
ID_00395,identity,N00254,node,write,3,node
ID_01795,identity,N01007,node,impersonate,7,node
ID_01341,identity,N01283,node,execute,3,node
ID_01393,identity,N00579,node,access_secret,5,node
ID_00039,identity,N00638,node,modify_config,6,node
ID_01593,identity,N01388,node,admin,9,node
ID_01094,identity,N01731,node,read,1,node
ID_01744,identity,N00860,node,execute,4,node
ID_01933,identity,N00721,node,modify_config,5,node
ID_00973,identity,N01100,node,write,2,node
ID_01948,identity,N00683,node,admin,8,zone
ID_00936,identity,N01699,node,execute,4,tenant
ID_01817,identity,N00302,node,execute,4,tenant
ID_00031,identity,N00778,node,access_secret,5,node
ID_00472,identity,N01861,node,write,2,node
ID_00814,identity,N00379,node,impersonate,8,node
ID_01432,identity,N01905,node,read,2,node
ID_00606,identity,N00431,node,modify_config,6,zone
ID_00556,identity,N01009,node,access_secret,7,node
ID_01015,identity,N00602,node,write,2,node
ID_01832,identity,N01152,node,write,2,node
ID_00468,identity,N00419,node,read,2,zone
ID_01816,identity,N00910,node,write,2,node
ID_00555,identity,N00665,node,impersonate,7,zone
ID_01399,identity,N01817,node,read,2,tenant
ID_00740,identity,N00051,node,modify_config,5,node
ID_00342,identity,N01570,node,access_secret,5,node
ID_01203,identity,N01351,node,write,3,tenant
ID_00265,identity,N00595,node,modify_config,4,node
ID_01266,identity,N00742,node,access_secret,7,node
ID_00858,identity,N01189,node,admin,7,node
ID_01318,identity,N01655,node,write,3,zone
ID_01530,identity,N00032,node,impersonate,8,zone
ID_00317,identity,N00317,node,read,1,tenant
ID_00910,identity,N01051,node,execute,3,zone
ID_00683,identity,N01275,node,modify_config,4,node
ID_00854,identity,N00036,node,impersonate,7,zone
ID_00632,identity,N00351,node,access_secret,5,tenant
ID_01225,identity,N01828,node,admin,8,node
ID_01292,identity,N01363,node,access_secret,5,node
ID_01087,identity,N00972,node,access_secret,5,node
ID_00301,identity,N01276,node,execute,4,node
ID_00778,identity,N01729,node,access_secret,6,zone
ID_01190,identity,N00961,node,read,2,node
ID_01311,identity,N00371,node,modify_config,4,node
ID_00045,identity,N00882,node,access_secret,5,tenant
ID_00167,identity,N01924,node,write,2,node
ID_01047,identity,N00725,node,access_secret,5,node
ID_01174,identity,N01882,node,execute,4,node
ID_00840,identity,N00764,node,admin,7,zone
ID_00652,identity,N01912,node,admin,9,node
ID_00537,identity,N01875,node,impersonate,8,zone
ID_00466,identity,N01208,node,read,1,zone
ID_00866,identity,N00271,node,access_secret,7,node
ID_00265,identity,N01993,node,modify_config,6,node
ID_00536,identity,N01974,node,execute,4,node
ID_01621,identity,N01695,node,read,2,zone
ID_00068,identity,N01413,node,impersonate,7,global
ID_00030,identity,N01280,node,read,2,node
ID_00601,identity,N00082,node,read,1,zone
ID_01191,identity,N01508,node,execute,4,node
ID_00574,identity,N01970,node,admin,10,tenant
ID_01835,identity,N01477,node,admin,8,node
ID_01301,identity,N00477,node,modify_config,5,node
ID_01901,identity,N00265,node,impersonate,8,node
ID_00507,identity,N00263,node,admin,10,node
ID_00023,identity,N01859,node,modify_config,6,node
ID_01672,identity,N00196,node,read,1,node
ID_01797,identity,N01149,node,modify_config,6,zone
ID_01646,identity,N01222,node,access_secret,7,node
ID_01162,identity,N01206,node,access_secret,7,zone
ID_00653,identity,N00814,node,write,3,node
ID_00718,identity,N01588,node,write,3,node
ID_00243,identity,N01928,node,admin,7,node
ID_00233,identity,N00150,node,modify_config,4,node
ID_00219,identity,N01247,node,access_secret,6,zone
ID_01192,identity,N00912,node,write,2,node
ID_01372,identity,N01493,node,admin,9,node
ID_01934,identity,N00392,node,admin,8,node
ID_01826,identity,N01228,node,impersonate,6,global
ID_01581,identity,N00595,node,admin,7,zone
ID_01303,identity,N01861,node,admin,9,node
ID_00398,identity,N01082,node,execute,3,zone
ID_01305,identity,N01340,node,admin,7,tenant
ID_01953,identity,N00695,node,admin,9,zone
ID_00357,identity,N00599,node,execute,4,node
ID_01115,identity,N01537,node,access_secret,6,node
ID_01931,identity,N01083,node,admin,8,node
ID_00647,identity,N00657,node,modify_config,6,node
ID_00050,identity,N00731,node,impersonate,6,node
ID_00302,identity,N01249,node,access_secret,6,node
ID_00287,identity,N00554,node,access_secret,6,zone
ID_01589,identity,N00759,node,read,2,node
ID_00178,identity,N00093,node,execute,4,node
ID_01038,identity,N00337,node,write,2,node
ID_00852,identity,N00080,node,read,2,node
ID_00242,identity,N01376,node,modify_config,6,zone
ID_00847,identity,N01249,node,modify_config,4,node
ID_01986,identity,N01587,node,write,3,node
ID_00066,identity,N00459,node,admin,9,node
ID_01421,identity,N01446,node,access_secret,6,zone
ID_00375,identity,N01564,node,execute,3,node
ID_00221,identity,N01537,node,access_secret,6,node
ID_00395,identity,N00809,node,access_secret,5,zone
ID_01610,identity,N00911,node,modify_config,4,node
ID_01730,identity,N01740,node,access_secret,7,node
ID_00655,identity,N00484,node,admin,10,node
ID_00910,identity,N01263,node,modify_config,5,tenant
ID_00194,identity,N00024,node,write,3,zone
ID_01174,identity,N01946,node,admin,7,zone
ID_00935,identity,N01833,node,read,2,zone
ID_01660,identity,N01834,node,admin,9,node
ID_01540,identity,N00076,node,access_secret,6,node
ID_01595,identity,N01467,node,access_secret,6,zone
ID_00021,identity,N00774,node,admin,10,node
ID_00670,identity,N00043,node,impersonate,8,tenant
ID_00059,identity,N00208,node,write,2,zone
ID_01260,identity,N00068,node,admin,8,zone
ID_00970,identity,N00057,node,write,3,zone
ID_01008,identity,N01454,node,admin,10,node
ID_01741,identity,N00391,node,access_secret,6,zone
ID_00231,identity,N00207,node,execute,3,node
ID_00625,identity,N00952,node,admin,8,node
ID_01872,identity,N00521,node,impersonate,6,zone
ID_01136,identity,N01371,node,modify_config,5,node
ID_00003,identity,N01516,node,execute,3,tenant
ID_00613,identity,N01887,node,write,3,global
ID_01918,identity,N01256,node,read,1,node
ID_01136,identity,N01251,node,modify_config,5,node
ID_00852,identity,N01650,node,read,1,node
ID_01446,identity,N00372,node,admin,10,node
ID_00568,identity,N00544,node,write,3,node
ID_00685,identity,N01847,node,access_secret,7,node
ID_00204,identity,N01668,node,impersonate,8,tenant
ID_01141,identity,N01364,node,read,1,tenant
ID_00312,identity,N01766,node,read,1,node
ID_01960,identity,N01580,node,modify_config,5,node
ID_01145,identity,N00755,node,write,2,zone
ID_01933,identity,N01454,node,modify_config,5,node
ID_01571,identity,N00598,node,impersonate,7,node
ID_01417,identity,N00812,node,read,2,node
ID_01230,identity,N00547,node,admin,10,node
ID_00022,identity,N00327,node,access_secret,6,tenant
ID_01211,identity,N01686,node,execute,4,zone
ID_01072,identity,N00199,node,access_secret,7,node
ID_00505,identity,N00005,node,impersonate,8,node
ID_00126,identity,N01019,node,access_secret,7,node
ID_01264,identity,N00964,node,access_secret,5,zone
ID_00233,identity,N01302,node,access_secret,6,node
ID_01959,identity,N00187,node,write,2,tenant
ID_00515,identity,N00199,node,execute,4,tenant
ID_01952,identity,N01598,node,access_secret,5,zone
ID_01749,identity,N00541,node,write,2,tenant
ID_01891,identity,N01572,node,impersonate,6,global
ID_00161,identity,N00110,node,write,3,zone
ID_01124,identity,N01426,node,modify_config,5,node
ID_00477,identity,N01831,node,impersonate,8,node
ID_01465,identity,N00170,node,modify_config,5,node
ID_00297,identity,N00536,node,access_secret,6,zone
ID_01180,identity,N01147,node,read,1,node
ID_00176,identity,N00153,node,modify_config,4,node
ID_00396,identity,N00616,node,execute,3,node
ID_00914,identity,N01190,node,admin,10,zone
ID_01117,identity,N01001,node,impersonate,6,zone
ID_01790,identity,N00678,node,write,3,node
ID_01865,identity,N01170,node,admin,9,zone
ID_01261,identity,N01082,node,access_secret,5,node
ID_01714,identity,N00007,node,execute,3,node
ID_00770,identity,N01245,node,access_secret,5,node
ID_01871,identity,N01416,node,write,3,node
ID_00456,identity,N00056,node,execute,3,node
ID_00714,identity,N00689,node,execute,4,zone
ID_00303,identity,N01227,node,modify_config,5,zone
ID_00421,identity,N00797,node,modify_config,6,node
ID_00180,identity,N00416,node,impersonate,8,node
ID_00688,identity,N01245,node,admin,7,node
ID_00315,identity,N01840,node,access_secret,7,node
ID_00468,identity,N01418,node,admin,8,node
ID_01008,identity,N00432,node,admin,7,node
ID_01772,identity,N00586,node,write,3,zone
ID_01681,identity,N00341,node,execute,3,node
ID_01583,identity,N00736,node,write,3,zone
ID_00912,identity,N00229,node,admin,10,node
ID_00662,identity,N01460,node,read,2,node
ID_01573,identity,N01426,node,execute,4,node
ID_01025,identity,N00985,node,access_secret,7,node
ID_01037,identity,N01268,node,modify_config,4,tenant
ID_00502,identity,N00638,node,admin,8,node
ID_01373,identity,N01004,node,impersonate,8,node
ID_00114,identity,N01833,node,execute,4,node
ID_01053,identity,N01070,node,write,3,tenant
ID_00590,identity,N01162,node,admin,7,node
ID_00994,identity,N01673,node,access_secret,5,node
ID_00825,identity,N00181,node,impersonate,6,node
ID_01625,identity,N00177,node,access_secret,6,tenant
ID_00567,identity,N01034,node,impersonate,6,zone
ID_00573,identity,N01530,node,modify_config,5,node
ID_01597,identity,N00548,node,modify_config,6,node
ID_01128,identity,N01322,node,modify_config,6,node
ID_01149,identity,N00953,node,write,3,tenant
ID_00820,identity,N00258,node,execute,4,zone
ID_00292,identity,N00938,node,access_secret,7,global
ID_01597,identity,N01045,node,impersonate,6,tenant
ID_00225,identity,N00226,node,modify_config,5,node
ID_00208,identity,N01514,node,access_secret,5,node
ID_00006,identity,N01320,node,admin,10,zone
ID_01883,identity,N00956,node,modify_config,6,zone
ID_01234,identity,N01486,node,execute,3,node
ID_01717,identity,N00457,node,admin,9,node
ID_00433,identity,N00055,node,execute,3,zone
ID_00729,identity,N01718,node,write,3,node
ID_00495,identity,N00960,node,modify_config,5,node
ID_00062,identity,N00963,node,write,3,node
ID_00564,identity,N00385,node,modify_config,5,node
ID_00712,identity,N00750,node,access_secret,5,zone
ID_00922,identity,N00467,node,modify_config,6,zone
ID_01214,identity,N00237,node,write,3,node
ID_01928,identity,N00053,node,admin,8,node
ID_01724,identity,N00967,node,impersonate,6,node
ID_00256,identity,N00898,node,modify_config,6,node
ID_00069,identity,N00619,node,read,1,tenant
ID_01076,identity,N01540,node,execute,3,zone
ID_01759,identity,N01384,node,write,2,node
ID_01852,identity,N01481,node,impersonate,6,zone
ID_01159,identity,N01027,node,read,1,node
ID_01315,identity,N00374,node,write,3,global
ID_00254,identity,N00088,node,admin,9,node
ID_01974,identity,N01666,node,execute,4,zone
ID_00719,identity,N00594,node,read,2,node
ID_00607,identity,N00295,node,read,1,node
ID_01326,identity,N01626,node,admin,7,node
ID_01959,identity,N01969,node,read,1,tenant
ID_00828,identity,N00952,node,admin,9,node
ID_00035,identity,N00991,node,write,2,zone
ID_01002,identity,N00441,node,access_secret,7,zone
ID_01664,identity,N00558,node,read,1,global
ID_00947,identity,N00137,node,write,3,node
ID_00128,identity,N00651,node,modify_config,5,zone
ID_01052,identity,N00380,node,impersonate,7,zone
ID_00949,identity,N01806,node,admin,10,node
ID_01103,identity,N00741,node,read,2,node
ID_00030,identity,N00887,node,write,3,global
ID_01702,identity,N01807,node,read,1,zone
ID_00020,identity,N00620,node,modify_config,4,zone
ID_00645,identity,N00733,node,modify_config,4,node
ID_00033,identity,N01991,node,write,2,node
ID_01081,identity,N01534,node,admin,10,node
ID_01203,identity,N01695,node,write,2,node
ID_01463,identity,N00122,node,admin,8,node
ID_00515,identity,N01417,node,admin,9,node
ID_01002,identity,N00894,node,admin,10,node
ID_00953,identity,N00900,node,read,1,node
ID_01202,identity,N01746,node,impersonate,6,zone
ID_01465,identity,N00851,node,impersonate,6,tenant
ID_00552,identity,N00431,node,execute,3,node
ID_01344,identity,N00243,node,impersonate,8,node
ID_00918,identity,N01382,node,modify_config,4,node
ID_00306,identity,N01092,node,execute,4,node
ID_00326,identity,N01439,node,admin,8,node
ID_00875,identity,N00851,node,write,3,tenant
ID_01051,identity,N01582,node,read,2,node
ID_00722,identity,N01614,node,admin,7,tenant
ID_00560,identity,N00823,node,read,2,zone
ID_00280,identity,N00817,node,read,1,node
ID_00308,identity,N00070,node,read,1,zone
ID_01213,identity,N00066,node,impersonate,6,node
ID_00312,identity,N00707,node,modify_config,6,tenant
ID_01568,identity,N01794,node,write,3,node
ID_01055,identity,N01769,node,write,2,node
ID_01333,identity,N01458,node,write,2,node
ID_00573,identity,N00865,node,execute,3,tenant
ID_01745,identity,N00143,node,execute,4,node
ID_00787,identity,N01926,node,modify_config,6,node
ID_00315,identity,N00807,node,modify_config,5,node
ID_00323,identity,N01169,node,write,3,zone
ID_00299,identity,N00090,node,execute,3,node
ID_00386,identity,N01374,node,read,2,node
ID_01835,identity,N00109,node,execute,4,node
ID_00394,identity,N00108,node,impersonate,7,node
ID_00744,identity,N01783,node,impersonate,7,global
ID_00998,identity,N01665,node,modify_config,5,node
ID_01105,identity,N01252,node,execute,4,zone
ID_01208,identity,N00912,node,impersonate,6,zone
ID_00570,identity,N01137,node,read,2,node
ID_01417,identity,N01194,node,read,2,node
ID_01234,identity,N01686,node,modify_config,4,node
ID_01196,identity,N00887,node,execute,4,zone
ID_01536,identity,N01367,node,execute,3,node
ID_01351,identity,N00581,node,impersonate,6,zone
ID_01232,identity,N01150,node,admin,9,node
ID_01749,identity,N00949,node,access_secret,6,node
ID_00539,identity,N01362,node,access_secret,6,node
ID_00116,identity,N01017,node,access_secret,5,node
ID_01511,identity,N00635,node,access_secret,5,node
ID_00452,identity,N00736,node,write,3,node
ID_01954,identity,N00656,node,execute,3,node
ID_00896,identity,N01179,node,modify_config,4,node
ID_00145,identity,N00408,node,access_secret,6,node
ID_01240,identity,N00893,node,read,2,node
ID_01732,identity,N00289,node,modify_config,4,node
ID_00375,identity,N01372,node,read,1,node
ID_01835,identity,N00991,node,modify_config,5,node
ID_00464,identity,N01548,node,execute,4,node
ID_00777,identity,N01555,node,read,1,node
ID_00382,identity,N00187,node,read,1,node
ID_01489,identity,N00748,node,read,1,node
ID_01624,identity,N01726,node,access_secret,7,node
ID_01592,identity,N01310,node,execute,3,node
ID_00178,identity,N00988,node,execute,4,node
ID_01707,identity,N00137,node,write,2,node
ID_00507,identity,N00574,node,write,3,tenant
ID_00287,identity,N01766,node,impersonate,8,zone
ID_00907,identity,N01749,node,modify_config,4,node
ID_00596,identity,N00690,node,read,1,node
ID_00161,identity,N01158,node,impersonate,6,zone
ID_00347,identity,N00637,node,write,3,zone
ID_01956,identity,N00595,node,admin,10,node
ID_00442,identity,N01900,node,admin,8,node
ID_00785,identity,N01850,node,execute,4,zone
ID_01098,identity,N00998,node,modify_config,6,node
ID_00373,identity,N00064,node,execute,3,node
ID_00069,identity,N00505,node,read,2,node
ID_01974,identity,N01935,node,modify_config,5,node
ID_00838,identity,N01238,node,access_secret,5,node
ID_00648,identity,N00020,node,impersonate,7,node
ID_01105,identity,N00932,node,admin,8,node
ID_01492,identity,N00677,node,read,1,node
ID_01451,identity,N01900,node,read,2,node
ID_01596,identity,N01540,node,read,2,node
ID_01489,identity,N01654,node,impersonate,7,zone
ID_00195,identity,N01398,node,access_secret,7,node
ID_00363,identity,N01317,node,read,2,tenant
ID_00791,identity,N00499,node,admin,10,tenant
ID_00533,identity,N00774,node,execute,3,zone
ID_01124,identity,N00032,node,impersonate,7,zone
ID_01041,identity,N00432,node,execute,4,node
ID_01461,identity,N01716,node,access_secret,6,node
ID_00577,identity,N00455,node,read,2,zone
ID_00883,identity,N00871,node,execute,4,zone
ID_01837,identity,N01301,node,write,3,zone
ID_00125,identity,N00427,node,write,2,node
ID_00062,identity,N00668,node,modify_config,4,zone
ID_00194,identity,N01902,node,modify_config,4,zone
ID_00650,identity,N00355,node,admin,7,global
ID_00948,identity,N00593,node,write,3,node
ID_01512,identity,N01530,node,execute,3,node
ID_00505,identity,N00501,node,impersonate,8,node
ID_01091,identity,N01910,node,admin,8,node
ID_01859,identity,N01360,node,read,1,node
ID_00049,identity,N00277,node,read,1,tenant
ID_00586,identity,N00159,node,write,3,node
ID_01493,identity,N01647,node,access_secret,5,node
ID_00816,identity,N01130,node,modify_config,4,node
ID_01155,identity,N01206,node,execute,4,node
ID_01806,identity,N01090,node,modify_config,6,node
ID_00276,identity,N01318,node,read,1,node
ID_00637,identity,N01892,node,modify_config,6,node
ID_00242,identity,N00510,node,impersonate,8,node
ID_01419,identity,N00718,node,read,1,tenant
ID_01622,identity,N01961,node,read,2,node
ID_00802,identity,N01518,node,execute,3,node
ID_01094,identity,N01803,node,execute,3,node
ID_01884,identity,N01564,node,read,2,node
ID_01463,identity,N00476,node,read,1,node
ID_01008,identity,N00816,node,admin,7,node
ID_01414,identity,N01329,node,access_secret,5,zone
ID_00496,identity,N01453,node,modify_config,4,zone
ID_00291,identity,N01422,node,impersonate,8,zone
ID_01515,identity,N00354,node,write,2,zone
ID_00626,identity,N00159,node,execute,3,node
ID_01994,identity,N00770,node,modify_config,4,node
ID_01999,identity,N01887,node,write,2,node
ID_01085,identity,N00965,node,read,2,zone
ID_01488,identity,N00671,node,write,3,tenant
ID_01810,identity,N01517,node,modify_config,6,node
ID_00515,identity,N01699,node,execute,3,node
ID_00733,identity,N01406,node,read,2,node
ID_01289,identity,N00247,node,read,1,node
ID_01823,identity,N01711,node,access_secret,5,node
ID_01926,identity,N00195,node,access_secret,7,zone
ID_00966,identity,N01540,node,impersonate,8,zone
ID_01423,identity,N01459,node,admin,9,node
ID_01357,identity,N00954,node,admin,10,node
ID_01932,identity,N01256,node,admin,9,tenant
ID_01364,identity,N00138,node,admin,7,node
ID_00430,identity,N00215,node,access_secret,5,zone
ID_01498,identity,N01407,node,write,3,zone
ID_01027,identity,N00281,node,impersonate,7,node
ID_00580,identity,N01137,node,impersonate,8,tenant
ID_01739,identity,N00273,node,read,1,node
ID_00772,identity,N00054,node,execute,4,node
ID_00978,identity,N00401,node,access_secret,7,node
ID_01788,identity,N00074,node,impersonate,6,zone
ID_01945,identity,N01443,node,modify_config,5,node
ID_01348,identity,N00980,node,read,2,zone
ID_00868,identity,N01734,node,modify_config,5,node
ID_00193,identity,N00357,node,impersonate,7,node
ID_01336,identity,N01665,node,read,1,tenant
ID_00180,identity,N00291,node,write,2,zone
ID_01381,identity,N01270,node,write,2,node
ID_00357,identity,N00799,node,access_secret,7,node
ID_01348,identity,N01385,node,write,3,node
ID_00579,identity,N00802,node,admin,8,zone
ID_00418,identity,N01376,node,impersonate,7,zone
ID_00091,identity,N01240,node,write,2,node
ID_01824,identity,N00993,node,impersonate,7,tenant
ID_00914,identity,N01925,node,admin,8,zone
ID_00507,identity,N00529,node,modify_config,4,tenant
ID_00814,identity,N01817,node,write,3,node
ID_00288,identity,N00533,node,execute,4,node
ID_00295,identity,N01464,node,impersonate,8,node
ID_01468,identity,N00755,node,impersonate,6,node
ID_01933,identity,N01945,node,access_secret,6,node
ID_00574,identity,N00787,node,write,2,zone
ID_00350,identity,N00399,node,write,3,tenant
ID_00715,identity,N00444,node,admin,8,zone
ID_01974,identity,N01529,node,impersonate,8,zone
ID_00406,identity,N00800,node,write,3,zone
ID_00174,identity,N01742,node,write,2,node
ID_00212,identity,N00089,node,admin,8,zone
ID_01102,identity,N01660,node,execute,4,node
ID_01441,identity,N00429,node,access_secret,6,node
ID_00441,identity,N01077,node,modify_config,5,node
ID_01987,identity,N00348,node,access_secret,7,zone
ID_00490,identity,N01733,node,execute,4,zone
ID_01776,identity,N00706,node,admin,9,zone
ID_00747,identity,N01446,node,read,2,node
ID_01192,identity,N00016,node,access_secret,6,node
ID_00120,identity,N00130,node,admin,8,zone
ID_01602,identity,N01065,node,impersonate,8,tenant
ID_01928,identity,N01223,node,read,1,node
ID_00008,identity,N01153,node,impersonate,7,zone
ID_00788,identity,N01821,node,execute,3,tenant
ID_00937,identity,N01582,node,access_secret,5,node
ID_01923,identity,N01061,node,access_secret,6,node
ID_00702,identity,N00716,node,modify_config,5,node
ID_01582,identity,N00749,node,access_secret,6,node
ID_00221,identity,N01302,node,execute,3,node
ID_01219,identity,N00418,node,execute,4,zone
ID_00245,identity,N01377,node,modify_config,4,node
ID_01967,identity,N01973,node,write,3,node
ID_00184,identity,N00135,node,read,2,node
ID_01056,identity,N01592,node,write,2,zone
ID_00404,identity,N00995,node,access_secret,5,node
ID_01165,identity,N01641,node,execute,3,node
ID_00282,identity,N00286,node,write,3,node
ID_01949,identity,N01334,node,admin,10,zone
ID_01146,identity,N01062,node,admin,8,node
ID_00616,identity,N00887,node,modify_config,5,node
ID_00767,identity,N01862,node,modify_config,5,node
ID_01870,identity,N01279,node,admin,7,tenant
ID_01394,identity,N01903,node,execute,3,node
ID_00038,identity,N00999,node,access_secret,6,node
ID_00839,identity,N00144,node,write,3,node
ID_01755,identity,N01008,node,admin,8,node
ID_01596,identity,N01901,node,write,2,node
ID_01968,identity,N01335,node,modify_config,5,node
ID_00065,identity,N01749,node,impersonate,8,node
ID_00016,identity,N01337,node,read,1,node
ID_00789,identity,N01047,node,execute,4,zone
ID_01060,identity,N00470,node,write,3,node
ID_01423,identity,N01095,node,access_secret,6,tenant
ID_01274,identity,N00396,node,access_secret,6,zone
ID_01602,identity,N00735,node,access_secret,6,node
ID_01246,identity,N01479,node,access_secret,7,node
ID_01103,identity,N00948,node,modify_config,4,node
ID_00955,identity,N01005,node,write,2,node
ID_00574,identity,N00747,node,read,1,node
ID_01320,identity,N00495,node,access_secret,7,zone
ID_00919,identity,N00108,node,impersonate,6,zone
ID_00937,identity,N01235,node,write,2,node
ID_01162,identity,N01472,node,execute,3,node
ID_01241,identity,N01357,node,access_secret,7,node
ID_00628,identity,N01969,node,execute,3,node
ID_01314,identity,N00566,node,access_secret,6,node
ID_00597,identity,N00067,node,access_secret,5,zone
ID_01286,identity,N00918,node,read,1,node
ID_00634,identity,N00716,node,impersonate,7,node
ID_01198,identity,N00070,node,read,1,node
ID_00963,identity,N00812,node,access_secret,7,zone
ID_01458,identity,N01917,node,execute,3,node
ID_01028,identity,N00476,node,admin,10,tenant
ID_00387,identity,N01614,node,read,1,node
ID_01193,identity,N00151,node,modify_config,4,node
ID_01949,identity,N00848,node,execute,4,node
ID_00106,identity,N00165,node,read,1,node
ID_01804,identity,N00615,node,write,3,node
ID_01382,identity,N00653,node,modify_config,5,node
ID_01318,identity,N00440,node,access_secret,6,tenant
ID_01875,identity,N01898,node,execute,3,zone
ID_00788,identity,N00916,node,execute,3,node
ID_01218,identity,N00869,node,read,1,zone
ID_00267,identity,N00226,node,modify_config,5,node
ID_00024,identity,N00025,node,read,1,node
ID_01102,identity,N00101,node,write,2,node
ID_01560,identity,N01570,node,write,3,node
ID_00482,identity,N00077,node,read,2,node
ID_01145,identity,N01197,node,impersonate,8,node
ID_01805,identity,N01181,node,admin,8,node
ID_01211,identity,N00064,node,execute,3,zone
ID_01378,identity,N00993,node,read,1,zone
ID_00846,identity,N01502,node,modify_config,4,node
ID_00064,identity,N01786,node,impersonate,6,node
ID_01607,identity,N00483,node,access_secret,6,global
ID_01576,identity,N01584,node,impersonate,7,node
ID_00510,identity,N01163,node,access_secret,5,node
ID_01864,identity,N00048,node,modify_config,4,node
ID_01627,identity,N00880,node,access_secret,6,tenant
ID_00472,identity,N00135,node,read,1,node
ID_00050,identity,N00728,node,read,1,zone
ID_00944,identity,N01931,node,admin,9,node
ID_00638,identity,N01753,node,read,2,node
ID_01760,identity,N00662,node,modify_config,6,zone
ID_01288,identity,N01946,node,access_secret,7,tenant
ID_01438,identity,N00422,node,read,1,node
ID_00395,identity,N00234,node,modify_config,4,node
ID_01307,identity,N00520,node,impersonate,6,node
ID_01837,identity,N00962,node,execute,3,node
ID_01997,identity,N00958,node,execute,3,tenant
ID_01943,identity,N01813,node,modify_config,5,node
ID_01701,identity,N01225,node,execute,3,node
ID_00075,identity,N00224,node,execute,4,node
ID_00698,identity,N00684,node,access_secret,5,node
ID_00641,identity,N01054,node,write,3,node
ID_00751,identity,N00705,node,impersonate,7,node
ID_01569,identity,N01664,node,admin,10,zone
ID_01737,identity,N00767,node,read,2,global
ID_01236,identity,N00588,node,access_secret,5,node
ID_01453,identity,N00151,node,access_secret,5,node
ID_00229,identity,N00575,node,modify_config,4,node
ID_00307,identity,N01165,node,write,3,node
ID_01175,identity,N01000,node,write,3,node
ID_00531,identity,N00206,node,execute,4,node
ID_01053,identity,N01419,node,write,3,zone
ID_00706,identity,N01052,node,modify_config,5,zone
ID_01826,identity,N00232,node,execute,3,node
ID_01062,identity,N00059,node,modify_config,5,global
ID_00048,identity,N00146,node,execute,4,zone
ID_00073,identity,N00156,node,modify_config,6,node
ID_01019,identity,N00167,node,write,3,node
ID_00361,identity,N01484,node,access_secret,5,node
ID_01532,identity,N00805,node,access_secret,5,node
ID_01373,identity,N01519,node,modify_config,4,node
ID_00408,identity,N01135,node,modify_config,6,global
ID_01696,identity,N01025,node,modify_config,5,zone
ID_00808,identity,N01029,node,write,3,tenant
ID_00297,identity,N00650,node,access_secret,6,node
ID_00547,identity,N01030,node,execute,3,node
ID_00648,identity,N01652,node,modify_config,6,node
ID_01539,identity,N01230,node,access_secret,7,node
ID_01764,identity,N00046,node,write,2,tenant
ID_01472,identity,N00983,node,admin,10,node
ID_00642,identity,N00414,node,write,3,node
ID_00522,identity,N00854,node,admin,7,node
ID_00184,identity,N01996,node,access_secret,5,node
ID_01909,identity,N01934,node,modify_config,4,node
ID_00290,identity,N01008,node,modify_config,4,node
ID_01847,identity,N01499,node,impersonate,7,tenant
ID_01235,identity,N00265,node,access_secret,6,node
ID_00545,identity,N00546,node,modify_config,4,node
ID_01067,identity,N01929,node,impersonate,8,node
ID_00457,identity,N01368,node,admin,10,node
ID_01997,identity,N00684,node,read,1,zone
ID_01532,identity,N00377,node,impersonate,6,node
ID_00343,identity,N01110,node,impersonate,6,tenant
ID_00940,identity,N00262,node,access_secret,7,node
ID_00507,identity,N00121,node,access_secret,6,tenant
ID_01684,identity,N01424,node,impersonate,6,tenant
ID_00790,identity,N01349,node,execute,3,global
ID_00960,identity,N00911,node,access_secret,6,zone
ID_01376,identity,N01423,node,admin,9,zone
ID_01346,identity,N01984,node,access_secret,5,node
ID_01039,identity,N01199,node,read,1,node
ID_00675,identity,N00589,node,write,2,node
ID_00580,identity,N00310,node,admin,8,node
ID_00197,identity,N01074,node,execute,4,tenant
ID_00076,identity,N01480,node,admin,7,zone
ID_01141,identity,N00694,node,execute,3,node
ID_01587,identity,N00323,node,read,1,tenant
ID_00186,identity,N00448,node,read,2,node
ID_00036,identity,N01296,node,read,2,node
ID_00602,identity,N00997,node,impersonate,7,node
ID_00063,identity,N00376,node,impersonate,8,node
ID_00645,identity,N00039,node,read,2,node
ID_00840,identity,N01028,node,impersonate,8,node
ID_00539,identity,N00277,node,read,2,node
ID_01556,identity,N01317,node,read,2,node
ID_00384,identity,N01749,node,access_secret,5,tenant
ID_01879,identity,N00940,node,admin,7,node
ID_00134,identity,N00471,node,write,2,zone
ID_00626,identity,N01943,node,write,2,node
ID_01578,identity,N01979,node,read,1,node
ID_01175,identity,N00514,node,modify_config,5,node
ID_01488,identity,N00238,node,write,3,node
ID_01250,identity,N00098,node,modify_config,6,node
ID_00956,identity,N00906,node,impersonate,8,node
ID_01494,identity,N01096,node,access_secret,7,node
ID_01757,identity,N01094,node,execute,3,node
ID_00992,identity,N01349,node,impersonate,8,node
ID_01628,identity,N00978,node,execute,3,node
ID_00397,identity,N00347,node,impersonate,7,node
ID_00536,identity,N00981,node,admin,7,node
ID_00645,identity,N01234,node,write,3,node
ID_00668,identity,N01783,node,admin,8,tenant
ID_00211,identity,N01635,node,impersonate,7,zone
ID_01963,identity,N01194,node,modify_config,4,zone
ID_00545,identity,N00240,node,read,2,node
ID_00129,identity,N01051,node,admin,10,node
ID_00306,identity,N01076,node,admin,7,node
ID_00303,identity,N00773,node,admin,8,zone
ID_01133,identity,N00012,node,read,2,node
ID_00984,identity,N00438,node,write,3,node
ID_00025,identity,N01165,node,read,1,node
ID_01306,identity,N00669,node,admin,9,zone
ID_01487,identity,N01023,node,execute,4,node
ID_00457,identity,N00995,node,write,2,zone
ID_00433,identity,N00868,node,admin,8,node
ID_01122,identity,N01388,node,write,2,node
ID_00487,identity,N01315,node,execute,4,node
ID_01876,identity,N00520,node,write,3,zone
ID_01963,identity,N01653,node,access_secret,7,node
ID_00368,identity,N01825,node,execute,3,node
ID_00435,identity,N01245,node,execute,3,node
ID_01877,identity,N01602,node,admin,8,zone
ID_00175,identity,N00191,node,impersonate,7,tenant
ID_01481,identity,N01764,node,write,2,node
ID_01494,identity,N01715,node,impersonate,7,node
ID_01123,identity,N01083,node,impersonate,8,node
ID_01348,identity,N00078,node,modify_config,5,node
ID_00337,identity,N01716,node,modify_config,5,tenant
ID_01201,identity,N01246,node,execute,4,node
ID_01210,identity,N01499,node,write,2,node
ID_01601,identity,N01551,node,read,2,node
ID_01267,identity,N01167,node,read,1,node
ID_00426,identity,N00440,node,access_secret,6,tenant
ID_00677,identity,N00400,node,admin,9,zone
ID_00014,identity,N00421,node,admin,8,zone
ID_00175,identity,N00094,node,read,2,node
ID_01476,identity,N01320,node,access_secret,5,node
ID_00492,identity,N01880,node,admin,9,node
ID_01352,identity,N00026,node,impersonate,6,zone
ID_01210,identity,N01095,node,impersonate,6,node
ID_01888,identity,N01030,node,access_secret,6,node
ID_00905,identity,N00946,node,read,2,node
ID_01241,identity,N01798,node,execute,4,node
ID_01526,identity,N00122,node,impersonate,8,node
ID_01524,identity,N00167,node,modify_config,4,node
ID_00612,identity,N01673,node,access_secret,7,node
ID_00176,identity,N00203,node,execute,3,node
ID_00440,identity,N00942,node,impersonate,7,node
ID_00774,identity,N01920,node,admin,9,node
ID_00136,identity,N01338,node,admin,7,node
ID_01050,identity,N01093,node,admin,8,node
ID_00656,identity,N01963,node,admin,8,tenant
ID_00629,identity,N01981,node,read,2,node
ID_00532,identity,N01970,node,write,3,node
ID_00137,identity,N00258,node,impersonate,7,node
ID_00014,identity,N00534,node,access_secret,6,node
ID_01705,identity,N01827,node,admin,9,zone
ID_00673,identity,N01348,node,access_secret,5,node
ID_01161,identity,N00496,node,read,2,node
ID_01570,identity,N00355,node,modify_config,4,node
ID_01549,identity,N00713,node,execute,4,zone
ID_00863,identity,N01590,node,execute,4,node
ID_00499,identity,N00474,node,impersonate,6,node
ID_01922,identity,N01168,node,modify_config,4,node
ID_00534,identity,N00707,node,execute,4,tenant
ID_00235,identity,N00483,node,execute,4,node
ID_01796,identity,N00020,node,write,2,zone
ID_00013,identity,N00365,node,access_secret,7,node
ID_01981,identity,N01846,node,write,3,node
ID_00276,identity,N01362,node,admin,7,node
ID_00471,identity,N01314,node,modify_config,4,node
ID_00087,identity,N01127,node,impersonate,8,node
ID_01378,identity,N00844,node,write,3,tenant
ID_00718,identity,N00862,node,modify_config,5,node
ID_00768,identity,N01961,node,read,1,node
ID_00046,identity,N01626,node,admin,8,node
ID_01364,identity,N01153,node,impersonate,7,node
ID_00365,identity,N01165,node,impersonate,6,zone
ID_01085,identity,N00947,node,admin,8,node
ID_01115,identity,N01850,node,admin,8,node
ID_00520,identity,N00190,node,write,3,node
ID_00607,identity,N01048,node,execute,4,node
ID_01501,identity,N00481,node,modify_config,4,node
ID_00788,identity,N01106,node,execute,3,node
ID_01192,identity,N00134,node,execute,3,zone
ID_01153,identity,N01197,node,modify_config,6,zone
ID_00306,identity,N00643,node,access_secret,5,node
ID_01333,identity,N00862,node,admin,7,node
ID_01702,identity,N01800,node,write,2,node
ID_00456,identity,N01463,node,modify_config,4,tenant
ID_00378,identity,N00902,node,access_secret,7,zone
ID_01368,identity,N01077,node,admin,8,node
ID_01213,identity,N01612,node,access_secret,7,node
ID_00331,identity,N00557,node,read,1,node
ID_01900,identity,N00386,node,read,2,zone
ID_01808,identity,N01300,node,write,3,node
ID_01657,identity,N00500,node,modify_config,6,node
ID_00387,identity,N01701,node,execute,4,zone
ID_00199,identity,N01945,node,access_secret,7,node
ID_00724,identity,N01521,node,read,1,node
ID_01371,identity,N01229,node,execute,3,zone
ID_00343,identity,N00695,node,admin,7,node
ID_01720,identity,N01564,node,read,1,zone
ID_01201,identity,N01229,node,access_secret,7,zone
ID_01601,identity,N01221,node,write,3,zone
ID_00007,identity,N01075,node,read,1,node
ID_00574,identity,N01912,node,write,2,tenant
ID_01904,identity,N01060,node,access_secret,5,node
ID_01812,identity,N01391,node,read,1,node
ID_01934,identity,N00750,node,modify_config,4,node
ID_01903,identity,N00135,node,admin,9,tenant
ID_00421,identity,N01094,node,read,1,zone
ID_00756,identity,N00392,node,read,1,zone
ID_00172,identity,N01303,node,admin,8,global
ID_01332,identity,N00227,node,write,2,tenant
ID_01168,identity,N01218,node,access_secret,7,node
ID_01101,identity,N00343,node,access_secret,5,node
ID_00651,identity,N01524,node,impersonate,6,node
ID_01377,identity,N00222,node,impersonate,8,node
ID_00001,identity,N00593,node,write,2,node
ID_00546,identity,N01139,node,modify_config,5,node
ID_01580,identity,N01301,node,execute,4,node
ID_01119,identity,N01596,node,modify_config,5,node
ID_01430,identity,N00622,node,execute,3,node
ID_01432,identity,N01687,node,modify_config,4,global
ID_00029,identity,N00343,node,write,3,node
ID_00303,identity,N01123,node,impersonate,8,node
ID_00336,identity,N01704,node,modify_config,5,node
ID_00028,identity,N01607,node,write,3,node
ID_01097,identity,N01368,node,access_secret,7,node
ID_01182,identity,N01180,node,impersonate,8,node
ID_00001,identity,N00433,node,access_secret,7,zone
ID_01738,identity,N00041,node,execute,4,node
ID_00882,identity,N01297,node,impersonate,7,node
ID_00203,identity,N01090,node,execute,4,node
ID_00091,identity,N01855,node,impersonate,6,zone
ID_00070,identity,N01904,node,modify_config,5,zone
ID_00700,identity,N01352,node,execute,4,node
ID_01184,identity,N00561,node,write,3,node
ID_00092,identity,N00047,node,read,1,node
ID_00280,identity,N00579,node,read,2,zone
ID_01504,identity,N01384,node,admin,8,global
ID_00725,identity,N00068,node,impersonate,6,node
ID_00758,identity,N00006,node,access_secret,7,node
ID_01861,identity,N00820,node,read,1,node
ID_00896,identity,N00222,node,admin,9,node
ID_01558,identity,N01199,node,impersonate,8,node
ID_00488,identity,N01284,node,execute,4,node
ID_00959,identity,N00915,node,impersonate,7,node
ID_01513,identity,N00610,node,admin,10,global
ID_00228,identity,N00923,node,write,2,tenant
ID_00183,identity,N00293,node,read,2,node
ID_01861,identity,N00322,node,read,1,zone
ID_01289,identity,N01216,node,write,3,node
ID_01558,identity,N00183,node,read,2,node
ID_01379,identity,N00824,node,access_secret,7,node
ID_00430,identity,N00378,node,execute,4,global
ID_01685,identity,N01131,node,read,1,node
ID_01812,identity,N01323,node,read,1,node
ID_01906,identity,N01396,node,modify_config,6,node
ID_01298,identity,N01920,node,modify_config,5,node
ID_01777,identity,N01251,node,access_secret,6,node
ID_01930,identity,N00231,node,execute,3,zone
ID_00890,identity,N00244,node,admin,10,tenant
ID_00320,identity,N01189,node,read,1,zone
ID_01844,identity,N00932,node,impersonate,7,node
ID_00467,identity,N01569,node,execute,4,zone
ID_01821,identity,N00749,node,access_secret,5,node
ID_01525,identity,N00720,node,admin,10,node
ID_00424,identity,N01604,node,modify_config,4,node
ID_01652,identity,N01902,node,write,3,node
ID_01206,identity,N00652,node,access_secret,7,node
ID_00033,identity,N01243,node,modify_config,4,zone
ID_00831,identity,N01015,node,modify_config,5,zone
ID_01855,identity,N01956,node,read,1,node
ID_00522,identity,N00014,node,write,3,node
ID_00334,identity,N01653,node,access_secret,5,zone
ID_01679,identity,N01052,node,write,3,node
ID_01361,identity,N00266,node,admin,7,node
ID_00586,identity,N00008,node,write,3,node
ID_01157,identity,N00195,node,execute,3,node
ID_01553,identity,N00416,node,admin,9,node
ID_01348,identity,N00966,node,read,2,node
ID_01367,identity,N01490,node,read,1,node
ID_01136,identity,N01052,node,modify_config,4,node
ID_01351,identity,N00063,node,write,2,node
ID_00187,identity,N01551,node,impersonate,6,zone
ID_00430,identity,N01671,node,admin,7,global
ID_00343,identity,N01947,node,impersonate,7,node
ID_00203,identity,N00787,node,impersonate,8,node
ID_00598,identity,N01303,node,write,3,node
ID_00718,identity,N00113,node,modify_config,5,tenant
ID_01916,identity,N00090,node,access_secret,6,node
ID_00306,identity,N01917,node,admin,7,node
ID_01101,identity,N01605,node,execute,3,node
ID_00065,identity,N00370,node,access_secret,5,zone
ID_01755,identity,N01323,node,access_secret,7,node
ID_00197,identity,N00550,node,write,3,node
ID_00474,identity,N00897,node,access_secret,5,node
ID_01373,identity,N01229,node,read,1,node
ID_00764,identity,N01372,node,modify_config,6,zone
ID_01204,identity,N00685,node,access_secret,5,node
ID_00014,identity,N01621,node,write,3,node
ID_00838,identity,N00156,node,write,3,node
ID_01940,identity,N01428,node,impersonate,6,zone
ID_01530,identity,N01312,node,write,2,node
ID_01700,identity,N01355,node,impersonate,6,node
ID_01105,identity,N00479,node,write,3,tenant
ID_00722,identity,N00200,node,execute,3,node
ID_00353,identity,N01272,node,write,2,node
ID_00776,identity,N00144,node,admin,10,zone
ID_00767,identity,N00885,node,access_secret,7,node
ID_01440,identity,N00248,node,execute,4,node
ID_00992,identity,N00623,node,access_secret,6,zone
ID_00783,identity,N01843,node,modify_config,4,node
ID_01444,identity,N00186,node,execute,4,node
ID_01043,identity,N00933,node,write,2,zone
ID_01938,identity,N00755,node,modify_config,4,zone
ID_01695,identity,N01176,node,admin,8,node
ID_00067,identity,N01597,node,write,2,node
ID_01798,identity,N01145,node,access_secret,7,tenant
ID_01111,identity,N01937,node,access_secret,5,node
ID_00382,identity,N00074,node,write,3,node
ID_01270,identity,N01361,node,execute,4,node
ID_00039,identity,N00373,node,read,1,node
ID_00056,identity,N00263,node,impersonate,7,node
ID_01133,identity,N01852,node,write,2,node
ID_00344,identity,N01603,node,admin,10,node
ID_01387,identity,N01977,node,execute,4,node
ID_00436,identity,N01394,node,read,2,node
ID_01812,identity,N01412,node,access_secret,5,node
ID_01329,identity,N01059,node,execute,4,node
ID_00297,identity,N00307,node,access_secret,6,node
ID_01568,identity,N01418,node,read,1,tenant
ID_01201,identity,N01149,node,write,3,node
ID_00378,identity,N01106,node,read,1,node
ID_00107,identity,N00106,node,access_secret,5,node
ID_00312,identity,N00040,node,admin,8,zone
ID_01896,identity,N01859,node,modify_config,4,node
ID_00460,identity,N01166,node,admin,9,node
ID_00843,identity,N00166,node,modify_config,5,node
ID_01105,identity,N00243,node,impersonate,7,zone
ID_00937,identity,N00674,node,access_secret,5,tenant
ID_01885,identity,N00751,node,access_secret,7,node
ID_00167,identity,N01333,node,access_secret,5,global
ID_00782,identity,N01881,node,write,3,zone
ID_00954,identity,N00165,node,modify_config,4,zone
ID_00977,identity,N00648,node,access_secret,5,node
ID_01520,identity,N00192,node,modify_config,6,node
ID_01318,identity,N01408,node,modify_config,4,zone
ID_00151,identity,N00409,node,admin,10,zone
ID_00486,identity,N00100,node,modify_config,4,node
ID_00056,identity,N01959,node,execute,3,node
ID_00901,identity,N00153,node,write,2,node
ID_01468,identity,N01428,node,execute,3,node
ID_00061,identity,N01689,node,read,1,node
ID_01151,identity,N01232,node,access_secret,7,node
ID_00118,identity,N00197,node,access_secret,7,node
ID_00605,identity,N01757,node,admin,10,node
ID_01892,identity,N01837,node,read,2,node
ID_00620,identity,N00437,node,admin,7,node
ID_00524,identity,N00855,node,modify_config,6,node
ID_01332,identity,N01761,node,access_secret,5,node
ID_00761,identity,N00692,node,read,2,node
ID_00233,identity,N00104,node,admin,10,zone
ID_01183,identity,N00861,node,access_secret,6,tenant
ID_00299,identity,N01664,node,access_secret,7,node
ID_00791,identity,N00128,node,impersonate,6,node
ID_00724,identity,N00407,node,access_secret,5,zone
ID_00513,identity,N01357,node,write,3,node
ID_01398,identity,N01597,node,execute,3,node
ID_01110,identity,N01026,node,write,3,tenant
ID_01450,identity,N00419,node,admin,8,node
ID_01259,identity,N01029,node,access_secret,5,node
ID_00713,identity,N01131,node,modify_config,5,tenant
ID_01804,identity,N01776,node,execute,3,node
ID_00008,identity,N00800,node,write,2,zone
ID_00455,identity,N00273,node,access_secret,7,zone
ID_00449,identity,N01230,node,modify_config,4,node
ID_00857,identity,N00116,node,read,1,tenant
ID_00411,identity,N00641,node,execute,4,zone
ID_00836,identity,N01509,node,impersonate,8,node
ID_01780,identity,N01538,node,modify_config,6,tenant
ID_01242,identity,N00582,node,modify_config,6,node
ID_00626,identity,N01222,node,execute,4,node
ID_00406,identity,N00012,node,execute,4,node
ID_01754,identity,N00441,node,access_secret,7,node
ID_01801,identity,N00743,node,modify_config,4,global
ID_00963,identity,N01049,node,execute,4,zone
ID_00861,identity,N01849,node,access_secret,7,node
ID_01520,identity,N00711,node,modify_config,4,tenant
ID_01859,identity,N01652,node,read,2,node
ID_00760,identity,N00341,node,write,2,node
ID_00873,identity,N00598,node,execute,3,node
ID_01503,identity,N00453,node,read,2,node
ID_00506,identity,N01942,node,access_secret,7,node
ID_00637,identity,N00031,node,impersonate,8,node
ID_01053,identity,N00028,node,execute,3,tenant
ID_01004,identity,N01740,node,impersonate,8,node
ID_01185,identity,N00532,node,modify_config,4,zone
ID_00845,identity,N01244,node,impersonate,6,node
ID_00488,identity,N00921,node,execute,4,node
ID_00990,identity,N00767,node,execute,4,node
ID_00919,identity,N00432,node,impersonate,8,node
ID_00322,identity,N00185,node,modify_config,4,zone
ID_01970,identity,N00075,node,access_secret,7,node
ID_01397,identity,N00721,node,modify_config,6,node
ID_01090,identity,N01772,node,admin,7,zone
ID_00425,identity,N01990,node,execute,4,node
ID_01830,identity,N01358,node,access_secret,5,node
ID_01205,identity,N00171,node,write,2,zone
ID_00104,identity,N00017,node,impersonate,8,tenant
ID_00931,identity,N01382,node,modify_config,5,node
ID_00960,identity,N00218,node,admin,8,tenant
ID_01358,identity,N00129,node,admin,10,node
ID_01112,identity,N00672,node,admin,10,node
ID_01960,identity,N01657,node,modify_config,5,node
ID_00891,identity,N00218,node,write,2,zone
ID_00477,identity,N00669,node,read,2,zone
ID_01575,identity,N01533,node,access_secret,5,node
ID_01359,identity,N00620,node,read,2,node
ID_00677,identity,N01253,node,read,2,zone
ID_00005,identity,N00382,node,access_secret,5,zone
ID_01871,identity,N00735,node,execute,3,node
ID_01585,identity,N01778,node,modify_config,5,node
ID_00227,identity,N01261,node,admin,9,zone
ID_00339,identity,N01901,node,read,2,node
ID_00509,identity,N00120,node,impersonate,8,node
ID_00852,identity,N01453,node,impersonate,7,node
ID_00779,identity,N00107,node,modify_config,4,zone
ID_01369,identity,N00556,node,admin,10,zone
ID_00201,identity,N01429,node,execute,4,zone
ID_01139,identity,N01866,node,admin,8,node
ID_00867,identity,N01000,node,modify_config,5,node
ID_01258,identity,N00219,node,access_secret,5,node
ID_00887,identity,N00438,node,execute,4,node
ID_00318,identity,N01664,node,impersonate,7,node
ID_01919,identity,N01287,node,read,2,node
ID_01202,identity,N01816,node,modify_config,6,node
ID_00956,identity,N00814,node,read,1,zone
ID_01916,identity,N01146,node,modify_config,5,global
ID_01293,identity,N00948,node,write,2,node
ID_00135,identity,N01809,node,access_secret,7,node
ID_01001,identity,N01962,node,access_secret,7,node
ID_01769,identity,N00579,node,modify_config,4,node
ID_00608,identity,N00673,node,impersonate,7,node
ID_00452,identity,N00779,node,access_secret,5,node
ID_00002,identity,N01509,node,admin,7,tenant
ID_01575,identity,N01794,node,execute,4,node
ID_00454,identity,N00658,node,impersonate,7,zone
ID_00600,identity,N00006,node,execute,4,node
ID_00849,identity,N01645,node,access_secret,6,node
ID_01029,identity,N00597,node,access_secret,5,node
ID_00797,identity,N01649,node,read,1,node
ID_01183,identity,N00365,node,read,2,zone
ID_00704,identity,N00989,node,impersonate,6,global
ID_00842,identity,N00509,node,impersonate,6,node
ID_01887,identity,N00890,node,execute,4,node
ID_01358,identity,N01770,node,modify_config,5,zone
ID_01685,identity,N00509,node,write,3,zone
ID_01007,identity,N01109,node,modify_config,4,node
