,index,zone,start,target,match,reason
0,1,CLOUD,N01501,N01503,True,Exact match
1,2,CLOUD,N01501,N01504,True,Exact match
2,3,CLOUD,N01501,N01536,True,Exact match
3,4,CLOUD,N01501,N01575,True,Exact match
4,5,CLOUD,N01501,N01597,True,Exact match
5,6,CLOUD,N01501,N01602,True,Exact match
6,7,CLOUD,N01501,N01667,True,Exact match
7,8,CLOUD,N01501,N01677,True,Exact match
8,9,CLOUD,N01501,N01717,True,Exact match
9,10,CLOUD,N01501,N01730,True,Exact match
10,11,CLOUD,N01501,N01738,True,Exact match
11,12,CLOUD,N01539,N01503,True,Exact match
12,13,CLOUD,N01539,N01504,True,Exact match
13,14,CLOUD,N01539,N01536,True,Exact match
14,15,CLOUD,N01539,N01575,True,Exact match
15,16,CLOUD,N01539,N01597,True,Exact match
16,17,CLOUD,N01539,N01602,True,Exact match
17,18,CLOUD,N01539,N01667,True,Exact match
18,19,CLOUD,N01539,N01677,True,Exact match
19,20,CLOUD,N01539,N01717,True,Exact match
20,21,CLOUD,N01539,N01730,True,Exact match
21,22,CLOUD,N01539,N01738,True,Exact match
22,23,CLOUD,N01549,N01503,True,Exact match
23,24,CLOUD,N01549,N01504,True,Exact match
24,25,CLOUD,N01549,N01536,True,Exact match
25,26,CLOUD,N01549,N01575,True,Exact match
26,27,CLOUD,N01549,N01597,True,Exact match
27,28,CLOUD,N01549,N01602,True,Exact match
28,29,CLOUD,N01549,N01667,True,Exact match
29,30,CLOUD,N01549,N01677,True,Exact match
30,31,CLOUD,N01549,N01717,True,Exact match
31,32,CLOUD,N01549,N01730,True,Exact match
32,33,CLOUD,N01549,N01738,True,Exact match
33,34,CLOUD,N01570,N01503,True,Exact match
34,35,CLOUD,N01570,N01504,True,Exact match
35,36,CLOUD,N01570,N01536,True,Exact match
36,37,CLOUD,N01570,N01575,True,Exact match
37,38,CLOUD,N01570,N01597,True,Exact match
38,39,CLOUD,N01570,N01602,True,Exact match
39,40,CLOUD,N01570,N01667,True,Exact match
40,41,CLOUD,N01570,N01677,True,Exact match
41,42,CLOUD,N01570,N01717,True,Exact match
42,43,CLOUD,N01570,N01730,True,Exact match
43,44,CLOUD,N01570,N01738,True,Exact match
44,45,CLOUD,N01585,N01503,True,Exact match
45,46,CLOUD,N01585,N01504,True,Exact match
46,47,CLOUD,N01585,N01536,True,Exact match
47,48,CLOUD,N01585,N01575,True,Exact match
48,49,CLOUD,N01585,N01597,True,Exact match
49,50,CLOUD,N01585,N01602,True,Exact match
50,51,CLOUD,N01585,N01667,True,Exact match
51,52,CLOUD,N01585,N01677,True,Exact match
52,53,CLOUD,N01585,N01717,True,Exact match
53,54,CLOUD,N01585,N01730,True,Exact match
54,55,CLOUD,N01585,N01738,True,Exact match
55,56,CLOUD,N01621,N01503,True,Exact match
56,57,CLOUD,N01621,N01504,True,Exact match
57,58,CLOUD,N01621,N01536,True,Exact match
58,59,CLOUD,N01621,N01575,True,Exact match
59,60,CLOUD,N01621,N01597,True,Exact match
60,61,CLOUD,N01621,N01602,True,Exact match
61,62,CLOUD,N01621,N01667,True,Exact match
62,63,CLOUD,N01621,N01677,True,Exact match
63,64,CLOUD,N01621,N01717,True,Exact match
64,65,CLOUD,N01621,N01730,True,Exact match
65,66,CLOUD,N01621,N01738,True,Exact match
66,67,CLOUD,N01625,N01503,True,Exact match
67,68,CLOUD,N01625,N01504,True,Exact match
68,69,CLOUD,N01625,N01536,True,Exact match
69,70,CLOUD,N01625,N01575,True,Exact match
70,71,CLOUD,N01625,N01597,True,Exact match
71,72,CLOUD,N01625,N01602,True,Exact match
72,73,CLOUD,N01625,N01667,True,Exact match
73,74,CLOUD,N01625,N01677,True,Exact match
74,75,CLOUD,N01625,N01717,True,Exact match
75,76,CLOUD,N01625,N01730,True,Exact match
76,77,CLOUD,N01625,N01738,True,Exact match
77,78,CLOUD,N01641,N01503,True,Exact match
78,79,CLOUD,N01641,N01504,True,Exact match
79,80,CLOUD,N01641,N01536,True,Exact match
80,81,CLOUD,N01641,N01575,True,Exact match
81,82,CLOUD,N01641,N01597,True,Exact match
82,83,CLOUD,N01641,N01602,True,Exact match
83,84,CLOUD,N01641,N01667,True,Exact match
84,85,CLOUD,N01641,N01677,True,Exact match
85,86,CLOUD,N01641,N01717,True,Exact match
86,87,CLOUD,N01641,N01730,True,Exact match
87,88,CLOUD,N01641,N01738,True,Exact match
88,89,CLOUD,N01684,N01503,True,Exact match
89,90,CLOUD,N01684,N01504,True,Exact match
90,91,CLOUD,N01684,N01536,True,Exact match
91,92,CLOUD,N01684,N01575,True,Exact match
92,93,CLOUD,N01684,N01597,True,Exact match
93,94,CLOUD,N01684,N01602,True,Exact match
94,95,CLOUD,N01684,N01667,True,Exact match
95,96,CLOUD,N01684,N01677,True,Exact match
96,97,CLOUD,N01684,N01717,True,Exact match
97,98,CLOUD,N01684,N01730,True,Exact match
98,99,CLOUD,N01684,N01738,True,Exact match
99,100,CLOUD,N01718,N01503,True,Exact match
100,101,CLOUD,N01718,N01504,True,Exact match
101,102,CLOUD,N01718,N01536,True,Exact match
102,103,CLOUD,N01718,N01575,True,Exact match
103,104,CLOUD,N01718,N01597,True,Exact match
104,105,CLOUD,N01718,N01602,True,Exact match
105,106,CLOUD,N01718,N01667,True,Exact match
106,107,CLOUD,N01718,N01677,True,Exact match
107,108,CLOUD,N01718,N01717,True,Exact match
108,109,CLOUD,N01718,N01730,True,Exact match
109,110,CLOUD,N01718,N01738,True,Exact match
110,111,CLOUD,N01727,N01503,True,Exact match
111,112,CLOUD,N01727,N01504,True,Exact match
112,113,CLOUD,N01727,N01536,True,Exact match
113,114,CLOUD,N01727,N01575,True,Exact match
114,115,CLOUD,N01727,N01597,True,Exact match
115,116,CLOUD,N01727,N01602,True,Exact match
116,117,CLOUD,N01727,N01667,True,Exact match
117,118,CLOUD,N01727,N01677,True,Exact match
118,119,CLOUD,N01727,N01717,True,Exact match
119,120,CLOUD,N01727,N01730,True,Exact match
120,121,CLOUD,N01727,N01738,True,Exact match
121,122,DMZ,N00256,N00284,True,Exact match
122,123,DMZ,N00256,N00295,True,Exact match
123,124,DMZ,N00256,N00328,True,Exact match
124,125,DMZ,N00256,N00354,True,Exact match
125,126,DMZ,N00256,N00364,True,Exact match
126,127,DMZ,N00256,N00392,True,Exact match
127,128,DMZ,N00256,N00424,True,Exact match
128,129,DMZ,N00256,N00470,True,Exact match
129,130,DMZ,N00256,N00477,True,Exact match
130,131,DMZ,N00256,N00500,True,Exact match
131,132,DMZ,N00257,N00284,True,Exact match
132,133,DMZ,N00257,N00295,True,Exact match
133,134,DMZ,N00257,N00328,True,Exact match
134,135,DMZ,N00257,N00354,True,Exact match
135,136,DMZ,N00257,N00364,True,Exact match
136,137,DMZ,N00257,N00392,True,Exact match
137,138,DMZ,N00257,N00424,True,Exact match
138,139,DMZ,N00257,N00470,True,Exact match
139,140,DMZ,N00257,N00477,True,Exact match
140,141,DMZ,N00257,N00500,True,Exact match
141,142,DMZ,N00301,N00284,True,Exact match
142,143,DMZ,N00301,N00295,True,Exact match
143,144,DMZ,N00301,N00328,True,Exact match
144,145,DMZ,N00301,N00354,True,Exact match
145,146,DMZ,N00301,N00364,True,Exact match
146,147,DMZ,N00301,N00392,True,Exact match
147,148,DMZ,N00301,N00424,True,Exact match
148,149,DMZ,N00301,N00470,True,Exact match
149,150,DMZ,N00301,N00477,True,Exact match
150,151,DMZ,N00301,N00500,True,Exact match
151,152,DMZ,N00302,N00284,True,Exact match
152,153,DMZ,N00302,N00295,True,Exact match
153,154,DMZ,N00302,N00328,True,Exact match
154,155,DMZ,N00302,N00354,True,Exact match
155,156,DMZ,N00302,N00364,True,Exact match
156,157,DMZ,N00302,N00392,True,Exact match
157,158,DMZ,N00302,N00424,True,Exact match
158,159,DMZ,N00302,N00470,True,Exact match
159,160,DMZ,N00302,N00477,True,Exact match
160,161,DMZ,N00302,N00500,True,Exact match
161,162,DMZ,N00326,N00284,True,Exact match
162,163,DMZ,N00326,N00295,True,Exact match
163,164,DMZ,N00326,N00328,True,Exact match
164,165,DMZ,N00326,N00354,True,Exact match
165,166,DMZ,N00326,N00364,True,Exact match
166,167,DMZ,N00326,N00392,True,Exact match
167,168,DMZ,N00326,N00424,True,Exact match
168,169,DMZ,N00326,N00470,True,Exact match
169,170,DMZ,N00326,N00477,True,Exact match
170,171,DMZ,N00326,N00500,True,Exact match
171,172,DMZ,N00351,N00284,True,Exact match
172,173,DMZ,N00351,N00295,True,Exact match
173,174,DMZ,N00351,N00328,True,Exact match
174,175,DMZ,N00351,N00354,True,Exact match
175,176,DMZ,N00351,N00364,True,Exact match
176,177,DMZ,N00351,N00392,True,Exact match
177,178,DMZ,N00351,N00424,True,Exact match
178,179,DMZ,N00351,N00470,True,Exact match
179,180,DMZ,N00351,N00477,True,Exact match
180,181,DMZ,N00351,N00500,True,Exact match
181,182,DMZ,N00355,N00284,True,Exact match
182,183,DMZ,N00355,N00295,True,Exact match
183,184,DMZ,N00355,N00328,True,Exact match
184,185,DMZ,N00355,N00354,True,Exact match
185,186,DMZ,N00355,N00364,True,Exact match
186,187,DMZ,N00355,N00392,True,Exact match
187,188,DMZ,N00355,N00424,True,Exact match
188,189,DMZ,N00355,N00470,True,Exact match
189,190,DMZ,N00355,N00477,True,Exact match
190,191,DMZ,N00355,N00500,True,Exact match
191,192,DMZ,N00373,N00284,True,Exact match
192,193,DMZ,N00373,N00295,True,Exact match
193,194,DMZ,N00373,N00328,True,Exact match
194,195,DMZ,N00373,N00354,True,Exact match
195,196,DMZ,N00373,N00364,True,Exact match
196,197,DMZ,N00373,N00392,True,Exact match
197,198,DMZ,N00373,N00424,True,Exact match
198,199,DMZ,N00373,N00470,True,Exact match
199,200,DMZ,N00373,N00477,True,Exact match
200,201,DMZ,N00373,N00500,True,Exact match
201,202,DMZ,N00450,N00284,True,Exact match
202,203,DMZ,N00450,N00295,True,Exact match
203,204,DMZ,N00450,N00328,True,Exact match
204,205,DMZ,N00450,N00354,True,Exact match
205,206,DMZ,N00450,N00364,True,Exact match
206,207,DMZ,N00450,N00392,True,Exact match
207,208,DMZ,N00450,N00424,True,Exact match
208,209,DMZ,N00450,N00470,True,Exact match
209,210,DMZ,N00450,N00477,True,Exact match
210,211,DMZ,N00450,N00500,True,Exact match
211,212,DMZ,N00472,N00284,True,Exact match
212,213,DMZ,N00472,N00295,True,Exact match
213,214,DMZ,N00472,N00328,True,Exact match
214,215,DMZ,N00472,N00354,True,Exact match
215,216,DMZ,N00472,N00364,True,Exact match
216,217,DMZ,N00472,N00392,True,Exact match
217,218,DMZ,N00472,N00424,True,Exact match
218,219,DMZ,N00472,N00470,True,Exact match
219,220,DMZ,N00472,N00477,True,Exact match
220,221,DMZ,N00472,N00500,True,Exact match
221,222,DMZ,N00475,N00284,True,Exact match
222,223,DMZ,N00475,N00295,True,Exact match
223,224,DMZ,N00475,N00328,True,Exact match
224,225,DMZ,N00475,N00354,True,Exact match
225,226,DMZ,N00475,N00364,True,Exact match
226,227,DMZ,N00475,N00392,True,Exact match
227,228,DMZ,N00475,N00424,True,Exact match
228,229,DMZ,N00475,N00470,True,Exact match
229,230,DMZ,N00475,N00477,True,Exact match
230,231,DMZ,N00475,N00500,True,Exact match
231,232,DMZ,N00486,N00284,True,Exact match
232,233,DMZ,N00486,N00295,True,Exact match
233,234,DMZ,N00486,N00328,True,Exact match
234,235,DMZ,N00486,N00354,True,Exact match
235,236,DMZ,N00486,N00364,True,Exact match
236,237,DMZ,N00486,N00392,True,Exact match
237,238,DMZ,N00486,N00424,True,Exact match
238,239,DMZ,N00486,N00470,True,Exact match
239,240,DMZ,N00486,N00477,True,Exact match
240,241,DMZ,N00486,N00500,True,Exact match
241,242,DMZ,N00496,N00284,True,Exact match
242,243,DMZ,N00496,N00295,True,Exact match
243,244,DMZ,N00496,N00328,True,Exact match
244,245,DMZ,N00496,N00354,True,Exact match
245,246,DMZ,N00496,N00364,True,Exact match
246,247,DMZ,N00496,N00392,True,Exact match
247,248,DMZ,N00496,N00424,True,Exact match
248,249,DMZ,N00496,N00470,True,Exact match
249,250,DMZ,N00496,N00477,True,Exact match
250,251,DMZ,N00496,N00500,True,Exact match
251,252,EXTERNAL,N00043,N00028,True,Exact match
252,253,EXTERNAL,N00043,N00100,True,Exact match
253,254,EXTERNAL,N00043,N00110,True,Exact match
254,255,EXTERNAL,N00043,N00116,True,Exact match
255,256,EXTERNAL,N00043,N00174,True,Exact match
256,257,EXTERNAL,N00043,N00181,True,Exact match
257,258,EXTERNAL,N00043,N00211,True,Exact match
258,259,EXTERNAL,N00043,N00228,True,Exact match
259,260,EXTERNAL,N00043,N00241,True,Exact match
260,261,EXTERNAL,N00079,N00028,True,Exact match
261,262,EXTERNAL,N00079,N00100,True,Exact match
262,263,EXTERNAL,N00079,N00110,True,Exact match
263,264,EXTERNAL,N00079,N00116,True,Exact match
264,265,EXTERNAL,N00079,N00174,True,Exact match
265,266,EXTERNAL,N00079,N00181,True,Exact match
266,267,EXTERNAL,N00079,N00211,True,Exact match
267,268,EXTERNAL,N00079,N00228,True,Exact match
268,269,EXTERNAL,N00079,N00241,True,Exact match
269,270,EXTERNAL,N00086,N00028,True,Exact match
270,271,EXTERNAL,N00086,N00100,True,Exact match
271,272,EXTERNAL,N00086,N00110,True,Exact match
272,273,EXTERNAL,N00086,N00116,True,Exact match
273,274,EXTERNAL,N00086,N00174,True,Exact match
274,275,EXTERNAL,N00086,N00181,True,Exact match
275,276,EXTERNAL,N00086,N00211,True,Exact match
276,277,EXTERNAL,N00086,N00228,True,Exact match
277,278,EXTERNAL,N00086,N00241,True,Exact match
278,279,EXTERNAL,N00093,N00028,True,Exact match
279,280,EXTERNAL,N00093,N00100,True,Exact match
280,281,EXTERNAL,N00093,N00110,True,Exact match
281,282,EXTERNAL,N00093,N00116,True,Exact match
282,283,EXTERNAL,N00093,N00174,True,Exact match
283,284,EXTERNAL,N00093,N00181,True,Exact match
284,285,EXTERNAL,N00093,N00211,True,Exact match
285,286,EXTERNAL,N00093,N00228,True,Exact match
286,287,EXTERNAL,N00093,N00241,True,Exact match
287,288,EXTERNAL,N00094,N00028,True,Exact match
288,289,EXTERNAL,N00094,N00100,True,Exact match
289,290,EXTERNAL,N00094,N00110,True,Exact match
290,291,EXTERNAL,N00094,N00116,True,Exact match
291,292,EXTERNAL,N00094,N00174,True,Exact match
292,293,EXTERNAL,N00094,N00181,True,Exact match
293,294,EXTERNAL,N00094,N00211,True,Exact match
294,295,EXTERNAL,N00094,N00228,True,Exact match
295,296,EXTERNAL,N00094,N00241,True,Exact match
296,297,EXTERNAL,N00099,N00028,True,Exact match
297,298,EXTERNAL,N00099,N00100,True,Exact match
298,299,EXTERNAL,N00099,N00110,True,Exact match
299,300,EXTERNAL,N00099,N00116,True,Exact match
300,301,EXTERNAL,N00099,N00174,True,Exact match
301,302,EXTERNAL,N00099,N00181,True,Exact match
302,303,EXTERNAL,N00099,N00211,True,Exact match
303,304,EXTERNAL,N00099,N00228,True,Exact match
304,305,EXTERNAL,N00099,N00241,True,Exact match
305,306,EXTERNAL,N00101,N00028,True,Exact match
306,307,EXTERNAL,N00101,N00100,True,Exact match
307,308,EXTERNAL,N00101,N00110,True,Exact match
308,309,EXTERNAL,N00101,N00116,True,Exact match
309,310,EXTERNAL,N00101,N00174,True,Exact match
310,311,EXTERNAL,N00101,N00181,True,Exact match
311,312,EXTERNAL,N00101,N00211,True,Exact match
312,313,EXTERNAL,N00101,N00228,True,Exact match
313,314,EXTERNAL,N00101,N00241,True,Exact match
314,315,EXTERNAL,N00137,N00028,True,Exact match
315,316,EXTERNAL,N00137,N00100,True,Exact match
316,317,EXTERNAL,N00137,N00110,True,Exact match
317,318,EXTERNAL,N00137,N00116,True,Exact match
318,319,EXTERNAL,N00137,N00174,True,Exact match
319,320,EXTERNAL,N00137,N00181,True,Exact match
320,321,EXTERNAL,N00137,N00211,True,Exact match
321,322,EXTERNAL,N00137,N00228,True,Exact match
322,323,EXTERNAL,N00137,N00241,True,Exact match
323,324,EXTERNAL,N00147,N00028,True,Exact match
324,325,EXTERNAL,N00147,N00100,True,Exact match
325,326,EXTERNAL,N00147,N00110,True,Exact match
326,327,EXTERNAL,N00147,N00116,True,Exact match
327,328,EXTERNAL,N00147,N00174,True,Exact match
328,329,EXTERNAL,N00147,N00181,True,Exact match
329,330,EXTERNAL,N00147,N00211,True,Exact match
330,331,EXTERNAL,N00147,N00228,True,Exact match
331,332,EXTERNAL,N00147,N00241,True,Exact match
332,333,EXTERNAL,N00150,N00028,True,Exact match
333,334,EXTERNAL,N00150,N00100,True,Exact match
334,335,EXTERNAL,N00150,N00110,True,Exact match
335,336,EXTERNAL,N00150,N00116,True,Exact match
336,337,EXTERNAL,N00150,N00174,True,Exact match
337,338,EXTERNAL,N00150,N00181,True,Exact match
338,339,EXTERNAL,N00150,N00211,True,Exact match
339,340,EXTERNAL,N00150,N00228,True,Exact match
340,341,EXTERNAL,N00150,N00241,True,Exact match
341,342,EXTERNAL,N00163,N00028,True,Exact match
342,343,EXTERNAL,N00163,N00100,True,Exact match
343,344,EXTERNAL,N00163,N00110,True,Exact match
344,345,EXTERNAL,N00163,N00116,True,Exact match
345,346,EXTERNAL,N00163,N00174,True,Exact match
346,347,EXTERNAL,N00163,N00181,True,Exact match
347,348,EXTERNAL,N00163,N00211,True,Exact match
348,349,EXTERNAL,N00163,N00228,True,Exact match
349,350,EXTERNAL,N00163,N00241,True,Exact match
350,351,EXTERNAL,N00179,N00028,True,Exact match
351,352,EXTERNAL,N00179,N00100,True,Exact match
352,353,EXTERNAL,N00179,N00110,True,Exact match
353,354,EXTERNAL,N00179,N00116,True,Exact match
354,355,EXTERNAL,N00179,N00174,True,Exact match
355,356,EXTERNAL,N00179,N00181,True,Exact match
356,357,EXTERNAL,N00179,N00211,True,Exact match
357,358,EXTERNAL,N00179,N00228,True,Exact match
358,359,EXTERNAL,N00179,N00241,True,Exact match
359,360,EXTERNAL,N00182,N00028,True,Exact match
360,361,EXTERNAL,N00182,N00100,True,Exact match
361,362,EXTERNAL,N00182,N00110,True,Exact match
362,363,EXTERNAL,N00182,N00116,True,Exact match
363,364,EXTERNAL,N00182,N00174,True,Exact match
364,365,EXTERNAL,N00182,N00181,True,Exact match
365,366,EXTERNAL,N00182,N00211,True,Exact match
366,367,EXTERNAL,N00182,N00228,True,Exact match
367,368,EXTERNAL,N00182,N00241,True,Exact match
368,369,EXTERNAL,N00188,N00028,True,Exact match
369,370,EXTERNAL,N00188,N00100,True,Exact match
370,371,EXTERNAL,N00188,N00110,True,Exact match
371,372,EXTERNAL,N00188,N00116,True,Exact match
372,373,EXTERNAL,N00188,N00174,True,Exact match
373,374,EXTERNAL,N00188,N00181,True,Exact match
374,375,EXTERNAL,N00188,N00211,True,Exact match
375,376,EXTERNAL,N00188,N00228,True,Exact match
376,377,EXTERNAL,N00188,N00241,True,Exact match
377,378,EXTERNAL,N00199,N00028,True,Exact match
378,379,EXTERNAL,N00199,N00100,True,Exact match
379,380,EXTERNAL,N00199,N00110,True,Exact match
380,381,EXTERNAL,N00199,N00116,True,Exact match
381,382,EXTERNAL,N00199,N00174,True,Exact match
382,383,EXTERNAL,N00199,N00181,True,Exact match
383,384,EXTERNAL,N00199,N00211,True,Exact match
384,385,EXTERNAL,N00199,N00228,True,Exact match
385,386,EXTERNAL,N00199,N00241,True,Exact match
386,387,EXTERNAL,N00203,N00028,True,Exact match
387,388,EXTERNAL,N00203,N00100,True,Exact match
388,389,EXTERNAL,N00203,N00110,True,Exact match
389,390,EXTERNAL,N00203,N00116,True,Exact match
390,391,EXTERNAL,N00203,N00174,True,Exact match
391,392,EXTERNAL,N00203,N00181,True,Exact match
392,393,EXTERNAL,N00203,N00211,True,Exact match
393,394,EXTERNAL,N00203,N00228,True,Exact match
394,395,EXTERNAL,N00203,N00241,True,Exact match
395,396,EXTERNAL,N00212,N00028,True,Exact match
396,397,EXTERNAL,N00212,N00100,True,Exact match
397,398,EXTERNAL,N00212,N00110,True,Exact match
398,399,EXTERNAL,N00212,N00116,True,Exact match
399,400,EXTERNAL,N00212,N00174,True,Exact match
400,401,EXTERNAL,N00212,N00181,True,Exact match
401,402,EXTERNAL,N00212,N00211,True,Exact match
402,403,EXTERNAL,N00212,N00228,True,Exact match
403,404,EXTERNAL,N00212,N00241,True,Exact match
404,405,EXTERNAL,N00236,N00028,True,Exact match
405,406,EXTERNAL,N00236,N00100,True,Exact match
406,407,EXTERNAL,N00236,N00110,True,Exact match
407,408,EXTERNAL,N00236,N00116,True,Exact match
408,409,EXTERNAL,N00236,N00174,True,Exact match
409,410,EXTERNAL,N00236,N00181,True,Exact match
410,411,EXTERNAL,N00236,N00211,True,Exact match
411,412,EXTERNAL,N00236,N00228,True,Exact match
412,413,EXTERNAL,N00236,N00241,True,Exact match
413,414,EXTERNAL,N00237,N00028,True,Exact match
414,415,EXTERNAL,N00237,N00100,True,Exact match
415,416,EXTERNAL,N00237,N00110,True,Exact match
416,417,EXTERNAL,N00237,N00116,True,Exact match
417,418,EXTERNAL,N00237,N00174,True,Exact match
418,419,EXTERNAL,N00237,N00181,True,Exact match
419,420,EXTERNAL,N00237,N00211,True,Exact match
420,421,EXTERNAL,N00237,N00228,True,Exact match
421,422,EXTERNAL,N00237,N00241,True,Exact match
422,423,MGMT,N01017,N01014,True,Exact match
423,424,MGMT,N01017,N01064,True,Exact match
424,425,MGMT,N01017,N01129,True,Exact match
425,426,MGMT,N01017,N01169,True,Exact match
426,427,MGMT,N01017,N01180,True,Exact match
427,428,MGMT,N01017,N01202,True,Exact match
428,429,MGMT,N01018,N01014,True,Exact match
429,430,MGMT,N01018,N01064,True,Exact match
430,431,MGMT,N01018,N01129,True,Exact match
431,432,MGMT,N01018,N01169,True,Exact match
432,433,MGMT,N01018,N01180,True,Exact match
433,434,MGMT,N01018,N01202,True,Exact match
434,435,MGMT,N01021,N01014,True,Exact match
435,436,MGMT,N01021,N01064,True,Exact match
436,437,MGMT,N01021,N01129,True,Exact match
437,438,MGMT,N01021,N01169,True,Exact match
438,439,MGMT,N01021,N01180,True,Exact match
439,440,MGMT,N01021,N01202,True,Exact match
440,441,MGMT,N01022,N01014,True,Exact match
441,442,MGMT,N01022,N01064,True,Exact match
442,443,MGMT,N01022,N01129,True,Exact match
443,444,MGMT,N01022,N01169,True,Exact match
444,445,MGMT,N01022,N01180,True,Exact match
445,446,MGMT,N01022,N01202,True,Exact match
446,447,MGMT,N01023,N01014,True,Exact match
447,448,MGMT,N01023,N01064,True,Exact match
448,449,MGMT,N01023,N01129,True,Exact match
449,450,MGMT,N01023,N01169,True,Exact match
450,451,MGMT,N01023,N01180,True,Exact match
451,452,MGMT,N01023,N01202,True,Exact match
452,453,MGMT,N01026,N01014,True,Exact match
453,454,MGMT,N01026,N01064,True,Exact match
454,455,MGMT,N01026,N01129,True,Exact match
455,456,MGMT,N01026,N01169,True,Exact match
456,457,MGMT,N01026,N01180,True,Exact match
457,458,MGMT,N01026,N01202,True,Exact match
458,459,MGMT,N01044,N01014,True,Exact match
459,460,MGMT,N01044,N01064,True,Exact match
460,461,MGMT,N01044,N01129,True,Exact match
461,462,MGMT,N01044,N01169,True,Exact match
462,463,MGMT,N01044,N01180,True,Exact match
463,464,MGMT,N01044,N01202,True,Exact match
464,465,MGMT,N01072,N01014,True,Exact match
465,466,MGMT,N01072,N01064,True,Exact match
466,467,MGMT,N01072,N01129,True,Exact match
467,468,MGMT,N01072,N01169,True,Exact match
468,469,MGMT,N01072,N01180,True,Exact match
469,470,MGMT,N01072,N01202,True,Exact match
470,471,MGMT,N01085,N01014,True,Exact match
471,472,MGMT,N01085,N01064,True,Exact match
472,473,MGMT,N01085,N01129,True,Exact match
473,474,MGMT,N01085,N01169,True,Exact match
474,475,MGMT,N01085,N01180,True,Exact match
475,476,MGMT,N01085,N01202,True,Exact match
476,477,MGMT,N01097,N01014,True,Exact match
477,478,MGMT,N01097,N01064,True,Exact match
478,479,MGMT,N01097,N01129,True,Exact match
479,480,MGMT,N01097,N01169,True,Exact match
480,481,MGMT,N01097,N01180,True,Exact match
481,482,MGMT,N01097,N01202,True,Exact match
482,483,MGMT,N01111,N01014,True,Exact match
483,484,MGMT,N01111,N01064,True,Exact match
484,485,MGMT,N01111,N01129,True,Exact match
485,486,MGMT,N01111,N01169,True,Exact match
486,487,MGMT,N01111,N01180,True,Exact match
487,488,MGMT,N01111,N01202,True,Exact match
488,489,MGMT,N01119,N01014,True,Exact match
489,490,MGMT,N01119,N01064,True,Exact match
490,491,MGMT,N01119,N01129,True,Exact match
491,492,MGMT,N01119,N01169,True,Exact match
492,493,MGMT,N01119,N01180,True,Exact match
493,494,MGMT,N01119,N01202,True,Exact match
494,495,MGMT,N01235,N01014,True,Exact match
495,496,MGMT,N01235,N01064,True,Exact match
496,497,MGMT,N01235,N01129,True,Exact match
497,498,MGMT,N01235,N01169,True,Exact match
498,499,MGMT,N01235,N01180,True,Exact match
499,500,MGMT,N01235,N01202,True,Exact match
500,501,OT,N01280,N01266,True,Exact match
501,502,OT,N01280,N01326,True,Exact match
502,503,OT,N01280,N01360,True,Exact match
503,504,OT,N01280,N01393,True,Exact match
504,505,OT,N01280,N01415,True,Exact match
505,506,OT,N01280,N01421,True,Exact match
506,507,OT,N01280,N01447,True,Exact match
507,508,OT,N01280,N01452,True,Exact match
508,509,OT,N01280,N01459,True,Exact match
509,510,OT,N01280,N01463,True,Exact match
510,511,OT,N01280,N01477,True,Exact match
511,512,OT,N01280,N01492,True,Exact match
512,513,OT,N01280,N01500,True,Exact match
513,514,OT,N01285,N01266,True,Exact match
514,515,OT,N01285,N01326,True,Exact match
515,516,OT,N01285,N01360,True,Exact match
516,517,OT,N01285,N01393,True,Exact match
517,518,OT,N01285,N01415,True,Exact match
518,519,OT,N01285,N01421,True,Exact match
519,520,OT,N01285,N01447,True,Exact match
520,521,OT,N01285,N01452,True,Exact match
521,522,OT,N01285,N01459,True,Exact match
522,523,OT,N01285,N01463,True,Exact match
523,524,OT,N01285,N01477,True,Exact match
524,525,OT,N01285,N01492,True,Exact match
525,526,OT,N01285,N01500,True,Exact match
526,527,OT,N01291,N01266,True,Exact match
527,528,OT,N01291,N01326,True,Exact match
528,529,OT,N01291,N01360,True,Exact match
529,530,OT,N01291,N01393,True,Exact match
530,531,OT,N01291,N01415,True,Exact match
531,532,OT,N01291,N01421,True,Exact match
532,533,OT,N01291,N01447,True,Exact match
533,534,OT,N01291,N01452,True,Exact match
534,535,OT,N01291,N01459,True,Exact match
535,536,OT,N01291,N01463,True,Exact match
536,537,OT,N01291,N01477,True,Exact match
537,538,OT,N01291,N01492,True,Exact match
538,539,OT,N01291,N01500,True,Exact match
539,540,OT,N01294,N01266,True,Exact match
540,541,OT,N01294,N01326,True,Exact match
541,542,OT,N01294,N01360,True,Exact match
542,543,OT,N01294,N01393,True,Exact match
543,544,OT,N01294,N01415,True,Exact match
544,545,OT,N01294,N01421,True,Exact match
545,546,OT,N01294,N01447,True,Exact match
546,547,OT,N01294,N01452,True,Exact match
547,548,OT,N01294,N01459,True,Exact match
548,549,OT,N01294,N01463,True,Exact match
549,550,OT,N01294,N01477,True,Exact match
550,551,OT,N01294,N01492,True,Exact match
551,552,OT,N01294,N01500,True,Exact match
552,553,OT,N01297,N01266,True,Exact match
553,554,OT,N01297,N01326,True,Exact match
554,555,OT,N01297,N01360,True,Exact match
555,556,OT,N01297,N01393,True,Exact match
556,557,OT,N01297,N01415,True,Exact match
557,558,OT,N01297,N01421,True,Exact match
558,559,OT,N01297,N01447,True,Exact match
559,560,OT,N01297,N01452,True,Exact match
560,561,OT,N01297,N01459,True,Exact match
561,562,OT,N01297,N01463,True,Exact match
562,563,OT,N01297,N01477,True,Exact match
563,564,OT,N01297,N01492,True,Exact match
564,565,OT,N01297,N01500,True,Exact match
565,566,OT,N01298,N01266,True,Exact match
566,567,OT,N01298,N01326,True,Exact match
567,568,OT,N01298,N01360,True,Exact match
568,569,OT,N01298,N01393,True,Exact match
569,570,OT,N01298,N01415,True,Exact match
570,571,OT,N01298,N01421,True,Exact match
571,572,OT,N01298,N01447,True,Exact match
572,573,OT,N01298,N01452,True,Exact match
573,574,OT,N01298,N01459,True,Exact match
574,575,OT,N01298,N01463,True,Exact match
575,576,OT,N01298,N01477,True,Exact match
576,577,OT,N01298,N01492,True,Exact match
577,578,OT,N01298,N01500,True,Exact match
578,579,OT,N01315,N01266,True,Exact match
579,580,OT,N01315,N01326,True,Exact match
580,581,OT,N01315,N01360,True,Exact match
581,582,OT,N01315,N01393,True,Exact match
582,583,OT,N01315,N01415,True,Exact match
583,584,OT,N01315,N01421,True,Exact match
584,585,OT,N01315,N01447,True,Exact match
585,586,OT,N01315,N01452,True,Exact match
586,587,OT,N01315,N01459,True,Exact match
587,588,OT,N01315,N01463,True,Exact match
588,589,OT,N01315,N01477,True,Exact match
589,590,OT,N01315,N01492,True,Exact match
590,591,OT,N01315,N01500,True,Exact match
591,592,OT,N01317,N01266,True,Exact match
592,593,OT,N01317,N01326,True,Exact match
593,594,OT,N01317,N01360,True,Exact match
594,595,OT,N01317,N01393,True,Exact match
595,596,OT,N01317,N01415,True,Exact match
596,597,OT,N01317,N01421,True,Exact match
597,598,OT,N01317,N01447,True,Exact match
598,599,OT,N01317,N01452,True,Exact match
599,600,OT,N01317,N01459,True,Exact match
600,601,OT,N01317,N01463,True,Exact match
601,602,OT,N01317,N01477,True,Exact match
602,603,OT,N01317,N01492,True,Exact match
603,604,OT,N01317,N01500,True,Exact match
604,605,OT,N01331,N01266,True,Exact match
605,606,OT,N01331,N01326,True,Exact match
606,607,OT,N01331,N01360,True,Exact match
607,608,OT,N01331,N01393,True,Exact match
608,609,OT,N01331,N01415,True,Exact match
609,610,OT,N01331,N01421,True,Exact match
610,611,OT,N01331,N01447,True,Exact match
611,612,OT,N01331,N01452,True,Exact match
612,613,OT,N01331,N01459,True,Exact match
613,614,OT,N01331,N01463,True,Exact match
614,615,OT,N01331,N01477,True,Exact match
615,616,OT,N01331,N01492,True,Exact match
616,617,OT,N01331,N01500,True,Exact match
617,618,OT,N01343,N01266,True,Exact match
618,619,OT,N01343,N01326,True,Exact match
619,620,OT,N01343,N01360,True,Exact match
620,621,OT,N01343,N01393,True,Exact match
621,622,OT,N01343,N01415,True,Exact match
622,623,OT,N01343,N01421,True,Exact match
623,624,OT,N01343,N01447,True,Exact match
624,625,OT,N01343,N01452,True,Exact match
625,626,OT,N01343,N01459,True,Exact match
626,627,OT,N01343,N01463,True,Exact match
627,628,OT,N01343,N01477,True,Exact match
628,629,OT,N01343,N01492,True,Exact match
629,630,OT,N01343,N01500,True,Exact match
630,631,OT,N01354,N01266,True,Exact match
631,632,OT,N01354,N01326,True,Exact match
632,633,OT,N01354,N01360,True,Exact match
633,634,OT,N01354,N01393,True,Exact match
634,635,OT,N01354,N01415,True,Exact match
635,636,OT,N01354,N01421,True,Exact match
636,637,OT,N01354,N01447,True,Exact match
637,638,OT,N01354,N01452,True,Exact match
638,639,OT,N01354,N01459,True,Exact match
639,640,OT,N01354,N01463,True,Exact match
640,641,OT,N01354,N01477,True,Exact match
641,642,OT,N01354,N01492,True,Exact match
642,643,OT,N01354,N01500,True,Exact match
643,644,OT,N01359,N01266,True,Exact match
644,645,OT,N01359,N01326,True,Exact match
645,646,OT,N01359,N01360,True,Exact match
646,647,OT,N01359,N01393,True,Exact match
647,648,OT,N01359,N01415,True,Exact match
648,649,OT,N01359,N01421,True,Exact match
649,650,OT,N01359,N01447,True,Exact match
650,651,OT,N01359,N01452,True,Exact match
651,652,OT,N01359,N01459,True,Exact match
652,653,OT,N01359,N01463,True,Exact match
653,654,OT,N01359,N01477,True,Exact match
654,655,OT,N01359,N01492,True,Exact match
655,656,OT,N01359,N01500,True,Exact match
656,657,OT,N01390,N01266,True,Exact match
657,658,OT,N01390,N01326,True,Exact match
658,659,OT,N01390,N01360,True,Exact match
659,660,OT,N01390,N01393,True,Exact match
660,661,OT,N01390,N01415,True,Exact match
661,662,OT,N01390,N01421,True,Exact match
662,663,OT,N01390,N01447,True,Exact match
663,664,OT,N01390,N01452,True,Exact match
664,665,OT,N01390,N01459,True,Exact match
665,666,OT,N01390,N01463,True,Exact match
666,667,OT,N01390,N01477,True,Exact match
667,668,OT,N01390,N01492,True,Exact match
668,669,OT,N01390,N01500,True,Exact match
669,670,OT,N01396,N01266,True,Exact match
670,671,OT,N01396,N01326,True,Exact match
671,672,OT,N01396,N01360,True,Exact match
672,673,OT,N01396,N01393,True,Exact match
673,674,OT,N01396,N01415,True,Exact match
674,675,OT,N01396,N01421,True,Exact match
675,676,OT,N01396,N01447,True,Exact match
676,677,OT,N01396,N01452,True,Exact match
677,678,OT,N01396,N01459,True,Exact match
678,679,OT,N01396,N01463,True,Exact match
679,680,OT,N01396,N01477,True,Exact match
680,681,OT,N01396,N01492,True,Exact match
681,682,OT,N01396,N01500,True,Exact match
682,683,OT,N01403,N01266,True,Exact match
683,684,OT,N01403,N01326,True,Exact match
684,685,OT,N01403,N01360,True,Exact match
685,686,OT,N01403,N01393,True,Exact match
686,687,OT,N01403,N01415,True,Exact match
687,688,OT,N01403,N01421,True,Exact match
688,689,OT,N01403,N01447,True,Exact match
689,690,OT,N01403,N01452,True,Exact match
690,691,OT,N01403,N01459,True,Exact match
691,692,OT,N01403,N01463,True,Exact match
692,693,OT,N01403,N01477,True,Exact match
693,694,OT,N01403,N01492,True,Exact match
694,695,OT,N01403,N01500,True,Exact match
695,696,OT,N01445,N01266,True,Exact match
696,697,OT,N01445,N01326,True,Exact match
697,698,OT,N01445,N01360,True,Exact match
698,699,OT,N01445,N01393,True,Exact match
699,700,OT,N01445,N01415,True,Exact match
700,701,OT,N01445,N01421,True,Exact match
701,702,OT,N01445,N01447,True,Exact match
702,703,OT,N01445,N01452,True,Exact match
703,704,OT,N01445,N01459,True,Exact match
704,705,OT,N01445,N01463,True,Exact match
705,706,OT,N01445,N01477,True,Exact match
706,707,OT,N01445,N01492,True,Exact match
707,708,OT,N01445,N01500,True,Exact match
708,709,OT,N01461,N01266,True,Exact match
709,710,OT,N01461,N01326,True,Exact match
710,711,OT,N01461,N01360,True,Exact match
711,712,OT,N01461,N01393,True,Exact match
712,713,OT,N01461,N01415,True,Exact match
713,714,OT,N01461,N01421,True,Exact match
714,715,OT,N01461,N01447,True,Exact match
715,716,OT,N01461,N01452,True,Exact match
716,717,OT,N01461,N01459,True,Exact match
717,718,OT,N01461,N01463,True,Exact match
718,719,OT,N01461,N01477,True,Exact match
719,720,OT,N01461,N01492,True,Exact match
720,721,OT,N01461,N01500,True,Exact match
721,722,OT,N01478,N01266,True,Exact match
722,723,OT,N01478,N01326,True,Exact match
723,724,OT,N01478,N01360,True,Exact match
724,725,OT,N01478,N01393,True,Exact match
725,726,OT,N01478,N01415,True,Exact match
726,727,OT,N01478,N01421,True,Exact match
727,728,OT,N01478,N01447,True,Exact match
728,729,OT,N01478,N01452,True,Exact match
729,730,OT,N01478,N01459,True,Exact match
730,731,OT,N01478,N01463,True,Exact match
731,732,OT,N01478,N01477,True,Exact match
732,733,OT,N01478,N01492,True,Exact match
733,734,OT,N01478,N01500,True,Exact match
734,735,OT,N01487,N01266,True,Exact match
735,736,OT,N01487,N01326,True,Exact match
736,737,OT,N01487,N01360,True,Exact match
737,738,OT,N01487,N01393,True,Exact match
738,739,OT,N01487,N01415,True,Exact match
739,740,OT,N01487,N01421,True,Exact match
740,741,OT,N01487,N01447,True,Exact match
741,742,OT,N01487,N01452,True,Exact match
742,743,OT,N01487,N01459,True,Exact match
743,744,OT,N01487,N01463,True,Exact match
744,745,OT,N01487,N01477,True,Exact match
745,746,OT,N01487,N01492,True,Exact match
746,747,OT,N01487,N01500,True,Exact match
747,748,PARTNER_VPN,N01773,N01788,True,Exact match
748,749,PARTNER_VPN,N01773,N01796,True,Exact match
749,750,PARTNER_VPN,N01773,N01880,True,Exact match
750,751,PARTNER_VPN,N01773,N01929,True,Exact match
751,752,PARTNER_VPN,N01773,N01966,True,Exact match
752,753,PARTNER_VPN,N01773,N01989,True,Exact match
753,754,PARTNER_VPN,N01773,N02000,True,Exact match
754,755,PARTNER_VPN,N01774,N01788,True,Exact match
755,756,PARTNER_VPN,N01774,N01796,True,Exact match
756,757,PARTNER_VPN,N01774,N01880,True,Exact match
757,758,PARTNER_VPN,N01774,N01929,True,Exact match
758,759,PARTNER_VPN,N01774,N01966,True,Exact match
759,760,PARTNER_VPN,N01774,N01989,True,Exact match
760,761,PARTNER_VPN,N01774,N02000,True,Exact match
761,762,PARTNER_VPN,N01776,N01788,True,Exact match
762,763,PARTNER_VPN,N01776,N01796,True,Exact match
763,764,PARTNER_VPN,N01776,N01880,True,Exact match
764,765,PARTNER_VPN,N01776,N01929,True,Exact match
765,766,PARTNER_VPN,N01776,N01966,True,Exact match
766,767,PARTNER_VPN,N01776,N01989,True,Exact match
767,768,PARTNER_VPN,N01776,N02000,True,Exact match
768,769,PARTNER_VPN,N01789,N01788,True,Exact match
769,770,PARTNER_VPN,N01789,N01796,True,Exact match
770,771,PARTNER_VPN,N01789,N01880,True,Exact match
771,772,PARTNER_VPN,N01789,N01929,True,Exact match
772,773,PARTNER_VPN,N01789,N01966,True,Exact match
773,774,PARTNER_VPN,N01789,N01989,True,Exact match
774,775,PARTNER_VPN,N01789,N02000,True,Exact match
775,776,PARTNER_VPN,N01790,N01788,True,Exact match
776,777,PARTNER_VPN,N01790,N01796,True,Exact match
777,778,PARTNER_VPN,N01790,N01880,True,Exact match
778,779,PARTNER_VPN,N01790,N01929,True,Exact match
779,780,PARTNER_VPN,N01790,N01966,True,Exact match
780,781,PARTNER_VPN,N01790,N01989,True,Exact match
781,782,PARTNER_VPN,N01790,N02000,True,Exact match
782,783,PARTNER_VPN,N01794,N01788,True,Exact match
783,784,PARTNER_VPN,N01794,N01796,True,Exact match
784,785,PARTNER_VPN,N01794,N01880,True,Exact match
785,786,PARTNER_VPN,N01794,N01929,True,Exact match
786,787,PARTNER_VPN,N01794,N01966,True,Exact match
787,788,PARTNER_VPN,N01794,N01989,True,Exact match
788,789,PARTNER_VPN,N01794,N02000,True,Exact match
789,790,PARTNER_VPN,N01819,N01788,True,Exact match
790,791,PARTNER_VPN,N01819,N01796,True,Exact match
791,792,PARTNER_VPN,N01819,N01880,True,Exact match
792,793,PARTNER_VPN,N01819,N01929,True,Exact match
793,794,PARTNER_VPN,N01819,N01966,True,Exact match
794,795,PARTNER_VPN,N01819,N01989,True,Exact match
795,796,PARTNER_VPN,N01819,N02000,True,Exact match
796,797,PARTNER_VPN,N01831,N01788,True,Exact match
797,798,PARTNER_VPN,N01831,N01796,True,Exact match
798,799,PARTNER_VPN,N01831,N01880,True,Exact match
799,800,PARTNER_VPN,N01831,N01929,True,Exact match
800,801,PARTNER_VPN,N01831,N01966,True,Exact match
801,802,PARTNER_VPN,N01831,N01989,True,Exact match
802,803,PARTNER_VPN,N01831,N02000,True,Exact match
803,804,PARTNER_VPN,N01836,N01788,True,Exact match
804,805,PARTNER_VPN,N01836,N01796,True,Exact match
805,806,PARTNER_VPN,N01836,N01880,True,Exact match
806,807,PARTNER_VPN,N01836,N01929,True,Exact match
807,808,PARTNER_VPN,N01836,N01966,True,Exact match
808,809,PARTNER_VPN,N01836,N01989,True,Exact match
809,810,PARTNER_VPN,N01836,N02000,True,Exact match
810,811,PARTNER_VPN,N01879,N01788,True,Exact match
811,812,PARTNER_VPN,N01879,N01796,True,Exact match
812,813,PARTNER_VPN,N01879,N01880,True,Exact match
813,814,PARTNER_VPN,N01879,N01929,True,Exact match
814,815,PARTNER_VPN,N01879,N01966,True,Exact match
815,816,PARTNER_VPN,N01879,N01989,True,Exact match
816,817,PARTNER_VPN,N01879,N02000,True,Exact match
817,818,PARTNER_VPN,N01889,N01788,True,Exact match
818,819,PARTNER_VPN,N01889,N01796,True,Exact match
819,820,PARTNER_VPN,N01889,N01880,True,Exact match
820,821,PARTNER_VPN,N01889,N01929,True,Exact match
821,822,PARTNER_VPN,N01889,N01966,True,Exact match
822,823,PARTNER_VPN,N01889,N01989,True,Exact match
823,824,PARTNER_VPN,N01889,N02000,True,Exact match
824,825,PARTNER_VPN,N01893,N01788,True,Exact match
825,826,PARTNER_VPN,N01893,N01796,True,Exact match
826,827,PARTNER_VPN,N01893,N01880,True,Exact match
827,828,PARTNER_VPN,N01893,N01929,True,Exact match
828,829,PARTNER_VPN,N01893,N01966,True,Exact match
829,830,PARTNER_VPN,N01893,N01989,True,Exact match
830,831,PARTNER_VPN,N01893,N02000,True,Exact match
831,832,PARTNER_VPN,N01920,N01788,True,Exact match
832,833,PARTNER_VPN,N01920,N01796,True,Exact match
833,834,PARTNER_VPN,N01920,N01880,True,Exact match
834,835,PARTNER_VPN,N01920,N01929,True,Exact match
835,836,PARTNER_VPN,N01920,N01966,True,Exact match
836,837,PARTNER_VPN,N01920,N01989,True,Exact match
837,838,PARTNER_VPN,N01920,N02000,True,Exact match
838,839,PARTNER_VPN,N01921,N01788,True,Exact match
839,840,PARTNER_VPN,N01921,N01796,True,Exact match
840,841,PARTNER_VPN,N01921,N01880,True,Exact match
841,842,PARTNER_VPN,N01921,N01929,True,Exact match
842,843,PARTNER_VPN,N01921,N01966,True,Exact match
843,844,PARTNER_VPN,N01921,N01989,True,Exact match
844,845,PARTNER_VPN,N01921,N02000,True,Exact match
845,846,PARTNER_VPN,N01947,N01788,True,Exact match
846,847,PARTNER_VPN,N01947,N01796,True,Exact match
847,848,PARTNER_VPN,N01947,N01880,True,Exact match
848,849,PARTNER_VPN,N01947,N01929,True,Exact match
849,850,PARTNER_VPN,N01947,N01966,True,Exact match
850,851,PARTNER_VPN,N01947,N01989,True,Exact match
851,852,PARTNER_VPN,N01947,N02000,True,Exact match
852,853,PARTNER_VPN,N01959,N01788,True,Exact match
853,854,PARTNER_VPN,N01959,N01796,True,Exact match
854,855,PARTNER_VPN,N01959,N01880,True,Exact match
855,856,PARTNER_VPN,N01959,N01929,True,Exact match
856,857,PARTNER_VPN,N01959,N01966,True,Exact match
857,858,PARTNER_VPN,N01959,N01989,True,Exact match
858,859,PARTNER_VPN,N01959,N02000,True,Exact match
859,860,PARTNER_VPN,N01981,N01788,True,Exact match
860,861,PARTNER_VPN,N01981,N01796,True,Exact match
861,862,PARTNER_VPN,N01981,N01880,True,Exact match
862,863,PARTNER_VPN,N01981,N01929,True,Exact match
863,864,PARTNER_VPN,N01981,N01966,True,Exact match
864,865,PARTNER_VPN,N01981,N01989,True,Exact match
865,866,PARTNER_VPN,N01981,N02000,True,Exact match
866,867,PARTNER_VPN,N01992,N01788,True,Exact match
867,868,PARTNER_VPN,N01992,N01796,True,Exact match
868,869,PARTNER_VPN,N01992,N01880,True,Exact match
869,870,PARTNER_VPN,N01992,N01929,True,Exact match
870,871,PARTNER_VPN,N01992,N01966,True,Exact match
871,872,PARTNER_VPN,N01992,N01989,True,Exact match
872,873,PARTNER_VPN,N01992,N02000,True,Exact match
873,874,PARTNER_VPN,N01998,N01788,True,Exact match
874,875,PARTNER_VPN,N01998,N01796,True,Exact match
875,876,PARTNER_VPN,N01998,N01880,True,Exact match
876,877,PARTNER_VPN,N01998,N01929,True,Exact match
877,878,PARTNER_VPN,N01998,N01966,True,Exact match
878,879,PARTNER_VPN,N01998,N01989,True,Exact match
879,880,PARTNER_VPN,N01998,N02000,True,Exact match
880,881,SERVER_LAN,N00778,N00790,True,Exact match
881,882,SERVER_LAN,N00778,N00820,True,Exact match
882,883,SERVER_LAN,N00778,N00865,True,Exact match
883,884,SERVER_LAN,N00778,N00925,True,Exact match
884,885,SERVER_LAN,N00778,N00940,True,Exact match
885,886,SERVER_LAN,N00778,N00976,True,Exact match
886,887,SERVER_LAN,N00797,N00790,True,Exact match
887,888,SERVER_LAN,N00797,N00820,True,Exact match
888,889,SERVER_LAN,N00797,N00865,True,Exact match
889,890,SERVER_LAN,N00797,N00925,True,Exact match
890,891,SERVER_LAN,N00797,N00940,True,Exact match
891,892,SERVER_LAN,N00797,N00976,True,Exact match
892,893,SERVER_LAN,N00805,N00790,True,Exact match
893,894,SERVER_LAN,N00805,N00820,True,Exact match
894,895,SERVER_LAN,N00805,N00865,True,Exact match
895,896,SERVER_LAN,N00805,N00925,True,Exact match
896,897,SERVER_LAN,N00805,N00940,True,Exact match
897,898,SERVER_LAN,N00805,N00976,True,Exact match
898,899,SERVER_LAN,N00811,N00790,True,Exact match
899,900,SERVER_LAN,N00811,N00820,True,Exact match
900,901,SERVER_LAN,N00811,N00865,True,Exact match
901,902,SERVER_LAN,N00811,N00925,True,Exact match
902,903,SERVER_LAN,N00811,N00940,True,Exact match
903,904,SERVER_LAN,N00811,N00976,True,Exact match
904,905,SERVER_LAN,N00824,N00790,True,Exact match
905,906,SERVER_LAN,N00824,N00820,True,Exact match
906,907,SERVER_LAN,N00824,N00865,True,Exact match
907,908,SERVER_LAN,N00824,N00925,True,Exact match
908,909,SERVER_LAN,N00824,N00940,True,Exact match
909,910,SERVER_LAN,N00824,N00976,True,Exact match
910,911,SERVER_LAN,N00830,N00790,True,Exact match
911,912,SERVER_LAN,N00830,N00820,True,Exact match
912,913,SERVER_LAN,N00830,N00865,True,Exact match
913,914,SERVER_LAN,N00830,N00925,True,Exact match
914,915,SERVER_LAN,N00830,N00940,True,Exact match
915,916,SERVER_LAN,N00830,N00976,True,Exact match
916,917,SERVER_LAN,N00836,N00790,True,Exact match
917,918,SERVER_LAN,N00836,N00820,True,Exact match
918,919,SERVER_LAN,N00836,N00865,True,Exact match
919,920,SERVER_LAN,N00836,N00925,True,Exact match
920,921,SERVER_LAN,N00836,N00940,True,Exact match
921,922,SERVER_LAN,N00836,N00976,True,Exact match
922,923,SERVER_LAN,N00847,N00790,True,Exact match
923,924,SERVER_LAN,N00847,N00820,True,Exact match
924,925,SERVER_LAN,N00847,N00865,True,Exact match
925,926,SERVER_LAN,N00847,N00925,True,Exact match
926,927,SERVER_LAN,N00847,N00940,True,Exact match
927,928,SERVER_LAN,N00847,N00976,True,Exact match
928,929,SERVER_LAN,N00851,N00790,True,Exact match
929,930,SERVER_LAN,N00851,N00820,True,Exact match
930,931,SERVER_LAN,N00851,N00865,True,Exact match
931,932,SERVER_LAN,N00851,N00925,True,Exact match
932,933,SERVER_LAN,N00851,N00940,True,Exact match
933,934,SERVER_LAN,N00851,N00976,True,Exact match
934,935,SERVER_LAN,N00858,N00790,True,Exact match
935,936,SERVER_LAN,N00858,N00820,True,Exact match
936,937,SERVER_LAN,N00858,N00865,True,Exact match
937,938,SERVER_LAN,N00858,N00925,True,Exact match
938,939,SERVER_LAN,N00858,N00940,True,Exact match
939,940,SERVER_LAN,N00858,N00976,True,Exact match
940,941,SERVER_LAN,N00882,N00790,True,Exact match
941,942,SERVER_LAN,N00882,N00820,True,Exact match
942,943,SERVER_LAN,N00882,N00865,True,Exact match
943,944,SERVER_LAN,N00882,N00925,True,Exact match
944,945,SERVER_LAN,N00882,N00940,True,Exact match
945,946,SERVER_LAN,N00882,N00976,True,Exact match
946,947,SERVER_LAN,N00885,N00790,True,Exact match
947,948,SERVER_LAN,N00885,N00820,True,Exact match
948,949,SERVER_LAN,N00885,N00865,True,Exact match
949,950,SERVER_LAN,N00885,N00925,True,Exact match
950,951,SERVER_LAN,N00885,N00940,True,Exact match
951,952,SERVER_LAN,N00885,N00976,True,Exact match
952,953,SERVER_LAN,N00904,N00790,True,Exact match
953,954,SERVER_LAN,N00904,N00820,True,Exact match
954,955,SERVER_LAN,N00904,N00865,True,Exact match
955,956,SERVER_LAN,N00904,N00925,True,Exact match
956,957,SERVER_LAN,N00904,N00940,True,Exact match
957,958,SERVER_LAN,N00904,N00976,True,Exact match
958,959,SERVER_LAN,N00927,N00790,True,Exact match
959,960,SERVER_LAN,N00927,N00820,True,Exact match
960,961,SERVER_LAN,N00927,N00865,True,Exact match
961,962,SERVER_LAN,N00927,N00925,True,Exact match
962,963,SERVER_LAN,N00927,N00940,True,Exact match
963,964,SERVER_LAN,N00927,N00976,True,Exact match
964,965,SERVER_LAN,N00953,N00790,True,Exact match
965,966,SERVER_LAN,N00953,N00820,True,Exact match
966,967,SERVER_LAN,N00953,N00865,True,Exact match
967,968,SERVER_LAN,N00953,N00925,True,Exact match
968,969,SERVER_LAN,N00953,N00940,True,Exact match
969,970,SERVER_LAN,N00953,N00976,True,Exact match
970,971,SERVER_LAN,N00971,N00790,True,Exact match
971,972,SERVER_LAN,N00971,N00820,True,Exact match
972,973,SERVER_LAN,N00971,N00865,True,Exact match
973,974,SERVER_LAN,N00971,N00925,True,Exact match
974,975,SERVER_LAN,N00971,N00940,True,Exact match
975,976,SERVER_LAN,N00971,N00976,True,Exact match
976,977,SERVER_LAN,N00992,N00790,True,Exact match
977,978,SERVER_LAN,N00992,N00820,True,Exact match
978,979,SERVER_LAN,N00992,N00865,True,Exact match
979,980,SERVER_LAN,N00992,N00925,True,Exact match
980,981,SERVER_LAN,N00992,N00940,True,Exact match
981,982,SERVER_LAN,N00992,N00976,True,Exact match
982,983,SERVER_LAN,N00993,N00790,True,Exact match
983,984,SERVER_LAN,N00993,N00820,True,Exact match
984,985,SERVER_LAN,N00993,N00865,True,Exact match
985,986,SERVER_LAN,N00993,N00925,True,Exact match
986,987,SERVER_LAN,N00993,N00940,True,Exact match
987,988,SERVER_LAN,N00993,N00976,True,Exact match
988,989,USER_LAN,N00519,N00512,True,Exact match
989,990,USER_LAN,N00519,N00541,True,Exact match
990,991,USER_LAN,N00519,N00565,True,Exact match
991,992,USER_LAN,N00519,N00625,True,Exact match
992,993,USER_LAN,N00519,N00682,True,Exact match
993,994,USER_LAN,N00519,N00730,True,Exact match
994,995,USER_LAN,N00539,N00512,True,Exact match
995,996,USER_LAN,N00539,N00541,True,Exact match
996,997,USER_LAN,N00539,N00565,True,Exact match
997,998,USER_LAN,N00539,N00625,True,Exact match
998,999,USER_LAN,N00539,N00682,True,Exact match
999,1000,USER_LAN,N00539,N00730,True,Exact match
1000,1001,USER_LAN,N00545,N00512,True,Exact match
1001,1002,USER_LAN,N00545,N00541,True,Exact match
1002,1003,USER_LAN,N00545,N00565,True,Exact match
1003,1004,USER_LAN,N00545,N00625,True,Exact match
1004,1005,USER_LAN,N00545,N00682,True,Exact match
1005,1006,USER_LAN,N00545,N00730,True,Exact match
1006,1007,USER_LAN,N00563,N00512,True,Exact match
1007,1008,USER_LAN,N00563,N00541,True,Exact match
1008,1009,USER_LAN,N00563,N00565,True,Exact match
1009,1010,USER_LAN,N00563,N00625,True,Exact match
1010,1011,USER_LAN,N00563,N00682,True,Exact match
1011,1012,USER_LAN,N00563,N00730,True,Exact match
1012,1013,USER_LAN,N00568,N00512,True,Exact match
1013,1014,USER_LAN,N00568,N00541,True,Exact match
1014,1015,USER_LAN,N00568,N00565,True,Exact match
1015,1016,USER_LAN,N00568,N00625,True,Exact match
1016,1017,USER_LAN,N00568,N00682,True,Exact match
1017,1018,USER_LAN,N00568,N00730,True,Exact match
1018,1019,USER_LAN,N00572,N00512,True,Exact match
1019,1020,USER_LAN,N00572,N00541,True,Exact match
1020,1021,USER_LAN,N00572,N00565,True,Exact match
1021,1022,USER_LAN,N00572,N00625,True,Exact match
1022,1023,USER_LAN,N00572,N00682,True,Exact match
1023,1024,USER_LAN,N00572,N00730,True,Exact match
1024,1025,USER_LAN,N00579,N00512,True,Exact match
1025,1026,USER_LAN,N00579,N00541,True,Exact match
1026,1027,USER_LAN,N00579,N00565,True,Exact match
1027,1028,USER_LAN,N00579,N00625,True,Exact match
1028,1029,USER_LAN,N00579,N00682,True,Exact match
1029,1030,USER_LAN,N00579,N00730,True,Exact match
1030,1031,USER_LAN,N00582,N00512,True,Exact match
1031,1032,USER_LAN,N00582,N00541,True,Exact match
1032,1033,USER_LAN,N00582,N00565,True,Exact match
1033,1034,USER_LAN,N00582,N00625,True,Exact match
1034,1035,USER_LAN,N00582,N00682,True,Exact match
1035,1036,USER_LAN,N00582,N00730,True,Exact match
1036,1037,USER_LAN,N00594,N00512,True,Exact match
1037,1038,USER_LAN,N00594,N00541,True,Exact match
1038,1039,USER_LAN,N00594,N00565,True,Exact match
1039,1040,USER_LAN,N00594,N00625,True,Exact match
1040,1041,USER_LAN,N00594,N00682,True,Exact match
1041,1042,USER_LAN,N00594,N00730,True,Exact match
1042,1043,USER_LAN,N00644,N00512,True,Exact match
1043,1044,USER_LAN,N00644,N00541,True,Exact match
1044,1045,USER_LAN,N00644,N00565,True,Exact match
1045,1046,USER_LAN,N00644,N00625,True,Exact match
1046,1047,USER_LAN,N00644,N00682,True,Exact match
1047,1048,USER_LAN,N00644,N00730,True,Exact match
1048,1049,USER_LAN,N00654,N00512,True,Exact match
1049,1050,USER_LAN,N00654,N00541,True,Exact match
1050,1051,USER_LAN,N00654,N00565,True,Exact match
1051,1052,USER_LAN,N00654,N00625,True,Exact match
1052,1053,USER_LAN,N00654,N00682,True,Exact match
1053,1054,USER_LAN,N00654,N00730,True,Exact match
1054,1055,USER_LAN,N00666,N00512,True,Exact match
1055,1056,USER_LAN,N00666,N00541,True,Exact match
1056,1057,USER_LAN,N00666,N00565,True,Exact match
1057,1058,USER_LAN,N00666,N00625,True,Exact match
1058,1059,USER_LAN,N00666,N00682,True,Exact match
1059,1060,USER_LAN,N00666,N00730,True,Exact match
1060,1061,USER_LAN,N00668,N00512,True,Exact match
1061,1062,USER_LAN,N00668,N00541,True,Exact match
1062,1063,USER_LAN,N00668,N00565,True,Exact match
1063,1064,USER_LAN,N00668,N00625,True,Exact match
1064,1065,USER_LAN,N00668,N00682,True,Exact match
1065,1066,USER_LAN,N00668,N00730,True,Exact match
1066,1067,USER_LAN,N00675,N00512,True,Exact match
1067,1068,USER_LAN,N00675,N00541,True,Exact match
1068,1069,USER_LAN,N00675,N00565,True,Exact match
1069,1070,USER_LAN,N00675,N00625,True,Exact match
1070,1071,USER_LAN,N00675,N00682,True,Exact match
1071,1072,USER_LAN,N00675,N00730,True,Exact match
1072,1073,USER_LAN,N00678,N00512,True,Exact match
1073,1074,USER_LAN,N00678,N00541,True,Exact match
1074,1075,USER_LAN,N00678,N00565,True,Exact match
1075,1076,USER_LAN,N00678,N00625,True,Exact match
1076,1077,USER_LAN,N00678,N00682,True,Exact match
1077,1078,USER_LAN,N00678,N00730,True,Exact match
1078,1079,USER_LAN,N00699,N00512,True,Exact match
1079,1080,USER_LAN,N00699,N00541,True,Exact match
1080,1081,USER_LAN,N00699,N00565,True,Exact match
1081,1082,USER_LAN,N00699,N00625,True,Exact match
1082,1083,USER_LAN,N00699,N00682,True,Exact match
1083,1084,USER_LAN,N00699,N00730,True,Exact match
1084,1085,USER_LAN,N00716,N00512,True,Exact match
1085,1086,USER_LAN,N00716,N00541,True,Exact match
1086,1087,USER_LAN,N00716,N00565,True,Exact match
1087,1088,USER_LAN,N00716,N00625,True,Exact match
1088,1089,USER_LAN,N00716,N00682,True,Exact match
1089,1090,USER_LAN,N00716,N00730,True,Exact match
1090,1091,USER_LAN,N00720,N00512,True,Exact match
1091,1092,USER_LAN,N00720,N00541,True,Exact match
1092,1093,USER_LAN,N00720,N00565,True,Exact match
1093,1094,USER_LAN,N00720,N00625,True,Exact match
1094,1095,USER_LAN,N00720,N00682,True,Exact match
1095,1096,USER_LAN,N00720,N00730,True,Exact match
1096,1097,USER_LAN,N00721,N00512,True,Exact match
1097,1098,USER_LAN,N00721,N00541,True,Exact match
1098,1099,USER_LAN,N00721,N00565,True,Exact match
1099,1100,USER_LAN,N00721,N00625,True,Exact match
1100,1101,USER_LAN,N00721,N00682,True,Exact match
1101,1102,USER_LAN,N00721,N00730,True,Exact match
1102,1103,USER_LAN,N00725,N00512,True,Exact match
1103,1104,USER_LAN,N00725,N00541,True,Exact match
1104,1105,USER_LAN,N00725,N00565,True,Exact match
1105,1106,USER_LAN,N00725,N00625,True,Exact match
1106,1107,USER_LAN,N00725,N00682,True,Exact match
1107,1108,USER_LAN,N00725,N00730,True,Exact match
